AREA,COUNTY,COUNTY_NAM,CTYSOSID,DATA,DISTRICT,FIPS2,ID,PRECINCT_I,PRECINCT_N,income_r_1,income_rac
0.27,60,FULTON,121UC034,1585,121UC034,121,884305,UC034,UC034,49669.0000975,black
1.42,31,CLAYTON,063RD02,489,063RD02,063,906458,RD02,RIVERDALE 2,48828.1436927,black
1.25,31,CLAYTON,063JB12,460,063JB12,063,906514,JB12,JONESBORO 12,52807.9999916,black
1.38,31,CLAYTON,063RD12,499,063RD12,063,906550,RD12,RIVERDALE 12,56430.6573469,black
2.71,60,FULTON,121SC212,1527,121SC212,121,865539,SC212,SC212,49669.0,black
1.93,60,FULTON,121FA01B,1424,121FA01B,121,865657,FA01B,FA01B,49669.0,black
15.12,60,FULTON,121FA01A,1423,121FA01A,121,856612,FA01A,FA01A,60801.4212202,black
2.82,67,GWINNETT,1352,1659,1352,135,4914136,2,ROCKBRIDGE A,66640.9990353,black
3.08,67,GWINNETT,13575,1732,13575,135,4914201,75,ROCKBRIDGE C,68494.6886219,black
11.04,60,FULTON,121PA01,1469,121PA01,121,848913,PA01,PA01,45172.5612156,white
0.02,60,FULTON,121CH04B,1400,121CH04B,121,849089,CH04B,CH04B,41282.0,white
1.93,31,CLAYTON,063JB17,465,063JB17,063,1060127,JB17,JONESBORO 17,43596.1683036,black
1.49,31,CLAYTON,063JB02,450,063JB02,063,1060189,JB02,JONESBORO 2,49034.3307719,black
1.33,31,CLAYTON,063RD09,496,063RD09,063,1060238,RD09,RIVERDALE 9,50495.8311885,black
0.98,31,CLAYTON,063JB16,464,063JB16,063,1060297,JB16,JONESBORO 16,40743.0448871,black
1.12,31,CLAYTON,063RD05,492,063RD05,063,1060357,RD05,RIVERDALE 5,50020.9999236,black
4.09,31,CLAYTON,063JB03,451,063JB03,063,1060412,JB03,JONESBORO 3,56598.5908975,black
1.51,31,CLAYTON,063JB10,458,063JB10,063,1060513,JB10,JONESBORO 10,44499.2552632,black
1.26,31,CLAYTON,063JB09,457,063JB09,063,1060578,JB09,JONESBORO 9,35822.5347114,black
2.44,44,DEKALB,089FG,847,089FG,089,4876383,FG,FLAT ROCK ELEM,64793.0,black
8.53,44,DEKALB,089CF,812,089CF,089,4876418,CF,CANDLER-MURPHEY CAND,64793.0000217,black
1.23,60,FULTON,121JC08,1435,121JC08,121,4865051,JC08,JC08,126335.99752,white
0.72,60,FULTON,121JC05,1432,121JC05,121,4865113,JC05,JC05,98246.0388369,
0.13,60,FULTON,121JC04B,1431,121JC04B,121,4865156,JC04B,JC04B,113558.0,white
0.16,60,FULTON,121JC03A,1428,121JC03A,121,4865181,JC03A,JC03A,98246.0004352,
1.44,60,FULTON,121JC04A,1430,121JC04A,121,4865211,JC04A,JC04A,163061.374152,white
0.56,60,FULTON,121JC03B,1429,121JC03B,121,4865253,JC03B,JC03B,98246.0002512,
1.73,60,FULTON,121JC06,1433,121JC06,121,4865282,JC06,JC06,126336.000022,white
2.33,67,GWINNETT,135111,1768,135111,135,4865324,111,DULUTH H,76509.2838063,
2.66,60,FULTON,121JC02,1427,121JC02,121,4865372,JC02,JC02,119965.050347,
1.47,44,DEKALB,089FE,846,089FE,089,4655028,FE,FLAT SHOALS PARKWAY,65591.1473802,black
1.21,44,DEKALB,089CG,813,089CG,089,4655092,CG,CHAPEL HILL ELEM,72421.3486141,black
3.45,44,DEKALB,089KD,871,089KD,089,4655353,KD,KING-ML KING JR HIGH,75793.7897241,black
2.46,44,DEKALB,089BJ,803,089BJ,089,4655418,BJ,BROWNS MILL ELEM,69589.6873835,black
1.98,44,DEKALB,089OV,912,089OV,089,4646997,OV,OAK VIEW ELEM,51142.8983879,black
3.26,44,DEKALB,089HH,862,089HH,089,4647062,HH,NARVIE J HARRIS ELEM,59598.6970728,black
1.67,44,DEKALB,089FK,849,089FK,089,4647130,FK,FLAKES MILL FIRE STA,74727.9999779,black
0.79,44,DEKALB,089SB,937,089SB,089,4637993,SB,SCOTT,70105.1177822,white
0.87,44,DEKALB,089MG,887,089MG,089,4638066,MG,MEDLOCK,69707.7390984,white
1.03,44,DEKALB,089CJ,816,089CJ,089,4638128,CJ,CLAIRMONT ROAD,79524.7953418,white
1.59,31,CLAYTON,063JB08,456,063JB08,063,4638195,JB08,JONESBORO 8,44427.2567272,black
1.29,31,CLAYTON,063MO8,480,063MO8,063,4638260,MO8,MORROW 8,54253.9085824,black
2.92,31,CLAYTON,063MO5,477,063MO5,063,4638309,MO5,MORROW 5,64404.8017229,black
1.9,31,CLAYTON,063RD07,494,063RD07,063,4544214,RD07,RIVERDALE 7,39854.7245755,black
4.62,31,CLAYTON,063FP3,445,063FP3,063,4544279,FP3,FOREST PARK 3,35993.1132663,
1.68,31,CLAYTON,063RD06,493,063RD06,063,4544380,RD06,RIVERDALE 6,36949.3305338,black
2.31,31,CLAYTON,063JB15,463,063JB15,063,4544453,JB15,JONESBORO 15,35178.5895145,black
2.33,31,CLAYTON,063FP5,447,063FP5,063,4544524,FP5,FOREST PARK 5,37037.8752304,
0.86,31,CLAYTON,063FP6,448,063FP6,063,4544594,FP6,FOREST PARK 6,46613.8230662,
1.88,31,CLAYTON,063RD04,491,063RD04,063,4538463,RD04,RIVERDALE 4,49299.9556957,black
0.78,60,FULTON,12111J,1349,12111J,121,4030419,11J,11J,41628.0000181,black
3.18,60,FULTON,121SC23A,1529,121SC23A,121,4030469,SC23A,SC23A,56054.9410052,black
1.17,31,CLAYTON,063RD11,498,063RD11,063,4030538,RD11,RIVERDALE 11,65591.2016586,black
0.97,60,FULTON,121SC27,1531,121SC27,121,4030602,SC27,SC27,43809.1670036,black
0.38,60,FULTON,121CP083,1416,121CP083,121,4030651,CP083,CP083,41166.0,black
0.2,60,FULTON,121CP08A,1418,121CP08A,121,4030710,CP08A,CP08A,57248.9999496,white
1.94,31,CLAYTON,063RD08,495,063RD08,063,4030748,RD08,RIVERDALE 8,62179.274513,black
3.46,60,FULTON,121SC08B,1504,121SC08B,121,4013924,SC08B,SC08B,43010.1486789,black
1.22,60,FULTON,121SC29A,1532,121SC29A,121,4014046,SC29A,SC29A,49669.0001547,black
0.71,60,FULTON,121SC23B,1530,121SC23B,121,4014094,SC23B,SC23B,54597.9959849,black
0.95,60,FULTON,121SC09B,1511,121SC09B,121,4014125,SC09B,SC09B,46959.0854889,black
0.81,60,FULTON,121SC11B,1514,121SC11B,121,4014175,SC11B,SC11B,56759.9999777,black
0.83,60,FULTON,121SC11A,1513,121SC11A,121,4014221,SC11A,SC11A,56759.9999747,black
0.17,60,FULTON,121SC08D,1506,121SC08D,121,4014346,SC08D,SC08D,39694.0,black
0.55,60,FULTON,121UC01B,1576,121UC01B,121,4014370,UC01B,UC01B,39848.998953,black
1.28,60,FULTON,121SC09A,1510,121SC09A,121,4014446,SC09A,SC09A,44086.6969134,black
2.42,60,FULTON,121UC01A,1575,121UC01A,121,4007941,UC01A,UC01A,49338.6179548,black
2.28,60,FULTON,121UC031,1582,121UC031,121,4008004,UC031,UC031,51926.3173636,black
0.23,60,FULTON,121SC08E,1507,121SC08E,121,4008090,SC08E,SC08E,49346.9978534,black
0.27,60,FULTON,121UC035,1586,121UC035,121,4008147,UC035,UC035,50266.6137287,black
0.85,60,FULTON,121UC01D,1578,121UC01D,121,4008245,UC01D,UC01D,48657.0,black
0.15,60,FULTON,121SC17B,1520,121SC17B,121,4008306,SC17B,SC17B,48657.0,black
11.0,60,FULTON,121SC07A,1501,121SC07A,121,3974577,SC07A,SC07A,64043.8404756,black
17.58,60,FULTON,121CH03,1398,121CH03,121,3886504,CH03,CH03,41282.0,white
5.24,60,FULTON,121CH02,1397,121CH02,121,3886642,CH02,CH02,41282.0000023,white
2.77,60,FULTON,121CH01,1396,121CH01,121,3886700,CH01,CH01,41282.0,white
17.33,60,FULTON,121SC04,1497,121SC04,121,3886746,SC04,SC04,51949.8440986,white
18.69,60,FULTON,121CH05,1401,121CH05,121,797909,CH05,CH05,41282.0,white
6.8,60,FULTON,121CH04A,1399,121CH04A,121,798082,CH04A,CH04A,41282.0,white
2.69,31,CLAYTON,063JB18,466,063JB18,063,1073521,JB18,JONESBORO 18,52205.8454371,black
2.9,31,CLAYTON,063JB11,459,063JB11,063,1073600,JB11,JONESBORO 11,71803.0289449,black
2.02,31,CLAYTON,063JB07,455,063JB07,063,1073694,JB07,JONESBORO 7,61414.1036329,black
3.84,31,CLAYTON,063JB06,454,063JB06,063,1073760,JB06,JONESBORO 6,98786.0904393,white
0.14,60,FULTON,121UC032,1583,121UC032,121,890832,UC032,UC032,49669.0000862,black
1.76,60,FULTON,121SC211,1526,121SC211,121,890867,SC211,SC211,54300.2067363,black
1.94,31,CLAYTON,063JB01,449,063JB01,063,898570,JB01,JONESBORO 1,39933.0779979,black
1.68,31,CLAYTON,063PH1,486,063PH1,063,1053163,PH1,PANHANDLE 1,71320.0,black
2.08,31,CLAYTON,063JB13,461,063JB13,063,1053201,JB13,JONESBORO 13,61686.8245944,black
1.85,31,CLAYTON,063LJ4,471,063LJ4,063,1053254,LJ4,LOVEJOY 4,62823.9968421,black
1.17,31,CLAYTON,063LJ5,472,063LJ5,063,1053297,LJ5,LOVEJOY 5,48898.9998072,black
10.67,31,CLAYTON,063PH2,487,063PH2,063,1044861,PH2,PANHANDLE 2,71320.0,black
1.49,31,CLAYTON,063JB04,452,063JB04,063,1067981,JB04,JONESBORO 4,37524.6059607,black
7.56,31,CLAYTON,063LJ3,470,063LJ3,063,1068024,LJ3,LOVEJOY 3,66907.0979587,black
6.59,31,CLAYTON,063LJ1,468,063LJ1,063,1068127,LJ1,LOVEJOY 1,50463.5165331,black
4.84,31,CLAYTON,063LJ2,469,063LJ2,063,1068221,LJ2,LOVEJOY 2,59069.9955964,black
1.42,31,CLAYTON,063JB05,453,063JB05,063,1068289,JB05,JONESBORO 5,62825.0,black
3.61,31,CLAYTON,063JB14,462,063JB14,063,1068337,JB14,JONESBORO 14,66969.206291,black
4.55,67,GWINNETT,135147,1804,135147,135,5075546,147,BAYCREEK I,90842.5664644,
7.52,67,GWINNETT,13580,1737,13580,135,5075606,80,BAYCREEK C,84393.7784348,
2.27,67,GWINNETT,13590,1747,13590,135,5075667,90,LAWRENCEVILLE I,57021.6103245,
2.33,67,GWINNETT,13585,1742,13585,135,5075729,85,LAWRENCEVILLE H,88378.1611122,white
1.38,67,GWINNETT,135132,1789,135132,135,5075788,132,LAWRENCEVILLE K,87845.014055,white
4.06,67,GWINNETT,13560,1717,13560,135,5075831,60,LAWRENCEVILLE D,62617.0986675,
3.18,67,GWINNETT,13542,1699,13542,135,5075925,42,LAWRENCEVILLE C,86150.1992045,white
4.27,67,GWINNETT,1359,1666,1359,135,5219882,9,PUCKETTS A,80975.999975,white
4.39,67,GWINNETT,135135,1792,135135,135,5220026,135,PUCKETTS C,90506.7657347,white
6.33,67,GWINNETT,1353,1660,1353,135,5093428,3,DACULA,88376.2428555,white
2.43,67,GWINNETT,135152,1809,135152,135,5093509,152,ROCKYCREEK C,92688.0017271,white
2.39,67,GWINNETT,135137,1794,135137,135,5093552,137,ROCKYCREEK B,80511.0777688,white
3.01,67,GWINNETT,135154,1811,135154,135,5093594,154,PUCKETTS D,80791.9673805,white
3.03,67,GWINNETT,1358,1665,1358,135,5093659,8,DUNCANS A,110889.981861,white
1.6,67,GWINNETT,13513,1670,13513,135,5093729,13,DUNCANS C,111087.0,white
4.15,60,FULTON,121RW09,1479,121RW09,121,5093769,RW09,RW09,176443.563528,white
3.41,67,GWINNETT,135108,1765,135108,135,5066269,108,BAYCREEK E,80886.0366707,
5.08,67,GWINNETT,135145,1802,135145,135,5066342,145,BAYCREEK G,76761.3788658,white
7.92,67,GWINNETT,135146,1803,135146,135,5066508,146,BAYCREEK H,82443.0556252,white
3.41,67,GWINNETT,13591,1748,13591,135,5066591,91,BAYCREEK D,94098.1579451,white
11.28,67,GWINNETT,135133,1790,135133,135,5521053,133,HARBINS B,82440.026504,white
7.04,67,GWINNETT,13528,1685,13528,135,5521161,28,ROCKYCREEK A,103858.05682,white
6.29,67,GWINNETT,135129,1786,135129,135,5521221,129,DUNCANS B,111273.950701,white
7.06,67,GWINNETT,13539,1696,13539,135,5646016,39,DUNCANS D,111722.999983,white
4.4,67,GWINNETT,135104,1761,135104,135,4973944,104,ROCKBRIDGE F,74483.9951314,black
3.91,67,GWINNETT,13576,1733,13576,135,4974009,76,ROCKBRIDGE D,74483.9999396,black
1.42,67,GWINNETT,13552,1709,13552,135,4974227,52,BERKSHIRE G,86326.5441964,white
13.74,67,GWINNETT,1351,1658,1351,135,5511983,1,HARBINS A,77447.9999908,white
5.93,67,GWINNETT,135151,1808,135151,135,5512082,151,HARBINS C,77448.0000003,white
1.3,33,COBB,067WL01,649,067WL01,067,4313752,WL01,WILLEO 01,136873.844336,white
0.25,60,FULTON,121RW07B,1477,121RW07B,121,4785216,RW07B,RW07B,45170.9301991,hispanic
0.45,60,FULTON,121AP03,1380,121AP03,121,4785253,AP03,AP03,57454.0000093,
2.73,60,FULTON,121RW05,1474,121RW05,121,4785283,RW05,RW05,58003.9855617,
1.4,60,FULTON,121AP021,1377,121AP021,121,4785367,AP021,AP021,110781.941078,white
1.25,60,FULTON,121RW06,1475,121RW06,121,4785430,RW06,RW06,93606.2385029,white
2.31,60,FULTON,121RW13,1484,121RW13,121,4785484,RW13,RW13,103843.601204,white
1.55,60,FULTON,121AP01D,1375,121AP01D,121,4785583,AP01D,AP01D,81158.1907624,white
0.86,60,FULTON,121AP02B,1379,121AP02B,121,4785645,AP02B,AP02B,61654.999889,
1.73,60,FULTON,121AP022,1378,121AP022,121,4785688,AP022,AP022,61655.0002753,
0.81,60,FULTON,121AP01B,1373,121AP01B,121,4785752,AP01B,AP01B,84909.9999854,
1.44,31,CLAYTON,063RD01,488,063RD01,063,4036274,RD01,RIVERDALE 1,59697.5995614,black
1.45,31,CLAYTON,063RD03,490,063RD03,063,4036334,RD03,RIVERDALE 3,48284.7791155,black
1.21,31,CLAYTON,063OAK4,485,063OAK4,063,4036418,OAK4,OAK 4,50172.3189563,black
1.01,31,CLAYTON,063OAK2,483,063OAK2,063,4036474,OAK2,OAK 2,46756.5878746,black
0.88,31,CLAYTON,063RD10,497,063RD10,063,4036533,RD10,RIVERDALE 10,31847.5402106,black
2.26,31,CLAYTON,063OAK3,484,063OAK3,063,4036579,OAK3,OAK 3,34426.8627647,black
0.76,60,FULTON,121CP06,1410,121CP06,121,4036644,CP06,CP06,57248.9999336,white
0.25,60,FULTON,121CP05B,1409,121CP05B,121,4036697,CP05B,CP05B,35056.3167721,black
0.08,60,FULTON,121CP07D,1413,121CP07D,121,4036726,CP07D,CP07D,35016.0,black
1.28,60,FULTON,121RW08,1478,121RW08,121,4770756,RW08,RW08,104907.832885,white
1.38,60,FULTON,121RW18,1488,121RW18,121,4770800,RW18,RW18,152029.727253,white
1.48,60,FULTON,121RW16,1486,121RW16,121,4770852,RW16,RW16,110849.313211,white
2.4,60,FULTON,121RW12,1483,121RW12,121,4770890,RW12,RW12,113046.672824,white
1.08,44,DEKALB,089DI,836,089DI,089,4770952,DI,DUNWOODY LIBRARY (DU,159717.823872,white
1.23,44,DEKALB,089AD,789,089AD,089,4771006,AD,AUSTIN,157989.300633,white
1.09,44,DEKALB,089MQ,897,089MQ,089,4771060,MQ,MOUNT VERNON EAST (D,146753.47041,white
0.4,60,FULTON,121SS15B,1561,121SS15B,121,4771112,SS15B,SS15B,72017.9998374,
3.47,60,FULTON,121SS17,1563,121SS17,121,4771146,SS17,SS17,46878.6732202,white
6.92,31,CLAYTON,063OAK1,482,063OAK1,063,4044457,OAK1,OAK 1,40769.3914333,black
1.09,60,FULTON,121CP02,1405,121CP02,121,4044614,CP02,CP02,79794.9668548,
0.15,60,FULTON,121CP01B,1404,121CP01B,121,4044714,CP01B,CP01B,79794.9992581,
1.39,33,COBB,067VG01,644,067VG01,067,4251043,VG01,VININGS 01,88765.7888437,white
1.1,60,FULTON,12109F,1319,12109F,121,4251121,09F,09F,92955.4619794,white
0.38,60,FULTON,12108N2,1312,12108N2,121,4251171,08N2,08N2,221381.421359,white
0.49,60,FULTON,12108N1,1311,12108N1,121,4251207,08N1,08N1,221299.000193,white
1.45,60,FULTON,12108F1,1303,12108F1,121,4251244,08F1,08F1,226070.090638,white
3.25,60,FULTON,12108A,1298,12108A,121,4251295,08A,08A,263565.203108,white
0.94,60,FULTON,12108D,1301,12108D,121,4251371,08D,08D,255725.654679,white
2.4,33,COBB,067CA01,520,067CA01,067,4259115,CA01,CHATTAHOOCHEE 01,67115.7864348,
1.3,33,COBB,067TM01,641,067TM01,067,4259191,TM01,TERRELL MILL 01,62734.6678864,
2.85,33,COBB,067SO02,637,067SO02,067,4259309,SO02,SOPE CREEK 02,109556.046759,white
4.12,60,FULTON,121SS09A,1550,121SS09A,121,4259387,SS09A,SS09A,66325.2756171,white
2.49,33,COBB,067SO03,638,067SO03,067,4259455,SO03,SOPE CREEK 03,166386.08086,white
2.56,60,FULTON,121SS16,1562,121SS16,121,4259505,SS16,SS16,58034.0000791,
2.19,60,FULTON,121AP09A,1387,121AP09A,121,4848415,AP09A,AP09A,105645.403973,white
1.83,67,GWINNETT,135121,1778,135121,135,4848474,121,PINCKNEYVILLE X,112622.830828,white
4.79,67,GWINNETT,13540,1697,13540,135,4848523,40,PINCKNEYVILLE H,88833.7062525,
3.34,60,FULTON,121JC12,1439,121JC12,121,4848626,JC12,JC12,170409.619398,white
1.89,67,GWINNETT,13599,1756,13599,135,4848690,99,PINCKNEYVILLE T,63661.8072709,
0.66,60,FULTON,121SS15A,1560,121SS15A,121,4763972,SS15A,SS15A,44353.0003431,black
2.48,33,COBB,067RW01,621,067RW01,067,4764015,RW01,ROSWELL 01,135308.349366,white
2.53,60,FULTON,121RW02,1471,121RW02,121,4764088,RW02,RW02,142982.961069,white
2.2,60,FULTON,121RW10,1480,121RW10,121,4764155,RW10,RW10,121373.989042,white
2.27,60,FULTON,121RW15,1485,121RW15,121,4764210,RW15,RW15,166033.558256,white
4.01,60,FULTON,121RW01,1470,121RW01,121,4764273,RW01,RW01,108603.189828,white
3.03,60,FULTON,121RW03,1472,121RW03,121,4764348,RW03,RW03,71633.4028417,
1.9,67,GWINNETT,135155,1812,135155,135,5034183,155,SUWANEE G,120739.198901,white
3.29,67,GWINNETT,135140,1797,135140,135,5034227,140,SUWANEE H,145658.999772,white
1.72,67,GWINNETT,13517,1674,13517,135,5034287,17,MARTINS A,59083.7728671,
3.72,67,GWINNETT,13577,1734,13577,135,5034337,77,GOODWINS C,67035.1992435,
2.8,67,GWINNETT,13597,1754,13597,135,5034415,97,GOODWINS E,83664.9144076,
2.52,33,COBB,067LM02,567,067LM02,067,3958663,LM02,LOST MOUNTAIN 02,132393.217757,white
2.33,33,COBB,067FR01,547,067FR01,067,3958718,FR01,FORD 01,140268.115179,white
3.18,33,COBB,067DU01,532,067DU01,067,3958775,DU01,DURHAM 01,122343.99999,white
5.54,33,COBB,067KP03,563,067KP03,067,3958825,KP03,KEMP 03,123383.605978,white
2.45,33,COBB,067FY01,548,067FY01,067,3958891,FY01,FREY 01,121066.425676,white
2.02,33,COBB,067LM04,569,067LM04,067,3958944,LM04,LOST MOUNTAIN 04,130492.169301,white
9.31,33,COBB,067MS01,593,067MS01,067,3958991,MS01,MARS HILL 01,105760.970971,white
1.48,33,COBB,067LW01,570,067LW01,067,3959109,LW01,LEWIS 01,99747.7968572,white
2.27,67,GWINNETT,135131,1788,135131,135,5047868,131,SUWANEE E,145658.999952,white
2.21,67,GWINNETT,1354,1661,1354,135,5047916,4,SUWANEE A,100037.072778,white
2.17,67,GWINNETT,13598,1755,13598,135,5047982,98,GOODWINS F,86616.2120716,white
2.76,67,GWINNETT,135142,1799,135142,135,5048051,142,SUWANEE F,108954.871969,
2.84,67,GWINNETT,135100,1757,135100,135,5048109,100,SUWANEE B,108992.821252,
2.38,67,GWINNETT,13530,1687,13530,135,5048163,30,CATES C,70953.6404458,
2.13,67,GWINNETT,13570,1727,13570,135,5084595,70,GOODWINS B,102252.99995,white
2.75,67,GWINNETT,13526,1683,13526,135,5084641,26,HOG MOUNTAIN A,82901.170437,
2.16,67,GWINNETT,13531,1688,13531,135,5084696,31,HOG MOUNTAIN D,89986.5605277,white
4.43,67,GWINNETT,135136,1793,135136,135,5084745,136,HOG MOUNTAIN C,80519.2148583,white
4.87,67,GWINNETT,13567,1724,13567,135,5084801,67,PUCKETTS E,80968.0378222,white
2.41,67,GWINNETT,13571,1728,13571,135,5084859,71,LAWRENCEVILLE F,80776.9390566,
4.5,67,GWINNETT,135144,1801,135144,135,5084911,144,LAWRENCEVILLE M,70796.5579162,
5.63,67,GWINNETT,13527,1684,13527,135,5084980,27,HOG MOUNTAIN B,86588.316059,white
1.83,33,COBB,067FP01,546,067FP01,067,4302647,FP01,FULLERS PARK 01,130850.90241,white
1.87,33,COBB,067SM01,626,067SM01,067,4302716,SM01,SEWELL MILL 01,125454.990659,white
1.94,33,COBB,067MD01,577,067MD01,067,4302796,MD01,MURDOCK 01,126857.326326,white
1.99,33,COBB,067MT04,597,067MT04,067,4302856,MT04,MT BETHEL 04,209538.999635,white
1.67,33,COBB,067EA01,534,067EA01,067,4302911,EA01,EASTSIDE 01,122972.150886,white
1.19,33,COBB,067DO01,531,067DO01,067,4302972,DO01,DODGEN 01,135135.423006,white
1.43,33,COBB,067CR01,527,067CR01,067,4303023,CR01,CHESTNUT RIDGE 01,126045.486549,white
1.67,33,COBB,067RW02,622,067RW02,067,4303089,RW02,ROSWELL 02,153556.991168,white
1.96,33,COBB,067WG02,648,067WG02,067,4189043,WG02,WADE GREEN 02,84696.1926927,white
1.11,33,COBB,067BG02,513,067BG02,067,4189087,BG02,BIG SHANTY 02,101215.728602,white
1.03,33,COBB,067PT01,618,067PT01,067,4189152,PT01,PITNER 01,111668.999885,white
3.75,33,COBB,067CK01,523,067CK01,067,4189207,CK01,CHALKER 01,57427.9083144,white
1.55,33,COBB,067PR01,614,067PR01,067,4189282,PR01,PALMER 01,87389.9386063,white
3.58,33,COBB,067BF03,511,067BF03,067,4189336,BF03,BELLS FERRY 03,77375.5927994,white
0.37,60,FULTON,12103E,1237,12103E,121,4088718,03E,03E,19653.4983947,black
0.22,60,FULTON,12104J,1256,12104J,121,4088790,04J,04J,25242.292842,black
0.27,60,FULTON,12103L,1242,12103L,121,4088850,03L,03L,60667.9997259,black
0.71,60,FULTON,12103M,1243,12103M,121,4088903,03M,03M,57334.3119909,white
0.69,60,FULTON,12103N,1244,12103N,121,4088960,03N,03N,29787.4994217,black
0.57,60,FULTON,12109G1,1320,12109G1,121,4089035,09G1,09G1,67895.0182723,white
1.26,60,FULTON,12109G2,1321,12109G2,121,4089071,09G2,09G2,67895.0000883,white
0.44,60,FULTON,12109H,1322,12109H,121,4089133,09H,09H,67895.0,white
1.06,60,FULTON,12108M,1310,12108M,121,4709230,08M,08M,135365.035419,white
0.58,60,FULTON,12107J,1295,12107J,121,4709303,07J,07J,125829.486437,white
0.45,60,FULTON,12107H,1294,12107H,121,4709350,07H,07H,129059.000016,white
0.57,60,FULTON,12108G,1305,12108G,121,4709398,08G,08G,118764.009889,white
2.09,60,FULTON,12108C,1300,12108C,121,4709445,08C,08C,256389.389374,white
2.0,60,FULTON,12108B,1299,12108B,121,4709523,08B,08B,245507.920083,white
0.53,60,FULTON,12106I,1280,12106I,121,4709617,06I,06I,69900.5230237,
3.24,33,COBB,067MT01,595,067MT01,067,4756800,MT01,MT BETHEL 01,157721.753009,white
0.25,60,FULTON,121SS18B,1565,121SS18B,121,4756865,SS18B,SS18B,90477.0004194,white
1.22,33,COBB,067TR01,642,067TR01,067,4756891,TR01,TIMBER RIDGE 01,157506.254459,white
0.51,60,FULTON,121SS02A,1537,121SS02A,121,4756935,SS02A,SS02A,90477.0,white
1.08,60,FULTON,121SS19B,1567,121SS19B,121,4756981,SS19B,SS19B,77423.006892,white
1.02,60,FULTON,121SS19A,1566,121SS19A,121,4757024,SS19A,SS19A,66247.9391108,
0.0,60,FULTON,121SS29B,1573,121SS29B,121,4757069,SS29B,SS29B,103129.0,
0.76,60,FULTON,121SS26,1571,121SS26,121,4757085,SS26,SS26,57995.7841135,
0.94,60,FULTON,121SS20,1568,121SS20,121,4757134,SS20,SS20,68393.6845785,
2.37,60,FULTON,121SS22,1569,121SS22,121,4757210,SS22,SS22,52899.405147,
1.34,60,FULTON,121RW11A,1481,121RW11A,121,4757297,RW11A,RW11A,92566.1771281,white
1.11,60,FULTON,121RW19,1489,121RW19,121,5102293,RW19,RW19,187821.165651,white
1.35,60,FULTON,121ML012,1450,121ML012,121,5102342,ML012,ML012,177525.000024,white
1.22,60,FULTON,121ML01B,1451,121ML01B,121,5102394,ML01B,ML01B,178143.432728,white
0.89,60,FULTON,121AP04A,1381,121AP04A,121,5102464,AP04A,AP04A,138431.719885,white
3.24,60,FULTON,121ML011,1449,121ML011,121,5102527,ML011,ML011,177524.999989,white
0.34,60,FULTON,121AP04B,1382,121AP04B,121,5102671,AP04B,AP04B,177524.999495,white
0.61,60,FULTON,12105A2,1267,12105A2,121,4587698,05A2,05A2,74509.8315883,white
0.17,60,FULTON,12103G,1239,12103G,121,4587787,03G,03G,15389.0001477,black
0.5,60,FULTON,12103T,1248,12103T,121,4587836,03T,03T,44311.8871663,black
0.16,60,FULTON,12103P2,1246,12103P2,121,4587898,03P2,03P2,21209.0,black
0.36,60,FULTON,12104F,1253,12104F,121,4587937,04F,04F,49896.5106383,white
0.62,60,FULTON,12103P1A,1245,12103P1A,121,4587984,03P1A,03P1A,53680.0186107,white
0.83,60,FULTON,12103I,1241,12103I,121,4588058,03I,03I,66113.854176,
0.92,60,FULTON,121AP06,1384,121AP06,121,5109990,AP06,AP06,111870.317795,white
1.46,60,FULTON,121AP07B,1386,121AP07B,121,5110054,AP07B,AP07B,138287.349975,white
2.68,60,FULTON,121ML023,1454,121ML023,121,5110147,ML023,ML023,177681.167199,white
0.52,60,FULTON,121ML022,1453,121ML022,121,5110196,ML022,ML022,190427.0,white
0.49,60,FULTON,121AP10,1389,121AP10,121,5110217,AP10,AP10,169333.999407,white
2.57,60,FULTON,121ML04A,1457,121ML04A,121,5110267,ML04A,ML04A,163189.779537,white
1.99,60,FULTON,121AP07A,1385,121AP07A,121,5110337,AP07A,AP07A,90764.2214155,white
0.38,60,FULTON,121ML024,1455,121ML024,121,5110420,ML024,ML024,190426.999955,white
2.47,60,FULTON,121ML04B,1458,121ML04B,121,5110447,ML04B,ML04B,177112.076944,white
6.61,60,FULTON,121ML021,1452,121ML021,121,5123124,ML021,ML021,187591.470592,white
7.55,60,FULTON,121ML03,1456,121ML03,121,5123250,ML03,ML03,190427.0,white
2.07,60,FULTON,121ML07A,1467,121ML07A,121,5123328,ML07A,ML07A,190427.0,white
0.73,60,FULTON,121ML05B,1461,121ML05B,121,5123375,ML05B,ML05B,190427.0,white
0.89,60,FULTON,12112B,1356,12112B,121,4572674,12B,12B,48162.9999502,black
0.4,60,FULTON,12112S,1370,12112S,121,4572745,12S,12S,37724.9999756,black
0.91,60,FULTON,12101J,1214,12101J,121,4572780,01J,01J,30444.8270649,black
0.89,60,FULTON,12101C1,1206,12101C1,121,4572853,01C1,01C1,38173.0765435,black
0.38,60,FULTON,12112A,1355,12112A,121,4572959,12A,12A,48162.9996438,black
0.97,60,FULTON,12112K,1366,12112K,121,4573012,12K,12K,29682.5130538,black
0.3,60,FULTON,12112N,1369,12112N,121,4573078,12N,12N,28004.0125754,black
0.3,60,FULTON,12104B,1250,12104B,121,4573125,04B,04B,43957.3952996,black
7.22,67,GWINNETT,13555,1712,13555,135,5212434,55,SUGAR HILL D,64396.6603751,white
2.46,67,GWINNETT,135102,1759,135102,135,5212593,102,PUCKETTS B,79498.6926708,white
7.72,67,GWINNETT,13524,1681,13524,135,5207290,24,SUGAR HILL A,73604.6428598,
0.86,60,FULTON,12110K,1337,12110K,121,4070117,10K,10K,40334.9878689,black
0.96,60,FULTON,12110G,1333,12110G,121,4070173,10G,10G,38163.730312,black
0.72,60,FULTON,12111H,1348,12111H,121,4070229,11H,11H,44749.0923361,black
1.18,60,FULTON,12110J,1336,12110J,121,4070283,10J,10J,27505.4212903,black
0.96,60,FULTON,12112L,1367,12112L,121,4070328,12L,12L,24448.6012747,black
0.2,60,FULTON,12112G,1362,12112G,121,4070388,12G,12G,23800.0000513,black
0.61,60,FULTON,12112D,1358,12112D,121,4070426,12D,12D,23984.7763757,black
1.68,67,GWINNETT,135141,1798,135141,135,5189844,141,SUGAR HILL G,111178.852139,white
5.86,67,GWINNETT,13525,1682,13525,135,5189918,25,SUGAR HILL B,80193.2937559,white
2.68,67,GWINNETT,13589,1746,13589,135,5190056,89,SUGAR HILL E,88062.5945048,white
6.69,67,GWINNETT,13554,1711,13554,135,5190127,54,SUGAR HILL C,83876.5297412,white
0.49,60,FULTON,121MP01,1468,121MP01,121,4466510,MP01,MP01,175478.0,white
4.02,67,GWINNETT,135130,1787,135130,135,5176207,130,SUWANEE D,111176.408953,white
1.64,33,COBB,067DC01,528,067DC01,067,4309882,DC01,DICKERSON 01,132366.422976,white
1.45,33,COBB,067SA01,623,067SA01,067,4309943,SA01,SANDY PLAINS 01,126620.496246,white
1.5,33,COBB,067PP01,613,067PP01,067,4310004,PP01,POPE 01,133844.556198,white
0.81,33,COBB,067MB01,575,067MB01,067,4310058,MB01,MABRY 01,151583.999728,white
1.07,33,COBB,067DV01,533,067DV01,067,4310099,DV01,DAVIS 01,107699.0,white
1.44,33,COBB,067GM01,549,067GM01,067,4310135,GM01,GARRISON MILL 01,106741.00026,white
2.77,33,COBB,067PO01,612,067PO01,067,4310182,PO01,POST OAK 01,138681.999949,white
2.12,33,COBB,067HT01,553,067HT01,067,4310243,HT01,HIGHTOWER 01,145838.999948,white
1.73,33,COBB,067SF01,624,067SF01,067,4310313,SF01,SHALLOWFORD FALLS 01,137689.69657,white
0.02,60,FULTON,121ML05A,1460,121ML05A,121,5133692,ML05A,ML05A,169334.0,white
0.97,60,FULTON,121ML06A,1463,121ML06A,121,5133717,ML06A,ML06A,89105.4961093,white
2.54,60,FULTON,121AP12B,1391,121AP12B,121,5133795,AP12B,AP12B,163711.151849,white
2.47,60,FULTON,121ML05C,1462,121ML05C,121,5133844,ML05C,ML05C,131507.554028,white
0.22,60,FULTON,121ML04C,1459,121ML04C,121,5133912,ML04C,ML04C,184433.58675,white
0.12,60,FULTON,121ML071,1465,121ML071,121,5133935,ML071,ML071,190427.0,white
0.88,60,FULTON,121ML06B,1464,121ML06B,121,5133960,ML06B,ML06B,87754.0786291,white
2.94,60,FULTON,121SS09B,1551,121SS09B,121,4721384,SS09B,SS09B,107793.915474,white
0.39,60,FULTON,121SS13B,1558,121SS13B,121,4721461,SS13B,SS13B,170781.917706,white
0.12,60,FULTON,121SS11D,1555,121SS11D,121,4721504,SS11D,SS11D,92761.0000254,
0.47,60,FULTON,121SS11B,1553,121SS11B,121,4721528,SS11B,SS11B,92760.9877163,
1.13,60,FULTON,121SS06,1542,121SS06,121,4721564,SS06,SS06,69192.9977567,white
1.06,60,FULTON,121SS05,1541,121SS05,121,4721614,SS05,SS05,58602.0054561,
0.5,60,FULTON,121SS18A,1564,121SS18A,121,4721657,SS18A,SS18A,71783.7353125,
0.62,60,FULTON,121SS31,1574,121SS31,121,4721692,SS31,SS31,69229.1196899,white
0.68,60,FULTON,121SS03,1539,121SS03,121,4721728,SS03,SS03,69193.0003403,white
0.53,60,FULTON,121SS13A,1557,121SS13A,121,4721768,SS13A,SS13A,94140.0,white
0.91,60,FULTON,121SS11A,1552,121SS11A,121,4721812,SS11A,SS11A,98018.5278361,white
0.09,60,FULTON,121SS11C,1554,121SS11C,121,4721860,SS11C,SS11C,101716.448226,
0.75,60,FULTON,121SS14,1559,121SS14,121,4721892,SS14,SS14,162671.225707,white
0.85,60,FULTON,12108J,1307,12108J,121,4090002,08J,08J,138801.245249,white
1.41,31,CLAYTON,063FP4,446,063FP4,063,4549249,FP4,FOREST PARK 4,48873.5560823,
4.55,31,CLAYTON,063FP1,443,063FP1,063,4549326,FP1,FOREST PARK 1,37380.0730443,black
2.41,60,FULTON,121HP01,1425,121HP01,121,4549411,HP01,HP01,52696.9730183,
1.04,60,FULTON,12112E1,1359,12112E1,121,4549506,12E1,12E1,22402.7118397,black
2.81,60,FULTON,121AP05,1383,121AP05,121,5144364,AP05,AP05,158709.308464,white
3.1,60,FULTON,121ML072,1466,121ML072,121,5144483,ML072,ML072,190427.0,white
0.27,60,FULTON,121AP09B,1388,121AP09B,121,5144618,AP09B,AP09B,115719.401279,white
3.86,44,DEKALB,089CE,811,089CE,089,4749370,CE,CHAMBLEE (CHA),73394.4072516,
0.99,44,DEKALB,089HF,860,089HF,089,4749471,HF,HUNTLEY HILLS ELEM (,65928.9603339,
0.85,44,DEKALB,089PB,914,089PB,089,4749522,PB,PEACHTREE MIDDLE (DU,59632.0001897,
1.18,44,DEKALB,089DG,834,089DG,089,4749572,DG,DUNWOODY ELEM (DUN),145869.000002,white
0.67,44,DEKALB,089CH,814,089CH,089,4749626,CH,CHESNUT ELEM (DUN),72004.6906385,white
0.74,44,DEKALB,089TG,961,089TG,089,4749683,TG,TILLY MILL ROAD (DUN,102101.255157,white
1.54,33,COBB,067MT03,596,067MT03,067,4749740,MT03,MT BETHEL 03,168311.623111,white
3.6,33,COBB,067PE01,608,067PE01,067,4003178,PE01,PEBBLEBROOK 01,54717.0484505,black
2.97,33,COBB,067MA02,572,067MA02,067,4003261,MA02,MABLETON 02,59046.8462027,
5.63,33,COBB,067BT02,518,067BT02,067,4003418,BT02,BRYANT 02,40853.856121,black
1.5,33,COBB,067RS01,620,067RS01,067,4003495,RS01,RIVERSIDE 01,46848.0001011,black
5.82,33,COBB,067AU1A,509,067AU1A,067,4095535,AU1A,AUSTELL 1A,59962.8220394,black
4.35,60,FULTON,121SC05D,1500,121SC05D,121,3991842,SC05D,SC05D,87960.7627183,black
0.95,60,FULTON,121UC02B,1581,121UC02B,121,3991934,UC02B,UC02B,99633.9108888,black
2.61,60,FULTON,121SC05B,1499,121SC05B,121,3991990,SC05B,SC05B,101950.239027,black
0.02,60,FULTON,121SC08C,1505,121SC08C,121,3992064,SC08C,SC08C,48657.023764,black
7.09,60,FULTON,121SC18B,1523,121SC18B,121,3992084,SC18B,SC18B,101953.999923,black
2.27,33,COBB,067CL01,524,067CL01,067,4101823,CL01,CLARKDALE 01,60280.8508902,black
1.91,33,COBB,067PS2A,616,067PS2A,067,4101935,PS2A,POWDER SPRINGS 2A,66352.2386892,black
4.78,33,COBB,067CO01,526,067CO01,067,4102050,CO01,COOPER 01,64283.2503091,black
2.9,33,COBB,067OR02,604,067OR02,067,4102159,OR02,OREGON 02,89559.9998885,
7.41,60,FULTON,121SC13B,1516,121SC13B,121,3978694,SC13B,SC13B,56422.003735,white
0.44,60,FULTON,121SC05A,1498,121SC05A,121,3978805,SC05A,SC05A,58258.2233014,white
7.58,60,FULTON,121SC13A,1515,121SC13A,121,3978839,SC13A,SC13A,56422.0002889,white
1.68,60,FULTON,12109K,1324,12109K,121,4084183,09K,09K,31091.9225552,black
1.67,60,FULTON,12109M,1326,12109M,121,4084259,09M,09M,118699.999949,white
2.16,60,FULTON,12109E,1318,12109E,121,4084293,09E,09E,42531.6628892,black
2.57,60,FULTON,12109A,1314,12109A,121,4084366,09A,09A,100512.153848,
0.13,60,FULTON,12104C,1251,12104C,121,4084426,04C,04C,35651.9998104,black
0.49,60,FULTON,12103A,1233,12103A,121,4084464,03A,03A,27740.6627099,black
0.32,60,FULTON,12103D,1236,12103D,121,4084507,03D,03D,27340.0000291,black
0.23,60,FULTON,12103B,1234,12103B,121,4084562,03B,03B,27406.0000852,black
0.77,60,FULTON,12109I,1323,12109I,121,4084596,09I,09I,40775.9999983,black
2.97,33,COBB,067AC1B,506,067AC1B,067,3966274,AC1B,ACWORTH 1B,56038.6551555,white
3.16,33,COBB,067MC01,576,067MC01,067,4108549,MC01,MACLAND 01,70161.0019773,
3.17,33,COBB,067OR05,607,067OR05,067,4108618,OR05,OREGON 05,115053.218289,white
3.55,33,COBB,067KP02,562,067KP02,067,4108657,KP02,KEMP 02,99899.129528,white
2.94,33,COBB,067OR04,606,067OR04,067,4108708,OR04,OREGON 04,67348.9999932,
2.01,33,COBB,067DL01,530,067DL01,067,4108766,DL01,DOWELL 01,116142.006679,white
4.74,33,COBB,067CH03,522,067CH03,067,4108814,CH03,CHEATHAM HILL 03,101431.856003,white
3.6,33,COBB,067MA01,571,067MA01,067,4108873,MA01,MABLETON 01,76526.1134595,
1.81,33,COBB,067SW02,640,067SW02,067,4113705,SW02,SWEETWATER 02,48164.3079317,black
2.29,33,COBB,067BR02,516,067BR02,067,4113758,BR02,BIRNEY 02,88901.4144031,white
1.65,33,COBB,067BR01,515,067BR01,067,4113820,BR01,BIRNEY 01,81757.9999983,
2.58,33,COBB,067MA03,573,067MA03,067,4113874,MA03,MABLETON 03,90712.6836194,white
1.37,33,COBB,067MA04,574,067MA04,067,4113965,MA04,MABLETON 04,85874.5923571,white
4.3,33,COBB,067AC1A,505,067AC1A,067,3963027,AC1A,ACWORTH 1A,86606.9200046,white
4.37,33,COBB,067ME01,578,067ME01,067,3950623,ME01,MCEACHERN 01,80636.2928891,
3.75,33,COBB,067LM01,566,067LM01,067,3950747,LM01,LOST MOUNTAIN 01,115676.017844,white
1.75,33,COBB,067OR01,603,067OR01,067,3950803,OR01,OREGON 01,113406.000007,white
1.6,33,COBB,067VA01,643,067VA01,067,3950938,VA01,VAUGHAN 01,133633.008538,white
2.95,33,COBB,067PS1A,615,067PS1A,067,3942237,PS1A,POWDER SPRINGS 1A,72507.5992392,
2.36,33,COBB,067PS3A,617,067PS3A,067,3942396,PS3A,POWDER SPRINGS 3A,69734.9063381,
5.62,33,COBB,067LM03,568,067LM03,067,3942492,LM03,LOST MOUNTAIN 03,127437.776917,white
3.61,33,COBB,067SW01,639,067SW01,067,3935449,SW01,SWEETWATER 01,71456.3040366,
7.03,33,COBB,067CL02,525,067CL02,067,3935549,CL02,CLARKDALE 02,67228.7038238,black
2.47,33,COBB,067MR3A,584,067MR3A,067,4136554,MR3A,MARIETTA 3A,59452.946863,
2.82,33,COBB,067HR01,552,067HR01,067,4136743,HR01,HARRISON 01,129495.146669,white
1.19,33,COBB,067KP01,561,067KP01,067,4136802,KP01,KEMP 01,115967.16253,white
1.24,33,COBB,067ML01,580,067ML01,067,4136843,ML01,MCCLURE 01,98471.0045237,white
2.08,33,COBB,067NC01,598,067NC01,067,4154967,NC01,NORTH COBB 01,74359.4702,white
3.28,33,COBB,067SN7B,635,067SN7B,067,4193708,SN7B,SMYRNA 7B,114849.058097,
5.72,60,FULTON,121SC14,1517,121SC14,121,4060669,SC14,SC14,42668.9250389,black
4.58,33,COBB,067HL01,551,067HL01,067,4060753,HL01,HARMONY-LELAND 01,80364.0067912,
4.56,33,COBB,067LI01,565,067LI01,067,4060829,LI01,LINDLEY 01,133845.983744,
0.54,60,FULTON,121CP04,1406,121CP04,121,4040235,CP04,CP04,36599.8336446,black
0.86,60,FULTON,121CP012,1403,121CP012,121,4040285,CP012,CP012,39986.8709058,
2.94,60,FULTON,121EP03,1421,121EP03,121,4040357,EP03,EP03,40753.9595325,black
0.42,60,FULTON,121CP011,1402,121CP011,121,4040447,CP011,CP011,40399.8685842,
2.41,60,FULTON,121EP01,1419,121EP01,121,4040501,EP01,EP01,42070.8213304,black
1.13,60,FULTON,121SC19B,1525,121SC19B,121,4024572,SC19B,SC19B,47644.2055908,black
5.35,60,FULTON,121EP04,1422,121EP04,121,4024666,EP04,EP04,44235.3064161,black
0.94,60,FULTON,121CP051,1407,121CP051,121,4024863,CP051,CP051,51275.8443223,black
0.22,60,FULTON,121CP07A,1411,121CP07A,121,4024913,CP07A,CP07A,35016.0003381,black
0.98,60,FULTON,12111P,1353,12111P,121,4024949,11P,11P,45767.3397957,black
0.77,60,FULTON,121SC10,1512,121SC10,121,4019590,SC10,SC10,41164.0363432,black
0.2,60,FULTON,121CP081,1414,121CP081,121,4019681,CP081,CP081,41166.0001052,black
0.77,60,FULTON,121UC01E,1579,121UC01E,121,4019733,UC01E,UC01E,48657.1903879,black
0.07,60,FULTON,121SC17A,1519,121SC17A,121,4019773,SC17A,SC17A,48657.006409,black
1.47,60,FULTON,121SC17C,1521,121SC17C,121,4019795,SC17C,SC17C,40697.9825237,black
0.28,60,FULTON,121SC19A,1524,121SC19A,121,4019845,SC19A,SC19A,39780.2115605,black
1.24,60,FULTON,121SC18A,1522,121SC18A,121,4019893,SC18A,SC18A,53108.6451605,black
1.29,60,FULTON,12111E3,1346,12111E3,121,4019936,11E3,11E3,50016.1480866,black
1.84,60,FULTON,12111E1,1344,12111E1,121,4019988,11E1,11E1,51445.000011,black
0.42,60,FULTON,12111E2,1345,12111E2,121,4020043,11E2,11E2,51445.0,black
10.36,60,FULTON,121UC02A,1580,121UC02A,121,3985193,UC02A,UC02A,58366.7049726,black
0.82,60,FULTON,121SC08F,1508,121SC08F,121,3985484,SC08F,SC08F,48657.0,black
9.82,60,FULTON,121SC01B,1495,121SC01B,121,3997751,SC01B,SC01B,87927.9411808,black
0.91,60,FULTON,121SC02,1496,121SC02,121,3997836,SC02,SC02,71485.7392749,black
5.53,60,FULTON,121SC16,1518,121SC16,121,3997883,SC16,SC16,81562.9999511,black
0.86,33,COBB,067BT01,517,067BT01,067,3997943,BT01,BRYANT 01,48001.3799581,black
2.37,60,FULTON,12111C,1343,12111C,121,4054803,11C,11C,71432.8537365,black
0.25,60,FULTON,121SC30A,1534,121SC30A,121,4054874,SC30A,SC30A,71467.0,black
1.9,60,FULTON,12110A,1327,12110A,121,4054898,10A,10A,37740.3164043,black
0.62,60,FULTON,12110C,1329,12110C,121,4054945,10C,10C,29262.0318226,black
1.27,60,FULTON,12111N,1352,12111N,121,4054976,11N,11N,50322.0366046,black
2.16,60,FULTON,12111M,1351,12111M,121,4055034,11M,11M,52641.9999697,black
1.12,60,FULTON,121SC30B,1535,121SC30B,121,4055093,SC30B,SC30B,61707.4505136,black
1.85,60,FULTON,12110L,1338,12110L,121,4055149,10L,10L,72578.9996085,black
0.23,60,FULTON,12110R,1341,12110R,121,4055221,10R,10R,27503.9998312,black
0.46,60,FULTON,12110B,1328,12110B,121,4055250,10B,10B,72579.0,black
0.21,60,FULTON,12110I,1335,12110I,121,4055289,10I,10I,71919.2251782,black
0.99,60,FULTON,12110H,1334,12110H,121,4055314,10H,10H,31296.7654716,black
3.96,60,FULTON,121EP02,1420,121EP02,121,4048967,EP02,EP02,43866.7971891,black
3.16,60,FULTON,12111B,1342,12111B,121,4049172,11B,11B,65759.240361,black
1.86,60,FULTON,12110D,1330,12110D,121,4065602,10D,10D,26177.6079698,black
0.58,60,FULTON,12110E,1331,12110E,121,4065666,10E,10E,33518.5280698,black
0.77,60,FULTON,12110P,1340,12110P,121,4065711,10P,10P,32046.999984,black
1.14,60,FULTON,12109C,1316,12109C,121,4065744,09C,09C,40447.9996988,black
1.81,60,FULTON,12109B,1315,12109B,121,4065791,09B,09B,35970.8214809,black
1.78,60,FULTON,12109L,1325,12109L,121,4065829,09L,09L,40094.0606534,black
0.48,60,FULTON,12111R,1354,12111R,121,4065901,11R,11R,21537.9448448,black
1.29,60,FULTON,12111K,1350,12111K,121,4065949,11K,11K,42006.4885368,black
0.34,60,FULTON,12111G,1347,12111G,121,4066002,11G,11G,25664.1565825,black
0.2,60,FULTON,12112I,1364,12112I,121,4066041,12I,12I,28534.9013759,black
0.75,60,FULTON,12112C,1357,12112C,121,4074331,12C,12C,41225.9998394,black
0.62,60,FULTON,12104S,1260,12104S,121,4074413,04S,04S,46545.999876,black
0.5,60,FULTON,12104X1,1264,12104X1,121,4074471,04X1,04X1,35759.0200937,black
0.25,60,FULTON,12104M,1259,12104M,121,4074548,04M,04M,21568.0,black
0.34,60,FULTON,12104T,1261,12104T,121,4074582,04T,04T,35386.0,black
0.58,60,FULTON,12110M,1339,12110M,121,4074632,10M,10M,36298.822261,black
0.21,60,FULTON,12104X2,1265,12104X2,121,4074689,04X2,04X2,35959.1343464,black
0.47,60,FULTON,12104L,1258,12104L,121,4074744,04L,04L,36129.9999521,black
0.36,60,FULTON,12104D,1252,12104D,121,4074786,04D,04D,35651.9999567,black
0.27,60,FULTON,12104G,1254,12104G,121,4079016,04G,04G,36778.0,black
0.32,60,FULTON,12104A,1249,12104A,121,4079062,04A,04A,30341.9999945,black
0.63,60,FULTON,12104K,1257,12104K,121,4079117,04K,04K,35074.0841761,black
0.08,60,FULTON,12104W,1263,12104W,121,4079166,04W,04W,38930.9239721,black
0.49,60,FULTON,12110F,1332,12110F,121,4079200,10F,10F,40447.8169444,black
0.53,60,FULTON,12103S,1247,12103S,121,4079242,03S,03S,35997.0000039,black
0.82,60,FULTON,12109D,1317,12109D,121,4079308,09D,09D,26088.6688216,black
0.86,60,FULTON,12103C,1235,12103C,121,4079380,03C,03C,39291.3838513,black
0.33,60,FULTON,12103H,1240,12103H,121,4079432,03H,03H,35997.0000251,black
2.58,33,COBB,067OR03,605,067OR03,067,4124660,OR03,OREGON 03,56990.6482891,
1.21,33,COBB,067MR2A,582,067MR2A,067,4124869,MR2A,MARIETTA 2A,89297.6799139,white
2.34,33,COBB,067NP01,600,067NP01,067,4118021,NP01,NORTON PARK 01,78399.9406555,
2.5,33,COBB,067FO01,542,067FO01,067,4118177,FO01,FAIR OAKS 01,59273.0004728,
1.89,33,COBB,067LA01,564,067LA01,067,4295661,LA01,LASSITER 01,135333.297273,white
0.96,33,COBB,067KL01,560,067KL01,067,4295749,KL01,KELL 01,90600.0000324,white
1.7,33,COBB,067RM01,619,067RM01,067,4295798,RM01,ROCKY MOUNT 01,107844.870771,white
2.12,33,COBB,067EA02,535,067EA02,067,4295865,EA02,EASTSIDE 02,103993.958473,white
1.18,33,COBB,067SO01,636,067SO01,067,4295947,SO01,SOPE CREEK 01,128431.999861,white
2.05,33,COBB,067FO02,543,067FO02,067,4129892,FO02,FAIR OAKS 02,52712.4392107,
1.38,33,COBB,067FO04,544,067FO04,067,4129965,FO04,FAIR OAKS 04,44912.2795331,
1.94,33,COBB,067MR2B,583,067MR2B,067,4130048,MR2B,MARIETTA 2B,65711.1799342,
1.77,33,COBB,067BF02,510,067BF02,067,4289302,BF02,BELLS FERRY 02,88512.9901919,white
1.73,33,COBB,067BW01,519,067BW01,067,4289361,BW01,BLACKWELL 01,92280.8493667,white
2.55,33,COBB,067GT01,550,067GT01,067,4289422,GT01,GRITTERS 01,86430.0564448,white
1.12,33,COBB,067MK01,579,067MK01,067,4289508,MK01,MCCLESKEY 01,102494.999956,white
1.92,33,COBB,067NS01,601,067NS01,067,4289568,NS01,NICHOLSON 01,98730.8242133,white
1.31,33,COBB,067AD01,508,067AD01,067,4289645,AD01,ADDISON 01,96407.00754,white
0.91,33,COBB,067SI01,625,067SI01,067,4289689,SI01,SIMPSON 01,123586.000049,white
1.28,33,COBB,067MR6A,590,067MR6A,067,4275541,MR6A,MARIETTA 6A,58686.2957434,white
2.96,33,COBB,067MR5B,589,067MR5B,067,4263885,MR5B,MARIETTA 5B,71131.401242,white
2.36,33,COBB,067HY01,554,067HY01,067,4144240,HY01,HAYES 01,93193.9643763,white
3.46,33,COBB,067PM02,611,067PM02,067,4144356,PM02,PINE MOUNTAIN 02,86939.8596807,white
4.17,33,COBB,067CH02,521,067CH02,067,4144474,CH02,CHEATHAM HILL 02,96504.704698,white
1.55,33,COBB,067PF01,609,067PF01,067,4244199,PF01,POWERS FERRY 01,72146.5837328,white
3.43,60,FULTON,12108E,1302,12108E,121,4244374,08E,08E,269010.312053,white
2.37,33,COBB,067VG04,647,067VG04,067,4244438,VG04,VININGS 04,126661.805272,white
2.86,33,COBB,067MR7A,592,067MR7A,067,4237877,MR7A,MARIETTA 7A,45574.9659184,
1.39,33,COBB,067FO05,545,067FO05,067,4228140,FO05,FAIR OAKS 05,40611.7386728,
3.25,33,COBB,067MR1A,581,067MR1A,067,4228201,MR1A,MARIETTA 1A,44243.5740626,
6.2,33,COBB,067DI01,529,067DI01,067,4221239,DI01,DOBBINS 01,48433.5654379,
1.87,33,COBB,067SN5A,632,067SN5A,067,4213327,SN5A,SMYRNA 5A,49751.0936112,
1.69,33,COBB,067SN3A,630,067SN3A,067,4213464,SN3A,SMYRNA 3A,57525.2561464,
1.34,33,COBB,067MR4C,587,067MR4C,067,4167376,MR4C,MARIETTA 4C,74968.78785,white
3.12,33,COBB,067KE3A,557,067KE3A,067,4167456,KE3A,KENNESAW 3A,75715.0304655,white
1.3,33,COBB,067MR4A,585,067MR4A,067,4171830,MR4A,MARIETTA 4A,83951.0,white
1.45,33,COBB,067MR5A,588,067MR5A,067,4171900,MR5A,MARIETTA 5A,54417.3046791,
2.33,33,COBB,067SN7A,634,067SN7A,067,4198264,SN7A,SMYRNA 7A,99052.1272221,white
2.08,33,COBB,067SN4A,631,067SN4A,067,4198436,SN4A,SMYRNA 4A,88558.9035795,white
1.96,33,COBB,067EP01,541,067EP01,067,4184211,EP01,EAST PIEDMONT 01,64825.2446372,white
1.28,33,COBB,067KE1A,555,067KE1A,067,4184291,KE1A,KENNESAW 1A,77015.5050269,white
5.31,33,COBB,067BG01,512,067BG01,067,4184445,BG01,BIG SHANTY 01,69130.7263802,white
1.38,33,COBB,067MR4B,586,067MR4B,067,4178077,MR4B,MARIETTA 4B,65071.6983488,white
3.08,33,COBB,067EL01,536,067EL01,067,4178201,EL01,ELIZABETH 01,68561.6172113,white
2.24,33,COBB,067PM01,610,067PM01,067,4149489,PM01,PINE MOUNTAIN 01,114203.499666,white
1.75,33,COBB,067KE2A,556,067KE2A,067,4149561,KE2A,KENNESAW 2A,85698.9271015,white
1.47,33,COBB,067MS02,594,067MS02,067,4149702,MS02,MARS HILL 02,98446.0335185,white
1.51,33,COBB,067AC1C,507,067AC1C,067,4160720,AC1C,ACWORTH 1C,79031.1637163,white
1.73,33,COBB,067KE4A,558,067KE4A,067,4160870,KE4A,KENNESAW 4A,77266.2969222,white
1.67,33,COBB,067KE5A,559,067KE5A,067,4160936,KE5A,KENNESAW 5A,79632.8809973,white
2.26,33,COBB,067BK01,514,067BK01,067,4161012,BK01,BAKER 01,83133.409111,white
1.68,33,COBB,067OK01,602,067OK01,067,4203249,OK01,OAKDALE 01,114410.028123,white
2.03,33,COBB,067NJ01,599,067NJ01,067,4203435,NJ01,NICKAJACK 01,96528.8662411,white
1.89,33,COBB,067SN6A,633,067SN6A,067,4208674,SN6A,SMYRNA 6A,117261.09756,white
1.17,33,COBB,067VG03,646,067VG03,067,4208817,VG03,VININGS 03,101153.096721,white
1.6,33,COBB,067VG02,645,067VG02,067,4208898,VG02,VININGS 02,85128.5831797,
1.11,33,COBB,067SN2A,629,067SN2A,067,4231120,SN2A,SMYRNA 2A,63168.5304485,
1.16,33,COBB,067SN1A,628,067SN1A,067,4231203,SN1A,SMYRNA 1A,62805.5286894,
1.91,33,COBB,067MR6B,591,067MR6B,067,4269347,MR6B,MARIETTA 6B,84439.8843064,white
1.63,33,COBB,067EL02,537,067EL02,067,4269518,EL02,ELIZABETH 02,71124.8854385,white
1.46,33,COBB,067EL04,539,067EL04,067,4283556,EL04,ELIZABETH 04,69450.4283272,white
2.39,33,COBB,067SM03,627,067SM03,067,4283656,SM03,SEWELL MILL 03,77698.3457055,white
1.6,33,COBB,067EL03,538,067EL03,067,4283787,EL03,ELIZABETH 03,100849.673996,white
1.34,33,COBB,067EL05,540,067EL05,067,4283868,EL05,ELIZABETH 05,107569.000056,white
4.37,44,DEKALB,089SM,948,089SM,089,4661356,SM,SALEM MIDDLE,67964.3714773,black
1.17,44,DEKALB,089MV,902,089MV,089,4661421,MV,MILLER GROVE ROAD,79162.9997618,black
0.47,44,DEKALB,089CC,809,089CC,089,4661462,CC,COLUMBIA ELEM,37708.5424923,black
0.83,44,DEKALB,089FL,850,089FL,089,4661502,FL,FLAT SHOALS LIBRARY,53082.3465227,black
1.34,44,DEKALB,089CM,819,089CM,089,4661550,CM,COLUMBIA MIDDLE,48321.456227,black
0.61,44,DEKALB,089TC,959,089TC,089,4661599,TC,TONEY ELEM,31018.0001088,black
0.87,44,DEKALB,089KE,872,089KE,089,4661641,KE,KNOLLWOOD ELEM,58064.2778009,black
1.03,44,DEKALB,089WA,964,089WA,089,4661698,WA,WADSWORTH ELEM,39815.870019,black
0.66,44,DEKALB,089SG,942,089SG,089,4661752,SG,SNAPFINGER ELEM,49201.5433753,black
1.28,67,GWINNETT,13566,1723,13566,135,4811515,66,PINCKNEYVILLE O,43949.9557506,hispanic
3.8,67,GWINNETT,13538,1695,13538,135,4811580,38,PINCKNEYVILLE F,48601.4434474,hispanic
3.16,67,GWINNETT,13559,1716,13559,135,4811658,59,PINCKNEYVILLE N,46957.0349528,
0.73,44,DEKALB,089NC,906,089NC,089,4811745,NC,NORTH HAIRSTON,60236.9999293,black
2.4,44,DEKALB,089BF,799,089BF,089,4811793,BF,BROCKETT ELEM,58317.6675457,
1.53,67,GWINNETT,13584,1741,13584,135,5016710,84,LAWRENCEVILLE G,80120.3323567,
1.33,67,GWINNETT,135150,1807,135150,135,5016783,150,DULUTH K,33750.9787657,
2.54,67,GWINNETT,13548,1705,13548,135,5016839,48,DULUTH B,72921.5412114,
2.19,67,GWINNETT,13596,1753,13596,135,5016918,96,DULUTH G,110492.900219,
2.38,67,GWINNETT,13572,1729,13572,135,5017020,72,MARTINS E,44527.0956843,
5.56,67,GWINNETT,13595,1752,13595,135,5024274,95,DULUTH F,80415.67377,
3.52,67,GWINNETT,135138,1795,135138,135,5024380,138,DULUTH I,104633.557229,
4.76,60,FULTON,121JC01,1426,121JC01,121,5024448,JC01,JC01,145436.99994,
3.0,67,GWINNETT,1357,1664,1357,135,5024510,7,DULUTH A,98014.0090971,white
0.69,44,DEKALB,089MN,894,089MN,089,4683409,MN,MEMORIAL SOUTH,41417.7465845,black
1.39,44,DEKALB,089MM,893,089MM,089,4683453,MM,MEMORIAL NORTH,43097.1164635,black
1.37,44,DEKALB,089WB,965,089WB,089,4683534,WB,WESLEY CHAPEL LIBRAR,56502.0,black
1.3,44,DEKALB,089SS,954,089SS,089,4683587,SS,SNAPFINGER ROAD S,60566.2389816,black
1.27,44,DEKALB,089MF,886,089MF,089,4683656,MF,MCWILLIAMS,65251.9999564,black
2.57,44,DEKALB,089MI,889,089MI,089,4683697,MI,MIDDLE GROVE MIDDLE,47983.0366455,black
1.96,44,DEKALB,089BM,805,089BM,089,4683741,BM,BETHUNE MIDDLE,53747.6837004,black
5.86,44,DEKALB,089SD,939,089SD,089,4897053,SD,STONE MOUNTAIN ELEM,71286.1437994,black
2.38,44,DEKALB,089WN,973,089WN,089,4897167,WN,WYNBROOKE ELEM,73882.004222,black
1.98,44,DEKALB,089ST,955,089ST,089,4897210,ST,STEPHENSON MIDDLE,77019.3781422,black
1.16,44,DEKALB,089SO,950,089SO,089,4897257,SO,SOUTH DESHON,76661.6416358,black
3.52,67,GWINNETT,13564,1721,13564,135,4897294,64,GARNERS D,68808.0899946,black
0.4,44,DEKALB,089VB,963,089VB,089,4677935,VB,VALLEY BROOK,47316.0002603,
1.8,44,DEKALB,089SC,938,089SC,089,4677979,SC,SHAW-ROBERT SHAW ELE,53268.7732685,black
0.34,44,DEKALB,089CT,826,089CT,089,4678058,CT,COVINGTON HWY,27600.0000297,black
1.71,44,DEKALB,089RG,928,089RG,089,4678088,RG,ROWLAND ELEM,35326.7998836,black
1.04,44,DEKALB,089DE,832,089DE,089,4678163,DE,DUNAIRE ELEM,58731.7910895,black
1.09,44,DEKALB,089AA,786,089AA,089,4678212,AA,ALLGOOD ELEM,63471.9998234,black
0.92,44,DEKALB,089IB,865,089IB,089,4678268,IB,INDIAN CREEK ELEM,37167.245448,black
1.08,44,DEKALB,089CK,817,089CK,089,4678332,CK,CLARKSTON (CLA),37306.7694379,black
2.18,67,GWINNETT,13510,1667,13510,135,5054602,10,CATES A,93438.5673772,white
2.62,67,GWINNETT,13581,1738,13581,135,5054671,81,CATES L,70051.9971414,
3.19,67,GWINNETT,135156,1813,135156,135,5054739,156,BAYCREEK J,80793.2614533,
5.78,67,GWINNETT,13541,1698,13541,135,5054799,41,BAYCREEK B,78720.2706164,
2.91,67,GWINNETT,135134,1791,135134,135,5054869,134,BAYCREEK F,76728.0000797,white
1.75,67,GWINNETT,13594,1751,13594,135,5054950,94,CATES N,101025.320875,white
1.65,67,GWINNETT,1355,1662,1355,135,5055013,5,BAYCREEK A,89086.6851566,white
1.51,67,GWINNETT,13586,1743,13586,135,4995527,86,MARTINS F,48606.0125066,
1.55,67,GWINNETT,13534,1691,13534,135,4995571,34,BERKSHIRE F,58238.2312173,
1.8,67,GWINNETT,135119,1776,135119,135,4995638,119,BERKSHIRE O,82742.4891836,white
1.85,67,GWINNETT,13519,1676,13519,135,4995707,19,MARTINS C,59659.7987336,
1.14,67,GWINNETT,13543,1700,13543,135,4995759,43,MARTINS D,52116.1756184,
1.78,67,GWINNETT,135116,1773,135116,135,4995799,116,MARTINS I,62145.012094,
1.38,67,GWINNETT,135117,1774,135117,135,4995851,117,MARTINS J,47118.6057567,
2.01,67,GWINNETT,13588,1745,13588,135,4995902,88,ROCKBRIDGE E,56859.2083175,black
1.85,60,FULTON,121SS12,1556,121SS12,121,4726963,SS12,SS12,124374.241597,white
0.33,60,FULTON,121SS07C,1545,121SS07C,121,4727036,SS07C,SS07C,108524.999954,white
0.29,60,FULTON,121SS07B,1544,121SS07B,121,4727078,SS07B,SS07B,108524.999331,white
0.62,60,FULTON,121SS07A,1543,121SS07A,121,4727115,SS07A,SS07A,84328.9999613,white
0.25,60,FULTON,121SS08B,1547,121SS08B,121,4727143,SS08B,SS08B,108524.991486,white
0.26,60,FULTON,121SS02B,1538,121SS02B,121,4727163,SS02B,SS02B,90477.0,white
0.19,60,FULTON,121SS08C,1548,121SS08C,121,4727200,SS08C,SS08C,84329.0001405,white
1.07,60,FULTON,121SS04,1540,121SS04,121,4727222,SS04,SS04,74517.0043037,
0.53,60,FULTON,121SS08A,1546,121SS08A,121,4727266,SS08A,SS08A,108525.000018,white
0.64,60,FULTON,121SS08D,1549,121SS08D,121,4727313,SS08D,SS08D,108525.020545,white
1.01,60,FULTON,121SS29A,1572,121SS29A,121,4727353,SS29A,SS29A,103129.00006,
0.79,44,DEKALB,089LC,876,089LC,089,4727400,LC,LAVISTA,91469.3933821,
0.9,60,FULTON,12106J,1281,12106J,121,4606138,06J,06J,45081.057745,
0.48,60,FULTON,12106E,1276,12106E,121,4606213,06E,06E,72178.7174635,white
0.22,60,FULTON,12106Q,1285,12106Q,121,4606254,06Q,06Q,74875.0001423,white
0.92,60,FULTON,12106S,1287,12106S,121,4606291,06S,06S,59200.5701212,white
0.35,60,FULTON,12106H,1279,12106H,121,4606367,06H,06H,59582.2674532,white
1.23,60,FULTON,12106D,1275,12106D,121,4606414,06D,06D,71373.3689554,white
2.58,44,DEKALB,089MB,882,089MB,089,4606485,MB,MCNAIR HIGH,66331.6333265,black
0.99,44,DEKALB,089LH,879,089LH,089,4890864,LH,LITHONIA HIGH,55563.9999656,black
2.06,44,DEKALB,089RH,929,089RH,089,4890917,RH,REDAN-TROTTI LIBRARY,49647.55742,black
6.7,44,DEKALB,089WD,966,089WD,089,4890970,WD,WOODROW ROAD,56197.9405044,black
0.9,44,DEKALB,089LD,877,089LD,089,4891022,LD,LITHONIA (LIT),48247.0,black
2.9,44,DEKALB,089SL,947,089SL,089,4891088,SL,STONEVIEW ELEM,43697.5894288,black
1.92,44,DEKALB,089PC,915,089PC,089,4891184,PC,PRINCETON ELEM,72649.0000008,black
1.41,44,DEKALB,089RC,924,089RC,089,4891226,RC,REDAN ELEM,72655.0937844,black
1.68,44,DEKALB,089SV,957,089SV,089,4891275,SV,STEPHENSON HIGH,72877.0000043,black
0.66,60,FULTON,12108L,1309,12108L,121,4597308,08L,08L,87289.0007578,white
0.06,60,FULTON,12102W,1232,12102W,121,4597358,02W,02W,87766.0,white
0.43,60,FULTON,12103F,1238,12103F,121,4597386,03F,03F,86784.2560239,white
0.16,60,FULTON,12102A,1219,12102A,121,4597453,02A,02A,46303.0001382,white
0.32,60,FULTON,12106R,1286,12106R,121,4597491,06R,06R,37734.6990054,hispanic
0.54,60,FULTON,12106N,1284,12106N,121,4597545,06N,06N,109896.950179,white
0.51,60,FULTON,12106L2,1283,12106L2,121,4597585,06L2,06L2,87766.0000903,white
0.16,60,FULTON,12102S,1231,12102S,121,4597635,02S,02S,57249.8912256,
0.06,60,FULTON,12105J,1272,12105J,121,4597696,05J,05J,42941.585985,black
0.07,60,FULTON,12101I,1213,12101I,121,4592246,01I,01I,34378.0001593,black
0.48,60,FULTON,12102B,1220,12102B,121,4592277,02B,02B,57686.6943556,
0.03,60,FULTON,12105C,1269,12105C,121,4592355,05C,05C,34376.6748439,black
0.28,60,FULTON,12105K,1273,12105K,121,4592382,05K,05K,30532.5617551,black
0.07,60,FULTON,12105D,1270,12105D,121,4592445,05D,05D,52260.4903887,
0.05,60,FULTON,12105F,1271,12105F,121,4592483,05F,05F,29512.0,white
0.19,60,FULTON,12102L2,1230,12102L2,121,4592512,02L2,02L2,100864.999874,white
0.16,60,FULTON,12102C,1221,12102C,121,4592556,02C,02C,29512.0016958,white
0.27,60,FULTON,12102L1,1229,12102L1,121,4592598,02L1,02L1,45188.9725985,hispanic
0.13,60,FULTON,12102K,1228,12102K,121,4592656,02K,02K,42950.0,
0.44,60,FULTON,12108P,1313,12108P,121,4592696,08P,08P,67895.2872147,white
0.38,60,FULTON,12108K,1308,12108K,121,4592741,08K,08K,138803.068553,white
0.93,44,DEKALB,089CP,822,089CP,089,4690405,CP,CROSSROADS,57954.9855647,black
1.32,44,DEKALB,089FA,843,089FA,089,4690467,FA,FAIRINGTON ELEM,48858.0000259,black
1.4,44,DEKALB,089PR,922,089PR,089,4690508,PR,PANOLA ROAD,39873.7596373,black
0.86,44,DEKALB,089PI,920,089PI,089,4690550,PI,PANOLA WAY ELEM,65558.0327844,black
0.88,44,DEKALB,089YA,974,089YA,089,4690597,YA,YOUNG ROAD,65615.1257733,black
0.85,44,DEKALB,089RM,934,089RM,089,4690649,RM,REDAN MIDDLE,50272.9792647,black
1.08,44,DEKALB,089MC,883,089MC,089,4690721,MC,MARBUT ELEM,55545.1416782,black
1.11,44,DEKALB,089RK,932,089RK,089,4690767,RK,REDAN ROAD,55080.0000084,black
1.29,44,DEKALB,089WG,968,089WG,089,4690820,WG,WOODRIDGE ELEM,51184.0000336,black
1.17,44,DEKALB,089RJ,931,089RJ,089,4690872,RJ,ROWLAND ROAD,63090.4975492,black
0.78,44,DEKALB,089WK,971,089WK,089,4696274,WK,WHITE OAK,47216.0000308,black
1.46,44,DEKALB,089FM,851,089FM,089,4696314,FM,FREEDOM MIDDLE,56095.4040655,black
0.26,44,DEKALB,089PE,916,089PE,089,4696390,PE,PINE LAKE (PIN),42070.0496019,black
1.35,44,DEKALB,089HA,857,089HA,089,4696424,HA,HAMBRICK ELEM,50233.8643098,black
1.32,44,DEKALB,089RE,926,089RE,089,4696487,RE,ROCKBRIDGE ELEM,41197.1690337,black
1.03,44,DEKALB,089SJ,945,089SJ,089,4696569,SJ,STONE MILL ELEM,36927.3545,black
1.08,44,DEKALB,089MA,881,089MA,089,4696648,MA,MILLER-ELDRIDGE L MI,61031.4152713,black
2.92,67,GWINNETT,13545,1702,13545,135,4987496,45,GARNERS B,73877.0920981,black
1.32,67,GWINNETT,13532,1689,13532,135,4987574,32,BERKSHIRE D,97661.8156498,white
2.04,67,GWINNETT,13511,1668,13511,135,4987634,11,BERKSHIRE A,48747.0001917,
1.5,67,GWINNETT,135120,1777,135120,135,4987692,120,BERKSHIRE P,60881.664558,
1.75,67,GWINNETT,135109,1766,135109,135,4987743,109,BERKSHIRE M,98089.3071449,white
1.43,67,GWINNETT,13574,1731,13574,135,4987808,74,PINCKNEYVILLE Q,45760.9254793,
1.52,67,GWINNETT,135103,1760,135103,135,4987842,103,BERKSHIRE L,51231.4140089,
1.18,67,GWINNETT,135118,1775,135118,135,4980233,118,GARNERS F,82412.7626273,white
2.11,67,GWINNETT,135112,1769,135112,135,4980290,112,BERKSHIRE N,77794.2471374,white
1.33,67,GWINNETT,13533,1690,13533,135,4980373,33,BERKSHIRE E,91737.9999169,white
1.49,67,GWINNETT,13592,1749,13592,135,4980424,92,BERKSHIRE J,101415.695334,white
1.43,67,GWINNETT,13549,1706,13549,135,4980490,49,GARNERS C,80846.954552,white
2.31,67,GWINNETT,13514,1671,13514,135,4980560,14,GARNERS A,106134.001048,white
1.58,44,DEKALB,089FB,844,089FB,089,4627282,FB,FERNBANK ELEM,198544.827023,white
0.88,44,DEKALB,089EG,841,089EG,089,4627356,EG,EMORY SOUTH,119116.973185,white
0.36,44,DEKALB,089JA,866,089JA,089,4627411,JA,JOHNSON ESTATES (ATL,36435.5899204,white
0.99,44,DEKALB,089BC,796,089BC,089,4627457,BC,BRIAR VISTA ELEM,88264.1679836,white
1.08,44,DEKALB,089DH,835,089DH,089,4627524,DH,DRUID HILLS HIGH,134869.307608,white
0.95,44,DEKALB,089ER,842,089ER,089,4627581,ER,EMORY ROAD,61829.8290046,white
1.1,44,DEKALB,089LB,875,089LB,089,4627620,LB,LAVISTA ROAD,75148.8796866,white
1.83,44,DEKALB,089SI,944,089SI,089,4817585,SI,STN MTN MIDDLE,44447.773362,black
2.02,44,DEKALB,089TF,960,089TF,089,4817650,TF,TUCKER,96314.9255889,white
2.91,44,DEKALB,089HG,861,089HG,089,4817717,HG,HUGH HOWELL,86195.7687577,
2.57,44,DEKALB,089SH,943,089SH,089,4817787,SH,SMOKE RISE,117152.875737,white
2.64,67,GWINNETT,13512,1669,13512,135,4817852,12,BERKSHIRE B,60552.4691547,
1.23,67,GWINNETT,135148,1805,135148,135,4817922,148,BERKSHIRE Q,73174.953133,
1.44,44,DEKALB,089SU,956,089SU,089,4702609,SU,SOUTH HAIRSTON,60509.8194421,black
1.59,44,DEKALB,089PH,919,089PH,089,4702679,PH,PANOLA,63450.9241653,black
1.7,44,DEKALB,089SK,946,089SK,089,4702748,SK,SHADOW ROCK ELEM,72872.6533676,black
0.74,44,DEKALB,089SP,951,089SP,089,4702799,SP,STONE MTN CHAMPION (,43995.228424,black
0.89,44,DEKALB,089SQ,952,089SQ,089,4702875,SQ,STONE MTN LIBRARY (S,64377.0594466,black
0.85,60,FULTON,12108H,1306,12108H,121,4702953,08H,08H,226996.999074,white
2.69,67,GWINNETT,13557,1714,13557,135,4854352,57,DULUTH D,68527.5590905,
1.94,67,GWINNETT,13582,1739,13582,135,4854461,82,DULUTH E,68022.5747984,
1.46,67,GWINNETT,13556,1713,13556,135,4854529,56,DULUTH C,60812.2880176,
2.8,60,FULTON,121JC11,1438,121JC11,121,4854595,JC11,JC11,122981.463271,white
1.03,60,FULTON,121JC09,1436,121JC09,121,4854652,JC09,JC09,120359.978589,white
1.95,60,FULTON,121JC07,1434,121JC07,121,4854703,JC07,JC07,126839.488816,white
0.56,60,FULTON,121AP12C,1392,121AP12C,121,4790699,AP12C,AP12D,85109.9573477,
0.67,44,DEKALB,089SN,949,089SN,089,4790744,SN,SHAMROCK,75154.0001454,white
0.58,44,DEKALB,089ND,907,089ND,089,4790786,ND,NORTHLAKE,110455.999955,white
0.9,44,DEKALB,089BD,797,089BD,089,4790847,BD,BRIARLAKE ELEM,155996.999767,white
1.51,44,DEKALB,089RD,925,089RD,089,4790927,RD,REHOBOTH,97723.8880976,white
1.46,44,DEKALB,089WI,969,089WI,089,4790997,WI,WARREN TECH,56205.1077989,
1.32,67,GWINNETT,13565,1722,13565,135,4828933,65,BERKSHIRE H,58383.6657037,
1.18,67,GWINNETT,135123,1780,135123,135,4828997,123,PINCKNEYVILLE Y,43085.6810829,hispanic
1.44,67,GWINNETT,13523,1680,13523,135,4829077,23,PINCKNEYVILLE D,44776.1697722,
3.01,67,GWINNETT,13558,1715,13558,135,4829148,58,PINCKNEYVILLE K,49756.4892071,
1.48,67,GWINNETT,13550,1707,13550,135,4829228,50,PINCKNEYVILLE I,61858.2203188,
0.83,44,DEKALB,089WL,972,089WL,089,4829298,WL,WINTERS CHAPEL (DUN),126049.575239,white
0.86,67,GWINNETT,135101,1758,135101,135,4829341,101,PINCKNEYVILLE U,62044.1526814,
1.14,44,DEKALB,089MW,903,089MW,089,4795561,MW,MIDVALE ROAD,94871.7683969,white
1.58,44,DEKALB,089HC,859,089HC,089,4795638,HC,HENDERSON MILL ELEM,86202.9956996,white
1.28,44,DEKALB,089MK,891,089MK,089,4795697,MK,MONTREAL,82430.2820955,white
0.69,44,DEKALB,089JB,867,089JB,089,4795749,JB,JOLLY ELEM,43895.1366532,black
0.78,44,DEKALB,089IA,864,089IA,089,4795815,IA,IDLEWOOD ELEM,62406.8975829,black
1.59,44,DEKALB,089BH,801,089BH,089,4795869,BH,BROCKETT,70612.1762036,
0.84,44,DEKALB,089WJ,970,089WJ,089,4732722,WJ,WOODWARD ELEM (BHAVN,91628.9954277,
0.56,44,DEKALB,089CO,821,089CO,089,4732788,CO,CROSS KEYS HIGH (BHA,103435.932886,
0.88,44,DEKALB,089HI,863,089HI,089,4732847,HI,HARRIS-MARGARET HARR,84529.649367,white
0.97,44,DEKALB,089BG,800,089BG,089,4732907,BG,BRIARCLIFF,82487.2273616,white
0.65,44,DEKALB,089MJ,890,089MJ,089,4732971,MJ,MONTCLAIR ELEM,53960.4135568,hispanic
0.59,44,DEKALB,089BE,798,089BE,089,4733030,BE,BRIARWOOD (BHAVN),83551.484499,hispanic
0.75,44,DEKALB,089BI,802,089BI,089,4733080,BI,BROOKHAVEN (BHAVN),123167.521961,white
1.34,44,DEKALB,089SE,940,089SE,089,4733144,SE,SILVER LAKE (BHAVN),120886.597542,white
0.74,44,DEKALB,089SF,941,089SF,089,4733206,SF,SKYLAND (BHAVN),101731.994626,
0.96,44,DEKALB,089AB,787,089AB,089,4738859,AB,ASHFORD PARK ELEM (B,121469.258963,white
1.02,44,DEKALB,089OA,909,089OA,089,4738917,OA,OAK GROVE ELEM,102700.673396,white
1.22,44,DEKALB,089CW,828,089CW,089,4738971,CW,CORALWOOD,88732.4900975,white
1.42,44,DEKALB,089SA,936,089SA,089,4739038,SA,SAGAMORE HILLS ELEM,152270.048599,white
1.45,44,DEKALB,089LA,874,089LA,089,4739106,LA,LAKESIDE HIGH,127376.406513,white
2.26,44,DEKALB,089DC,831,089DC,089,4739180,DC,DRESDEN ELEM,54242.2244947,hispanic
1.7,44,DEKALB,089HB,858,089HB,089,4739248,HB,HAWTHORNE ELEM,89142.956877,white
0.78,44,DEKALB,089CL,818,089CL,089,4617252,CL,CLIFTON ELEM,57071.1882567,black
2.16,44,DEKALB,089CR,824,089CR,089,4617298,CR,CEDAR GROVE MIDDLE,60412.9860109,black
0.66,44,DEKALB,089FJ,848,089FJ,089,4617343,FJ,FLAT SHOALS,49299.9421385,black
0.93,44,DEKALB,089FC,845,089FC,089,4617386,FC,FLAT SHOALS ELEM,40205.6109299,black
1.0,44,DEKALB,089MP,896,089MP,089,4617435,MP,MCNAIR ACADEMY,63298.9618907,black
1.13,44,DEKALB,089EA,837,089EA,089,4617526,EA,EAST LAKE (ATL),79382.0158026,black
1.05,44,DEKALB,089MD,884,089MD,089,4617646,MD,MCNAIR MIDDLE,60027.4694929,black
0.68,44,DEKALB,089OK,911,089OK,089,4631418,OK,OAKHURST (DEC),106164.804212,white
0.43,44,DEKALB,089RN,935,089RN,089,4631496,RN,RENFROE MIDDLE (DEC),106721.992146,white
0.53,44,DEKALB,089PG,918,089PG,089,4631548,PG,PONCE DE LEON (DEC),91336.453884,white
0.68,44,DEKALB,089CV,827,089CV,089,4631608,CV,CLAIREMONT EAST (DEC,94575.0664381,white
0.63,44,DEKALB,089WF,967,089WF,089,4631668,WF,WINNONA PARK ELEM (D,107682.555416,white
0.6,44,DEKALB,089GA,852,089GA,089,4631725,GA,GLENNWOOD (DEC),109095.808889,white
0.64,44,DEKALB,089CI,815,089CI,089,4631808,CI,CLAIREMONT WEST (DEC,109860.295873,white
1.39,60,FULTON,12112M,1368,12112M,121,4555864,12M,12M,32997.0398197,black
1.35,60,FULTON,12112J,1365,12112J,121,4555934,12J,12J,32930.0000227,black
1.6,60,FULTON,12112H,1363,12112H,121,4555987,12H,12H,32339.3658542,black
1.73,31,CLAYTON,063FP2,444,063FP2,063,4556054,FP2,FOREST PARK 2,36140.1578396,black
3.14,60,FULTON,12112T,1371,12112T,121,4556112,12T,12T,32949.4699222,black
1.51,31,CLAYTON,063MO2,474,063MO2,063,4556176,MO2,MORROW 2,47053.9136763,black
0.71,31,CLAYTON,063MO7,479,063MO7,063,4556252,MO7,MORROW 7,46943.0012069,black
0.82,44,DEKALB,089GB,853,089GB,089,4672335,GB,GLENHAVEN,51183.999986,black
1.28,44,DEKALB,089AI,793,089AI,089,4672384,AI,AVONDALE HIGH,86539.3731549,white
1.13,44,DEKALB,089AE,790,089AE,089,4672469,AE,AVONDALE (AVO),74514.5410651,white
1.11,44,DEKALB,089MO,895,089MO,089,4672551,MO,MIDWAY ELEM,55244.8169723,black
0.63,44,DEKALB,089CU,794,089CU,089,4672625,CU,COVINGTON,45725.1472133,black
1.31,44,DEKALB,089NB,905,089NB,089,4672674,NB,NORTH DECATUR,57972.1051015,
1.0,44,DEKALB,089ME,885,089ME,089,4672746,ME,MCLENDON,47316.0000925,
2.81,31,CLAYTON,063LC1,467,063LC1,063,4561396,LC1,LAKE CITY,50361.1557331,
1.59,31,CLAYTON,063MO4,476,063MO4,063,4561486,MO4,MORROW 4,47832.7742799,black
0.47,31,CLAYTON,063MO9,481,063MO9,063,4561560,MO9,MORROW 9,44338.0001804,black
1.74,31,CLAYTON,063MO6,478,063MO6,063,4561609,MO6,MORROW 6,58798.2297341,black
2.08,31,CLAYTON,063MO3,475,063MO3,063,4561684,MO3,MORROW 3,50130.6568649,
0.81,44,DEKALB,089PA,913,089PA,089,4666668,PA,PEACHCREST ELEM,45137.9976276,black
1.36,44,DEKALB,089MR,898,089MR,089,4666735,MR,MATHIS-BOB MATHIS EL,59521.993967,black
1.61,44,DEKALB,089RA,923,089RA,089,4666782,RA,RAINBOW ELEM,56147.2972574,black
0.62,44,DEKALB,089KC,870,089KC,089,4666851,KC,KELLEY CHAPEL ROAD,56502.0000084,black
0.88,44,DEKALB,089CA,807,089CA,089,4666889,CA,COLUMBIA DRIVE,49146.9999949,black
0.9,44,DEKALB,089AF,856,089AF,089,4666940,AF,AUSTIN DRIVE,42576.6152659,black
1.08,44,DEKALB,089CB,808,089CB,089,4666989,CB,CANBY LANE ELEM,44949.8348805,black
0.87,44,DEKALB,089SR,953,089SR,089,4667042,SR,SNAPFINGER ROAD N,44471.7333448,black
1.28,44,DEKALB,089GF,788,089GF,089,4667102,GF,GLENWOOD ROAD,46753.2187242,black
4.44,31,CLAYTON,063MO1,473,063MO1,063,4567873,MO1,MORROW 1,40974.4173442,
4.24,44,DEKALB,089BL,804,089BL,089,4567958,BL,BOULDERCREST ROAD,67348.9990567,black
7.63,31,CLAYTON,063EW1,442,063EW1,063,4568027,EW1,ELLENWOOD,56862.2945303,black
2.6,44,DEKALB,089CS,825,089CS,089,4568108,CS,CEDAR GROVE SOUTH,65998.398768,black
2.59,44,DEKALB,089CD,810,089CD,089,4568167,CD,CEDAR GROVE ELEM,67577.9549057,black
0.94,60,FULTON,12112F,1361,12112F,121,4568220,12F,12F,38291.6535249,black
0.69,60,FULTON,12104V,1262,12104V,121,4578327,04V,04V,24285.8435641,black
0.54,60,FULTON,12104I,1255,12104I,121,4578393,04I,04I,53217.466991,black
0.26,60,FULTON,12101F,1210,12101F,121,4578482,01F,01F,25282.0000225,black
0.47,60,FULTON,12101G,1211,12101G,121,4578530,01G,01G,44017.9664044,black
0.3,60,FULTON,12101D,1208,12101D,121,4578582,01D,01D,52036.5347394,black
0.2,60,FULTON,12101H,1212,12101H,121,4578632,01H,01H,24479.6984578,black
0.28,60,FULTON,12105B,1268,12105B,121,4578695,05B,05B,37228.5098978,black
1.34,60,FULTON,12101S,1217,12101S,121,4578756,01S,01S,36673.1016468,black
0.37,60,FULTON,12101C2,1207,12101C2,121,4578796,01C2,01C2,35120.0000431,black
0.98,60,FULTON,12101T,1218,12101T,121,4583119,01T,01T,55133.2093864,
0.7,60,FULTON,12101P,1215,12101P,121,4583173,01P,01P,39242.6726698,black
0.63,60,FULTON,12101R,1216,12101R,121,4583228,01R,01R,20891.6639949,black
0.89,60,FULTON,12101E,1209,12101E,121,4583279,01E,01E,90784.1397842,white
0.66,60,FULTON,12101A,1204,12101A,121,4583365,01A,01A,92952.9622934,white
0.52,60,FULTON,12105A1,1266,12105A1,121,4583439,05A1,05A1,39463.2967499,black
1.37,60,FULTON,12101B,1205,12101B,121,4583505,01B,01B,80095.1839086,
1.15,44,DEKALB,089KA,868,089KA,089,4622472,KA,KELLEY LAKE ELEM,41734.4224844,black
1.21,44,DEKALB,089CQ,823,089CQ,089,4622523,CQ,CANDLER,48441.992136,black
0.84,44,DEKALB,089CN,820,089CN,089,4622583,CN,COAN MIDDLE (ATL),56069.8578966,white
0.95,44,DEKALB,089EE,839,089EE,089,4622648,EE,EPWORTH (ATL),64047.6932682,white
0.75,44,DEKALB,089LE,878,089LE,089,4622721,LE,LIN-MARY LIN ELEM (A,59997.6991367,white
1.04,44,DEKALB,089BB,795,089BB,089,4622800,BB,BOULEVARD (ATL),52449.3895367,white
4.23,44,DEKALB,089ML,892,089ML,089,4611685,ML,MEADOWVIEW ELEM,53920.7683813,black
1.33,44,DEKALB,089GC,854,089GC,089,4611767,GC,GRESHAM ROAD,55032.6402231,black
0.98,44,DEKALB,089BR,806,089BR,089,4611813,BR,BURGESS ELEM (ATL),56858.983108,white
0.96,44,DEKALB,089MT,900,089MT,089,4611903,MT,METROPOLITAN (ATL),55994.556887,white
0.9,44,DEKALB,089PN,921,089PN,089,4611984,PN,PINEY GROVE,49885.9618547,black
0.89,44,DEKALB,089TA,958,089TA,089,4612062,TA,TERRY MILL,49803.0111423,black
0.4,60,FULTON,12102G,1226,12102G,121,4601476,02G,02G,59375.0279533,black
0.49,60,FULTON,12102D,1222,12102D,121,4601560,02D,02D,51385.098194,black
0.11,60,FULTON,12102F2,1225,12102F2,121,4601610,02F2,02F2,27533.0,hispanic
0.27,60,FULTON,12102J,1227,12102J,121,4601645,02J,02J,27533.0003873,hispanic
0.13,60,FULTON,12106G,1278,12106G,121,4601688,06G,06G,27533.0,hispanic
0.23,60,FULTON,12106B,1274,12106B,121,4601724,06B,06B,75487.0,white
0.35,60,FULTON,12102E,1223,12102E,121,4601767,02E,02E,25350.6313556,black
0.49,60,FULTON,12102F1,1224,12102F1,121,4601824,02F1,02F1,42909.2731933,white
0.34,60,FULTON,12106F,1277,12106F,121,4601885,06F,06F,58946.758234,white
0.28,60,FULTON,12106L1,1282,12106L1,121,4601934,06L1,06L1,87765.9992351,white
1.3,60,FULTON,121RW17,1487,121RW17,121,4778422,RW17,RW17,100437.99017,white
1.15,60,FULTON,121RW04,1473,121RW04,121,4778464,RW04,RW04,100437.999959,white
1.12,44,DEKALB,089KB,869,089KB,089,4778505,KB,KINGSLEY ELEM (DUN),131053.188751,white
2.22,60,FULTON,121SS01,1536,121SS01,121,4778554,SS01,SS01,136488.870001,white
1.64,60,FULTON,121RW20,1490,121RW20,121,4778664,RW20,RW20,141846.704718,white
1.86,60,FULTON,121RW21A,1491,121RW21A,121,4778745,RW21A,RW21A,163434.327627,white
1.32,60,FULTON,121RW22A,1493,121RW22A,121,4778812,RW22A,RW22A,96248.0087598,white
0.29,60,FULTON,121RW07A,1476,121RW07A,121,4778879,RW07A,RW07A,45163.0000085,hispanic
3.2,44,DEKALB,089DA,829,089DA,089,4805805,DA,DORAVILLE NORTH (DOR,51380.957949,
1.76,44,DEKALB,089OB,910,089OB,089,4805902,OB,OAKCLIFF ELEM,48825.9669156,hispanic
0.91,44,DEKALB,089NF,908,089NF,089,4805984,NF,NORTH PEACHTREE (DUN,68242.5858185,
1.16,67,GWINNETT,13537,1694,13537,135,4806030,37,PINCKNEYVILLE E,49915.3815158,
0.92,44,DEKALB,089EC,838,089EC,089,4806087,EC,EMBRY HILLS,72769.8156416,
1.23,44,DEKALB,089PF,917,089PF,089,4806150,PF,PLEASANTDALE ELEM,42765.322967,
1.12,60,FULTON,121SS25,1570,121SS25,121,4835460,SS25,SS25,240757.812902,white
0.8,67,GWINNETT,13573,1730,13573,135,4835516,73,PINCKNEYVILLE P,89159.9742188,white
1.56,67,GWINNETT,135126,1783,135126,135,4835564,126,PINCKNEYVILLE A1,157289.26475,white
0.19,60,FULTON,121RW21B,1492,121RW21B,121,4835631,RW21B,RW21B,215870.515805,white
1.89,60,FULTON,121JC19,1448,121JC19,121,4835652,JC19,JC19,116523.586226,white
2.0,60,FULTON,121JC13A,1440,121JC13A,121,4835716,JC13A,JC13A,215884.83114,white
1.44,67,GWINNETT,13522,1679,13522,135,4835774,22,PINCKNEYVILLE C,112593.361519,white
0.87,67,GWINNETT,135125,1782,135125,135,4835844,125,PINCKNEYVILLE Z,157519.000127,white
1.27,67,GWINNETT,13562,1719,13562,135,4835886,62,PINCKNEYVILLE L,158449.136342,white
0.3,60,FULTON,121JC13B,1441,121JC13B,121,4835947,JC13B,JC13B,215885.0,white
1.64,67,GWINNETT,13563,1720,13563,135,4835980,63,PINCKNEYVILLE M,174588.43018,white
1.59,67,GWINNETT,13521,1678,13521,135,4823170,21,PINCKNEYVILLE B,48705.2491376,hispanic
1.66,67,GWINNETT,13551,1708,13551,135,4823245,51,PINCKNEYVILLE J,41192.3195348,hispanic
0.88,67,GWINNETT,135113,1770,135113,135,4823305,113,PINCKNEYVILLE V,58325.9909451,
2.86,67,GWINNETT,135114,1771,135114,135,4823352,114,PINCKNEYVILLE W,68796.7918856,
1.43,67,GWINNETT,13520,1677,13520,135,4823455,20,PINKCNEYVILLE A,48121.3441719,hispanic
1.95,67,GWINNETT,13587,1744,13587,135,4823532,87,PINCKNEYVILLE S,73037.8726623,
0.98,44,DEKALB,089EF,840,089EF,089,4800437,EF,EVANSDALE ELEM,77401.9394479,white
1.24,44,DEKALB,089MH,888,089MH,089,4800523,MH,MIDVALE ELEM,99403.6207026,white
2.11,44,DEKALB,089TH,962,089TH,089,4800586,TH,TUCKER LIBRARY,86583.1318894,white
0.56,44,DEKALB,089LV,880,089LV,089,4800677,LV,LIVSEY ELEM,96227.6770666,white
0.83,44,DEKALB,089DB,830,089DB,089,4800733,DB,DORAVILLE SOUTH (DOR,50535.0285842,
1.25,60,FULTON,121JC18A,1446,121JC18A,121,4842527,JC18A,JC18A,98820.6053867,white
0.07,60,FULTON,121JC18B,1447,121JC18B,121,4842566,JC18B,JC18B,117149.0,white
0.11,60,FULTON,121JC17,1445,121JC17,121,4842586,JC17,JC17,117142.980528,white
1.02,60,FULTON,121AP01C,1374,121AP01C,121,4842615,AP01C,AP01C,111815.650764,white
0.73,60,FULTON,121JC16,1444,121JC16,121,4842682,JC16,JC16,117148.995231,white
2.51,60,FULTON,121AP01A,1372,121AP01A,121,4842734,AP01A,AP01A,116185.023555,white
0.97,60,FULTON,121AP13,1394,121AP13,121,4842823,AP13,AP13,140031.290537,white
0.43,60,FULTON,121AP12A,1390,121AP12A,121,4842858,AP12A,AP12A,97284.0001583,
1.07,60,FULTON,121JC14,1442,121JC14,121,4842896,JC14,JC14,215884.999136,white
1.04,60,FULTON,121AP14,1395,121AP14,121,4842934,AP14,AP14,118228.333247,white
0.36,60,FULTON,121JC15,1443,121JC15,121,4843023,JC15,JC15,127036.418003,white
0.99,60,FULTON,121JC10,1437,121JC10,121,4843058,JC10,JC10,111750.530237,white
1.5,44,DEKALB,089AG,791,089AG,089,4743709,AG,ASHFORD DUNWOODY RD,138754.283642,white
1.09,44,DEKALB,089AH,792,089AH,089,4743771,AH,ASHFORD PARKSIDE (BH,94373.329923,white
1.46,44,DEKALB,089MU,901,089MU,089,4743841,MU,MONTGOMERY  (BHAVN),59718.1137412,white
0.95,44,DEKALB,089KG,873,089KG,089,4743895,KG,KITTREDGE ELEM (BHAV,64576.1341072,white
1.54,44,DEKALB,089GD,855,089GD,089,4743959,GD,GEORGETOWN SQ (DUN),93518.2565336,white
0.88,44,DEKALB,089DF,833,089DF,089,4744017,DF,DUNWOODY (DUN),103704.870622,
1.03,44,DEKALB,089MS,899,089MS,089,4744072,MS,MOUNT VERNON WEST (D,135705.256782,white
0.77,60,FULTON,12107F,1293,12107F,121,4714689,07F,07F,120758.606402,white
0.88,60,FULTON,12107D,1291,12107D,121,4714751,07D,07D,131764.348369,white
0.23,60,FULTON,12107N,1297,12107N,121,4714827,07N,07N,52523.0003284,
0.47,60,FULTON,12107M,1296,12107M,121,4714872,07M,07M,77244.3317819,
0.54,60,FULTON,12107E,1292,12107E,121,4714932,07E,07E,126115.024592,white
1.62,60,FULTON,12107A,1288,12107A,121,4714981,07A,07A,157276.007275,white
0.65,60,FULTON,12107C,1290,12107C,121,4715062,07C,07C,176043.722072,white
1.73,60,FULTON,12107B,1289,12107B,121,4715111,07B,07B,199294.36658,white
0.96,44,DEKALB,089MZ,904,089MZ,089,4884809,MZ,MILLER GROVE HIGH,39873.7680554,black
7.93,44,DEKALB,089RL,933,089RL,089,4907197,RL,ROCK CHAPEL ROAD,55589.406838,black
5.04,44,DEKALB,089RF,927,089RF,089,4907383,RF,ROCK CHAPEL ELEM,69754.00005,black
1.97,44,DEKALB,089RI,930,089RI,089,4907423,RI,ROCKBRIDGE ROAD,76356.9663357,black
5.22,67,GWINNETT,135122,1779,135122,135,4907477,122,ROCKBRIDGE G,66881.53564,black
1.01,67,GWINNETT,13529,1686,13529,135,5010476,29,CATES B,105833.146071,white
1.34,67,GWINNETT,13579,1736,13579,135,5010538,79,CATES K,105832.992696,white
2.37,67,GWINNETT,135139,1796,135139,135,5010590,139,MARTINS K,60154.2597737,
2.53,67,GWINNETT,135115,1772,135115,135,5010640,115,MARTINS H,62549.6379779,
1.67,67,GWINNETT,13568,1725,13568,135,5010700,68,CATES I,104667.072613,white
1.73,67,GWINNETT,13593,1750,13593,135,5010776,93,CATES M,115555.99355,white
0.89,67,GWINNETT,135127,1784,135127,135,5010842,127,LAWRENCEVILLE J,60407.0102112,
1.47,67,GWINNETT,13518,1675,13518,135,5010881,18,MARTINS B,59237.7297579,
2.2,67,GWINNETT,13569,1726,13569,135,5002283,69,CATES J,103561.424641,white
2.06,67,GWINNETT,13536,1693,13536,135,5002342,36,CATES E,101285.282677,white
0.88,67,GWINNETT,135107,1764,135107,135,5002405,107,CATES O,105700.685053,white
2.75,67,GWINNETT,13535,1692,13535,135,5002457,35,CATES D,95189.7064185,white
2.01,67,GWINNETT,13544,1701,13544,135,5002539,44,ROCKBRIDGE B,69315.1544263,black
2.41,67,GWINNETT,13553,1710,13553,135,5002592,53,CATES H,55325.4170542,black
1.2,67,GWINNETT,13546,1703,13546,135,5002671,46,CATES F,112113.957655,white
2.09,67,GWINNETT,13547,1704,13547,135,5002721,47,CATES G,112113.999945,white
2.01,67,GWINNETT,135143,1800,135143,135,5060326,143,LAWRENCEVILLE L,79124.9828859,
1.82,67,GWINNETT,13561,1718,13561,135,5060402,61,LAWRENCEVILLE E,53880.4268808,
1.21,67,GWINNETT,135153,1810,135153,135,5060464,153,LAWRENCEVILLE N,65770.3293267,
2.59,67,GWINNETT,13516,1673,13516,135,5060536,16,LAWRENCEVILLE B,84147.2609054,
2.33,67,GWINNETT,13578,1735,13578,135,5060594,78,BAYCREEK K,80066.6393881,white
2.73,67,GWINNETT,13515,1672,13515,135,5060650,15,LAWRENCEVILLE A,54894.2737124,
2.37,67,GWINNETT,135110,1767,135110,135,5041393,110,MARTINS G,62952.278405,
0.84,67,GWINNETT,135124,1781,135124,135,5041451,124,GOODWINS G,70959.3286338,
0.83,67,GWINNETT,135149,1806,135149,135,5041507,149,GOODWINS I,93855.9999817,white
1.51,67,GWINNETT,1356,1663,1356,135,5041556,6,GOODWINS A,82916.7351706,white
1.18,67,GWINNETT,135128,1785,135128,135,5041625,128,GOODWINS H,72928.3511667,white
1.94,67,GWINNETT,13583,1740,13583,135,5041693,83,GOODWINS D,83704.7140178,white
5.7,67,GWINNETT,135106,1763,135106,135,5041762,106,SUWANEE C,104351.906772,
2.74,67,GWINNETT,135105,1762,135105,135,5184155,105,SUGAR HILL F,111801.874104,white
