,DISTRICT,income,race,Precinct Description,Precinct,registered_v,rep_votes,dem_votes,total,rep_p,dem_p,_merge
0,121UC034,49669.0000975,black,UC034,UC034,36.0,2.0,15.0,17.0,0.0,0.0,both
1,063RD02,48828.1436927,black,RIVERDALE 2,RIVERDALE 2,2329.0,62.0,1021.0,1093.0,0.0,0.0,both
2,063JB12,52807.9999916,black,JONESBORO 12,JONESBORO 12,2062.0,83.0,864.0,957.0,0.0,0.0,both
3,063RD12,56430.6573469,black,RIVERDALE 12,RIVERDALE 12,2214.0,92.0,1075.0,1178.0,0.0,0.0,both
4,121SC212,49669.0,black,SC212,SC212,2250.0,55.0,1007.0,1066.0,0.0,0.0,both
5,121FA01B,49669.0,black,FA01B,FA01B,506.0,9.0,227.0,241.0,0.0,0.0,both
6,121FA01A,60801.4212202,black,FA01A,FA01A,6066.0,391.0,2580.0,2992.0,0.0,0.0,both
7,1352,66640.9990353,black,ROCKBRIDGE A,ROCKBRIDGE A,2685.0,417.0,931.0,1376.0,0.0,0.0,both
8,13575,68494.6886219,black,ROCKBRIDGE C,ROCKBRIDGE C,3512.0,499.0,1476.0,2013.0,0.0,0.0,both
9,121PA01,45172.5612156,white,PA01,PA01,1916.0,57.0,213.0,271.0,0.0,0.0,both
10,121CH04B,41282.0,white,CH04B,,,,,,,,left_only
11,063JB17,43596.1683036,black,JONESBORO 17,JONESBORO 17,3337.0,120.0,1453.0,1591.0,0.0,0.0,both
12,063JB02,49034.3307719,black,JONESBORO 2,JONESBORO 2,3076.0,85.0,1392.0,1487.0,0.0,0.0,both
13,063RD09,50495.8311885,black,RIVERDALE 9,RIVERDALE 9,2022.0,105.0,839.0,956.0,0.0,0.0,both
14,063JB16,40743.0448871,black,JONESBORO 16,JONESBORO 16,1572.0,78.0,570.0,667.0,0.0,0.0,both
15,063RD05,50020.9999236,black,RIVERDALE 5,RIVERDALE 5,2175.0,106.0,932.0,1051.0,0.0,0.0,both
16,063JB03,56598.5908975,black,JONESBORO 3,JONESBORO 3,2850.0,289.0,1216.0,1526.0,0.0,0.0,both
17,063JB10,44499.2552632,black,JONESBORO 10,JONESBORO 10,2241.0,115.0,786.0,920.0,0.0,0.0,both
18,063JB09,35822.5347114,black,JONESBORO 9,JONESBORO 9,1049.0,95.0,321.0,428.0,0.0,0.0,both
19,089FG,64793.0,black,FLAT ROCK ELEM,FLAT ROCK ELEM,2357.0,51.0,1257.0,1317.0,0.0,0.0,both
20,089CF,64793.0000217,black,CANDLER-MURPHEY CANDLER ELEM,CANDLER-MURPHEY CANDLER ELEM,2267.0,114.0,1108.0,1229.0,0.0,0.0,both
21,121JC08,126335.99752,white,JC08,JC08,2333.0,756.0,459.0,1242.0,0.0,0.0,both
22,121JC05,98246.0388369,,JC05,JC05,1795.0,447.0,312.0,772.0,0.0,0.0,both
23,121JC04B,113558.0,white,JC04B,JC04B,209.0,51.0,36.0,88.0,0.0,0.0,both
24,121JC03A,98246.0004352,,JC03A,JC03A,462.0,136.0,76.0,213.0,0.0,0.0,both
25,121JC04A,163061.374152,white,JC04A,JC04A,3539.0,1042.0,620.0,1683.0,0.0,0.0,both
26,121JC03B,98246.0002512,,JC03B,JC03B,1156.0,269.0,240.0,520.0,0.0,0.0,both
27,121JC06,126336.000022,white,JC06,JC06,2210.0,740.0,293.0,1044.0,0.0,0.0,both
28,135111,76509.2838063,,DULUTH H,DULUTH H,1991.0,558.0,344.0,923.0,0.0,0.0,both
29,121JC02,119965.050347,,JC02,JC02,1383.0,362.0,243.0,614.0,0.0,0.0,both
30,089FE,65591.1473802,black,FLAT SHOALS PARKWAY,FLAT SHOALS PARKWAY,2766.0,58.0,1547.0,1619.0,0.0,0.0,both
31,089CG,72421.3486141,black,CHAPEL HILL ELEM,CHAPEL HILL ELEM,2585.0,53.0,1454.0,1517.0,0.0,0.0,both
32,089KD,75793.7897241,black,KING-ML KING JR HIGH,KING-ML KING JR HIGH,3355.0,54.0,2002.0,2065.0,0.0,0.0,both
33,089BJ,69589.6873835,black,BROWNS MILL ELEM,BROWNS MILL ELEM,3026.0,80.0,1748.0,1843.0,0.0,0.0,both
34,089OV,51142.8983879,black,OAK VIEW ELEM,OAK VIEW ELEM,3621.0,51.0,1825.0,1887.0,0.0,0.0,both
35,089HH,59598.6970728,black,NARVIE J HARRIS ELEM,,,,,,,,left_only
36,089FK,74727.9999779,black,FLAKES MILL FIRE STATION,FLAKES MILL FIRE STATION,1534.0,33.0,800.0,839.0,0.0,0.0,both
37,089SB,70105.1177822,white,SCOTT,SCOTT,2045.0,267.0,878.0,1170.0,0.0,0.0,both
38,089MG,69707.7390984,white,MEDLOCK,,,,,,,,left_only
39,089CJ,79524.7953418,white,CLAIRMONT ROAD,CLAIRMONT ROAD,2676.0,378.0,965.0,1374.0,0.0,0.0,both
40,063JB08,44427.2567272,black,JONESBORO 8,JONESBORO 8,2620.0,60.0,907.0,975.0,0.0,0.0,both
41,063MO8,54253.9085824,black,MORROW 8,MORROW 8,2143.0,87.0,1098.0,1193.0,0.0,0.0,both
42,063MO5,64404.8017229,black,MORROW 5,MORROW 5,3588.0,325.0,1684.0,2037.0,0.0,0.0,both
43,063RD07,39854.7245755,black,RIVERDALE 7,RIVERDALE 7,1766.0,96.0,524.0,636.0,0.0,0.0,both
44,063FP3,35993.1132663,,FOREST PARK 3,FOREST PARK 3,1628.0,149.0,540.0,699.0,0.0,0.0,both
45,063RD06,36949.3305338,black,RIVERDALE 6,RIVERDALE 6,2371.0,148.0,705.0,867.0,0.0,0.0,both
46,063JB15,35178.5895145,black,JONESBORO 15,JONESBORO 15,1955.0,114.0,621.0,749.0,0.0,0.0,both
47,063FP5,37037.8752304,,FOREST PARK 5,FOREST PARK 5,2507.0,217.0,705.0,940.0,0.0,0.0,both
48,063FP6,46613.8230662,,FOREST PARK 6,FOREST PARK 6,1011.0,163.0,317.0,485.0,0.0,0.0,both
49,063RD04,49299.9556957,black,RIVERDALE 4,RIVERDALE 4,3183.0,138.0,1184.0,1334.0,0.0,0.0,both
50,12111J,41628.0000181,black,11J,11J,1457.0,13.0,733.0,748.0,0.0,0.0,both
51,121SC23A,56054.9410052,black,SC23A,SC23A,4037.0,51.0,2019.0,2080.0,0.0,0.0,both
52,063RD11,65591.2016586,black,RIVERDALE 11,RIVERDALE 11,1394.0,69.0,745.0,825.0,0.0,0.0,both
53,121SC27,43809.1670036,black,SC27,SC27,1781.0,24.0,1014.0,1045.0,0.0,0.0,both
54,121CP083,41166.0,black,CP083,,,,,,,,left_only
55,121CP08A,57248.9999496,white,CP08A,,,,,,,,left_only
56,063RD08,62179.274513,black,RIVERDALE 8,RIVERDALE 8,2115.0,137.0,1135.0,1289.0,0.0,0.0,both
57,121SC08B,43010.1486789,black,SC08B,SC08B,2592.0,50.0,1345.0,1406.0,0.0,0.0,both
58,121SC29A,49669.0001547,black,SC29A,SC29A,2336.0,25.0,1268.0,1300.0,0.0,0.0,both
59,121SC23B,54597.9959849,black,SC23B,SC23B,369.0,12.0,183.0,198.0,0.0,0.0,both
60,121SC09B,46959.0854889,black,SC09B,SC09B,1379.0,20.0,750.0,773.0,0.0,0.0,both
61,121SC11B,56759.9999777,black,SC11B,SC11B,1320.0,17.0,700.0,719.0,0.0,0.0,both
62,121SC11A,56759.9999747,black,SC11A,SC11A,1184.0,13.0,637.0,653.0,0.0,0.0,both
63,121SC08D,39694.0,black,SC08D,SC08D,409.0,4.0,206.0,210.0,0.0,0.0,both
64,121UC01B,39848.998953,black,UC01B,UC01B,300.0,1.0,89.0,90.0,0.0,0.0,both
65,121SC09A,44086.6969134,black,SC09A,SC09A,2598.0,44.0,1158.0,1205.0,0.0,0.0,both
66,121UC01A,49338.6179548,black,UC01A,UC01A,2821.0,32.0,1057.0,1098.0,0.0,0.0,both
67,121UC031,51926.3173636,black,UC031,UC031,1901.0,209.0,636.0,851.0,0.0,0.0,both
68,121SC08E,49346.9978534,black,SC08E,SC08E,333.0,1.0,163.0,165.0,0.0,0.0,both
69,121UC035,50266.6137287,black,UC035,UC035,7.0,2.0,3.0,5.0,0.0,0.0,both
70,121UC01D,48657.0,black,UC01D,,,,,,,,left_only
71,121SC17B,48657.0,black,SC17B,,,,,,,,left_only
72,121SC07A,64043.8404756,black,SC07A,SC07A,3905.0,245.0,2022.0,2284.0,0.0,0.0,both
73,121CH03,41282.0,white,CH03,CH03,272.0,115.0,51.0,169.0,0.0,0.0,both
74,121CH02,41282.0000023,white,CH02,CH02,260.0,57.0,97.0,154.0,0.0,0.0,both
75,121CH01,41282.0,white,CH01,CH01,190.0,22.0,50.0,74.0,0.0,0.0,both
76,121SC04,51949.8440986,white,SC04,SC04,859.0,231.0,272.0,514.0,0.0,0.0,both
77,121CH05,41282.0,white,CH05,CH05,328.0,151.0,36.0,193.0,0.0,0.0,both
78,121CH04A,41282.0,white,CH04A,CH04A,412.0,155.0,97.0,258.0,0.0,0.0,both
79,063JB18,52205.8454371,black,JONESBORO 18,JONESBORO 18,2263.0,174.0,882.0,1076.0,0.0,0.0,both
80,063JB11,71803.0289449,black,JONESBORO 11,JONESBORO 11,2840.0,439.0,1145.0,1611.0,0.0,0.0,both
81,063JB07,61414.1036329,black,JONESBORO 7,JONESBORO 7,2340.0,296.0,930.0,1242.0,0.0,0.0,both
82,063JB06,98786.0904393,white,JONESBORO 6,JONESBORO 6,2009.0,693.0,551.0,1264.0,0.0,0.0,both
83,121UC032,49669.0000862,black,UC032,UC032,16.0,2.0,4.0,6.0,0.0,0.0,both
84,121SC211,54300.2067363,black,SC211,SC211,820.0,13.0,434.0,448.0,0.0,0.0,both
85,063JB01,39933.0779979,black,JONESBORO 1,JONESBORO 1,3515.0,165.0,1423.0,1614.0,0.0,0.0,both
86,063PH1,71320.0,black,PANHANDLE 1,PANHANDLE 1,2293.0,171.0,1144.0,1325.0,0.0,0.0,both
87,063JB13,61686.8245944,black,JONESBORO 13,JONESBORO 13,1336.0,154.0,645.0,813.0,0.0,0.0,both
88,063LJ4,62823.9968421,black,LOVEJOY 4,LOVEJOY 4,2983.0,159.0,1368.0,1544.0,0.0,0.0,both
89,063LJ5,48898.9998072,black,LOVEJOY 5,LOVEJOY 5,2207.0,108.0,951.0,1074.0,0.0,0.0,both
90,063PH2,71320.0,black,PANHANDLE 2,PANHANDLE 2,2043.0,367.0,785.0,1164.0,0.0,0.0,both
91,063JB04,37524.6059607,black,JONESBORO 4,JONESBORO 4,1566.0,113.0,520.0,644.0,0.0,0.0,both
92,063LJ3,66907.0979587,black,LOVEJOY 3,LOVEJOY 3,4240.0,405.0,1553.0,1982.0,0.0,0.0,both
93,063LJ1,50463.5165331,black,LOVEJOY 1,LOVEJOY 1,2716.0,269.0,1239.0,1531.0,0.0,0.0,both
94,063LJ2,59069.9955964,black,LOVEJOY 2,LOVEJOY 2,2257.0,141.0,936.0,1088.0,0.0,0.0,both
95,063JB05,62825.0,black,JONESBORO 5,JONESBORO 5,1532.0,223.0,537.0,768.0,0.0,0.0,both
96,063JB14,66969.206291,black,JONESBORO 14,JONESBORO 14,3390.0,684.0,1290.0,2007.0,0.0,0.0,both
97,135147,90842.5664644,,BAYCREEK I,BAYCREEK I,3769.0,906.0,913.0,1873.0,0.0,0.0,both
98,13580,84393.7784348,,BAYCREEK C,BAYCREEK C,4139.0,1153.0,1058.0,2254.0,0.0,0.0,both
99,13590,57021.6103245,,LAWRENCEVILLE I,LAWRENCEVILLE I,2168.0,555.0,516.0,1113.0,0.0,0.0,both
100,13585,88378.1611122,white,LAWRENCEVILLE H,LAWRENCEVILLE H,3140.0,1004.0,544.0,1596.0,0.0,0.0,both
101,135132,87845.014055,white,LAWRENCEVILLE K,LAWRENCEVILLE K,2467.0,779.0,454.0,1258.0,0.0,0.0,both
102,13560,62617.0986675,,LAWRENCEVILLE D,LAWRENCEVILLE D,3229.0,346.0,745.0,1109.0,0.0,0.0,both
103,13542,86150.1992045,white,LAWRENCEVILLE C,LAWRENCEVILLE C,2190.0,774.0,320.0,1138.0,0.0,0.0,both
104,1359,80975.999975,white,PUCKETTS A,PUCKETTS A,3549.0,1387.0,463.0,1893.0,0.0,0.0,both
105,135135,90506.7657347,white,PUCKETTS C,PUCKETTS C,2259.0,784.0,301.0,1129.0,0.0,0.0,both
106,1353,88376.2428555,white,DACULA,DACULA,3307.0,909.0,766.0,1719.0,0.0,0.0,both
107,135152,92688.0017271,white,ROCKYCREEK C,ROCKYCREEK C,3497.0,1187.0,668.0,1888.0,0.0,0.0,both
108,135137,80511.0777688,white,ROCKYCREEK B,ROCKYCREEK B,3657.0,1217.0,626.0,1903.0,0.0,0.0,both
109,135154,80791.9673805,white,PUCKETTS D,PUCKETTS D,2286.0,901.0,289.0,1231.0,0.0,0.0,both
110,1358,110889.981861,white,DUNCANS A,DUNCANS A,3536.0,1523.0,440.0,2016.0,0.0,0.0,both
111,13513,111087.0,white,DUNCANS C,DUNCANS C,2380.0,1086.0,262.0,1384.0,0.0,0.0,both
112,121RW09,176443.563528,white,RW09,RW09,2442.0,1051.0,329.0,1398.0,0.0,0.0,both
113,135108,80886.0366707,,BAYCREEK E,BAYCREEK E,2265.0,638.0,469.0,1129.0,0.0,0.0,both
114,135145,76761.3788658,white,BAYCREEK G,BAYCREEK G,3107.0,948.0,670.0,1646.0,0.0,0.0,both
115,135146,82443.0556252,white,BAYCREEK H,BAYCREEK H,4012.0,1479.0,676.0,2191.0,0.0,0.0,both
116,13591,94098.1579451,white,BAYCREEK D,BAYCREEK D,3355.0,1181.0,652.0,1882.0,0.0,0.0,both
117,135133,82440.026504,white,HARBINS B,HARBINS B,2851.0,1059.0,355.0,1469.0,0.0,0.0,both
118,13528,103858.05682,white,ROCKYCREEK A,ROCKYCREEK A,3847.0,1355.0,668.0,2074.0,0.0,0.0,both
119,135129,111273.950701,white,DUNCANS B,DUNCANS B,3262.0,1365.0,392.0,1808.0,0.0,0.0,both
120,13539,111722.999983,white,DUNCANS D,DUNCANS D,4282.0,1759.0,439.0,2261.0,0.0,0.0,both
121,135104,74483.9951314,black,ROCKBRIDGE F,ROCKBRIDGE F,4120.0,621.0,1634.0,2287.0,0.0,0.0,both
122,13576,74483.9999396,black,ROCKBRIDGE D,ROCKBRIDGE D,2726.0,538.0,954.0,1505.0,0.0,0.0,both
123,13552,86326.5441964,white,BERKSHIRE G,BERKSHIRE G,1785.0,675.0,395.0,1103.0,0.0,0.0,both
124,1351,77447.9999908,white,HARBINS A,HARBINS A,4016.0,1303.0,747.0,2122.0,0.0,0.0,both
125,135151,77448.0000003,white,HARBINS C,HARBINS C,1708.0,722.0,201.0,944.0,0.0,0.0,both
126,067WL01,136873.844336,white,WILLEO 01,,,,,,,,left_only
127,121RW07B,45170.9301991,hispanic,RW07B,RW07B,307.0,56.0,85.0,149.0,0.0,0.0,both
128,121AP03,57454.0000093,,AP03,AP03,640.0,60.0,144.0,211.0,0.0,0.0,both
129,121RW05,58003.9855617,,RW05,RW05,1701.0,284.0,347.0,644.0,0.0,0.0,both
130,121AP021,110781.941078,white,AP021,AP021,2304.0,679.0,373.0,1082.0,0.0,0.0,both
131,121RW06,93606.2385029,white,RW06,RW06,2430.0,709.0,499.0,1232.0,0.0,0.0,both
132,121RW13,103843.601204,white,RW13,RW13,2954.0,1028.0,552.0,1617.0,0.0,0.0,both
133,121AP01D,81158.1907624,white,AP01D,AP01D,656.0,149.0,112.0,266.0,0.0,0.0,both
134,121AP02B,61654.999889,,AP02B,AP02B,356.0,90.0,61.0,153.0,0.0,0.0,both
135,121AP022,61655.0002753,,AP022,AP022,1755.0,465.0,332.0,822.0,0.0,0.0,both
136,121AP01B,84909.9999854,,AP01B,AP01B,648.0,93.0,105.0,206.0,0.0,0.0,both
137,063RD01,59697.5995614,black,RIVERDALE 1,RIVERDALE 1,1764.0,88.0,946.0,1041.0,0.0,0.0,both
138,063RD03,48284.7791155,black,RIVERDALE 3,RIVERDALE 3,2580.0,75.0,1159.0,1248.0,0.0,0.0,both
139,063OAK4,50172.3189563,black,OAK 4,OAK 4,2394.0,54.0,1036.0,1099.0,0.0,0.0,both
140,063OAK2,46756.5878746,black,OAK 2,OAK 2,1039.0,33.0,377.0,416.0,0.0,0.0,both
141,063RD10,31847.5402106,black,RIVERDALE 10,RIVERDALE 10,1942.0,25.0,655.0,686.0,0.0,0.0,both
142,063OAK3,34426.8627647,black,OAK 3,OAK 3,2856.0,62.0,962.0,1032.0,0.0,0.0,both
143,121CP06,57248.9999336,white,CP06,CP06,369.0,2.0,93.0,95.0,0.0,0.0,both
144,121CP05B,35056.3167721,black,CP05B,CP05B,90.0,1.0,35.0,36.0,0.0,0.0,both
145,121CP07D,35016.0,black,CP07D,,,,,,,,left_only
146,121RW08,104907.832885,white,RW08,RW08,1928.0,744.0,308.0,1076.0,0.0,0.0,both
147,121RW18,152029.727253,white,RW18,RW18,1991.0,841.0,311.0,1172.0,0.0,0.0,both
148,121RW16,110849.313211,white,RW16,RW16,1575.0,590.0,293.0,902.0,0.0,0.0,both
149,121RW12,113046.672824,white,RW12,RW12,3083.0,1203.0,557.0,1804.0,0.0,0.0,both
150,089DI,159717.823872,white,DUNWOODY LIBRARY,DUNWOODY LIBRARY,2205.0,1070.0,361.0,1457.0,0.0,0.0,both
151,089AD,157989.300633,white,AUSTIN,AUSTIN,2235.0,1052.0,391.0,1474.0,0.0,0.0,both
152,089MQ,146753.47041,white,MOUNT VERNON EAST,,,,,,,,left_only
153,121SS15B,72017.9998374,,SS15B,SS15B,1339.0,191.0,316.0,522.0,0.0,0.0,both
154,121SS17,46878.6732202,white,SS17,SS17,2998.0,1008.0,534.0,1561.0,0.0,0.0,both
155,063OAK1,40769.3914333,black,OAK 1,OAK 1,1608.0,27.0,607.0,640.0,0.0,0.0,both
156,121CP02,79794.9668548,,CP02,CP02,813.0,66.0,283.0,357.0,0.0,0.0,both
157,121CP01B,79794.9992581,,CP01B,CP01B,335.0,45.0,96.0,146.0,0.0,0.0,both
158,067VG01,88765.7888437,white,VININGS 01,VININGS 01,1760.0,457.0,394.0,881.0,0.0,0.0,both
159,12109F,92955.4619794,white,09F,09F,2909.0,838.0,739.0,1608.0,0.0,0.0,both
160,12108N2,221381.421359,white,08N2,08N2,981.0,327.0,251.0,583.0,0.0,0.0,both
161,12108N1,221299.000193,white,08N1,08N1,703.0,324.0,123.0,451.0,0.0,0.0,both
162,12108F1,226070.090638,white,08F1,08F1,1922.0,901.0,355.0,1273.0,0.0,0.0,both
163,12108A,263565.203108,white,08A,08A,2537.0,882.0,506.0,1403.0,0.0,0.0,both
164,12108D,255725.654679,white,08D,08D,937.0,475.0,200.0,677.0,0.0,0.0,both
165,067CA01,67115.7864348,,CHATTAHOOCHEE 01,CHATTAHOOCHEE 01,4192.0,434.0,972.0,1461.0,0.0,0.0,both
166,067TM01,62734.6678864,,TERRELL MILL 01,TERRELL MILL 01,4160.0,721.0,964.0,1740.0,0.0,0.0,both
167,067SO02,109556.046759,white,SOPE CREEK 02,SOPE CREEK 02,3732.0,1348.0,685.0,2088.0,0.0,0.0,both
168,121SS09A,66325.2756171,white,SS09A,SS09A,2603.0,1091.0,551.0,1664.0,0.0,0.0,both
169,067SO03,166386.08086,white,SOPE CREEK 03,SOPE CREEK 03,2451.0,1054.0,359.0,1457.0,0.0,0.0,both
170,121SS16,58034.0000791,,SS16,SS16,1894.0,848.0,389.0,1250.0,0.0,0.0,both
171,121AP09A,105645.403973,white,AP09A,AP09A,3603.0,1077.0,613.0,1722.0,0.0,0.0,both
172,135121,112622.830828,white,PINCKNEYVILLE X,PINCKNEYVILLE X,2341.0,788.0,495.0,1334.0,0.0,0.0,both
173,13540,88833.7062525,,PINCKNEYVILLE H,PINCKNEYVILLE H,2930.0,886.0,684.0,1625.0,0.0,0.0,both
174,121JC12,170409.619398,white,JC12,JC12,2066.0,982.0,298.0,1299.0,0.0,0.0,both
175,13599,63661.8072709,,PINCKNEYVILLE T,PINCKNEYVILLE T,2137.0,477.0,481.0,995.0,0.0,0.0,both
176,121SS15A,44353.0003431,black,SS15A,SS15A,1950.0,109.0,471.0,594.0,0.0,0.0,both
177,067RW01,135308.349366,white,ROSWELL 01,ROSWELL 01,4758.0,2007.0,851.0,2950.0,0.0,0.0,both
178,121RW02,142982.961069,white,RW02,RW02,3339.0,1157.0,632.0,1842.0,0.0,0.0,both
179,121RW10,121373.989042,white,RW10,RW10,2836.0,1126.0,483.0,1650.0,0.0,0.0,both
180,121RW15,166033.558256,white,RW15,RW15,2741.0,1118.0,390.0,1535.0,0.0,0.0,both
181,121RW01,108603.189828,white,RW01,RW01,4059.0,1534.0,714.0,2280.0,0.0,0.0,both
182,121RW03,71633.4028417,,RW03,RW03,3392.0,772.0,722.0,1533.0,0.0,0.0,both
183,135155,120739.198901,white,SUWANEE G,SUWANEE G,2650.0,798.0,486.0,1321.0,0.0,0.0,both
184,135140,145658.999772,white,SUWANEE H,SUWANEE H,2784.0,1221.0,346.0,1593.0,0.0,0.0,both
185,13517,59083.7728671,,MARTINS A,MARTINS A,2109.0,232.0,614.0,859.0,0.0,0.0,both
186,13577,67035.1992435,,GOODWINS C,GOODWINS C,3637.0,739.0,750.0,1535.0,0.0,0.0,both
187,13597,83664.9144076,,GOODWINS E,GOODWINS E,3880.0,1116.0,697.0,1877.0,0.0,0.0,both
188,067LM02,132393.217757,white,LOST MOUNTAIN 02,LOST MOUNTAIN 02,3525.0,1621.0,359.0,2034.0,0.0,0.0,both
189,067FR01,140268.115179,white,FORD 01,FORD 01,2620.0,1114.0,291.0,1438.0,0.0,0.0,both
190,067DU01,122343.99999,white,DURHAM 01,DURHAM 01,3444.0,1556.0,384.0,1988.0,0.0,0.0,both
191,067KP03,123383.605978,white,KEMP 03,KEMP 03,3221.0,1515.0,404.0,1963.0,0.0,0.0,both
192,067FY01,121066.425676,white,FREY 01,FREY 01,1985.0,786.0,293.0,1118.0,0.0,0.0,both
193,067LM04,130492.169301,white,LOST MOUNTAIN 04,LOST MOUNTAIN 04,2201.0,942.0,295.0,1272.0,0.0,0.0,both
194,067MS01,105760.970971,white,MARS HILL 01,MARS HILL 01,2594.0,1062.0,265.0,1373.0,0.0,0.0,both
195,067LW01,99747.7968572,white,LEWIS 01,LEWIS 01,1224.0,483.0,224.0,728.0,0.0,0.0,both
196,135131,145658.999952,white,SUWANEE E,SUWANEE E,3103.0,1209.0,447.0,1707.0,0.0,0.0,both
197,1354,100037.072778,white,SUWANEE A,SUWANEE A,1300.0,318.0,224.0,555.0,0.0,0.0,both
198,13598,86616.2120716,white,GOODWINS F,GOODWINS F,2324.0,605.0,476.0,1120.0,0.0,0.0,both
199,135142,108954.871969,,SUWANEE F,SUWANEE F,2816.0,857.0,523.0,1424.0,0.0,0.0,both
200,135100,108992.821252,,SUWANEE B,SUWANEE B,3084.0,1028.0,525.0,1592.0,0.0,0.0,both
201,13530,70953.6404458,,CATES C,CATES C,2092.0,503.0,594.0,1117.0,0.0,0.0,both
202,13570,102252.99995,white,GOODWINS B,GOODWINS B,3119.0,1098.0,507.0,1668.0,0.0,0.0,both
203,13526,82901.170437,,HOG MOUNTAIN A,HOG MOUNTAIN A,3211.0,732.0,625.0,1395.0,0.0,0.0,both
204,13531,89986.5605277,white,HOG MOUNTAIN D,HOG MOUNTAIN D,2249.0,782.0,360.0,1175.0,0.0,0.0,both
205,135136,80519.2148583,white,HOG MOUNTAIN C,HOG MOUNTAIN C,2964.0,947.0,440.0,1437.0,0.0,0.0,both
206,13567,80968.0378222,white,PUCKETTS E,PUCKETTS E,3503.0,964.0,604.0,1606.0,0.0,0.0,both
207,13571,80776.9390566,,LAWRENCEVILLE F,LAWRENCEVILLE F,2883.0,447.0,948.0,1417.0,0.0,0.0,both
208,135144,70796.5579162,,LAWRENCEVILLE M,LAWRENCEVILLE M,3741.0,428.0,1182.0,1644.0,0.0,0.0,both
209,13527,86588.316059,white,HOG MOUNTAIN B,HOG MOUNTAIN B,3319.0,1227.0,589.0,1866.0,0.0,0.0,both
210,067FP01,130850.90241,white,FULLERS PARK 01,FULLERS PARK 01,2922.0,1185.0,577.0,1797.0,0.0,0.0,both
211,067SM01,125454.990659,white,SEWELL MILL 01,SEWELL MILL 01,2806.0,1133.0,487.0,1675.0,0.0,0.0,both
212,067MD01,126857.326326,white,MURDOCK 01,MURDOCK 01,3387.0,1428.0,609.0,2109.0,0.0,0.0,both
213,067MT04,209538.999635,white,MT BETHEL 04,,,,,,,,left_only
214,067EA01,122972.150886,white,EASTSIDE 01,EASTSIDE 01,2528.0,1134.0,477.0,1671.0,0.0,0.0,both
215,067DO01,135135.423006,white,DODGEN 01,DODGEN 01,1799.0,831.0,293.0,1155.0,0.0,0.0,both
216,067CR01,126045.486549,white,CHESTNUT RIDGE 01,CHESTNUT RIDGE 01,2781.0,1291.0,447.0,1788.0,0.0,0.0,both
217,067RW02,153556.991168,white,ROSWELL 02,ROSWELL 02,3236.0,1416.0,513.0,1972.0,0.0,0.0,both
218,067WG02,84696.1926927,white,WADE GREEN 02,WADE GREEN 02,3563.0,1016.0,781.0,1863.0,0.0,0.0,both
219,067BG02,101215.728602,white,BIG SHANTY 02,BIG SHANTY 02,2557.0,868.0,433.0,1339.0,0.0,0.0,both
220,067PT01,111668.999885,white,PITNER 01,PITNER 01,2295.0,811.0,383.0,1247.0,0.0,0.0,both
221,067CK01,57427.9083144,white,CHALKER 01,CHALKER 01,3332.0,743.0,586.0,1384.0,0.0,0.0,both
222,067PR01,87389.9386063,white,PALMER 01,PALMER 01,2128.0,761.0,333.0,1148.0,0.0,0.0,both
223,067BF03,77375.5927994,white,BELLS FERRY 03,BELLS FERRY 03,4664.0,1517.0,735.0,2343.0,0.0,0.0,both
224,12103E,19653.4983947,black,03E,03E,1615.0,7.0,534.0,546.0,0.0,0.0,both
225,12104J,25242.292842,black,04J,04J,908.0,1.0,129.0,130.0,0.0,0.0,both
226,12103L,60667.9997259,black,03L,03L,492.0,3.0,141.0,146.0,0.0,0.0,both
227,12103M,57334.3119909,white,03M,03M,682.0,59.0,191.0,269.0,0.0,0.0,both
228,12103N,29787.4994217,black,03N,03N,1758.0,9.0,481.0,497.0,0.0,0.0,both
229,12109G1,67895.0182723,white,09G1,09G1,377.0,34.0,113.0,150.0,0.0,0.0,both
230,12109G2,67895.0000883,white,09G2,09G2,1925.0,251.0,528.0,792.0,0.0,0.0,both
231,12109H,67895.0,white,09H,09H,746.0,56.0,209.0,269.0,0.0,0.0,both
232,12108M,135365.035419,white,08M,08M,1321.0,610.0,247.0,865.0,0.0,0.0,both
233,12107J,125829.486437,white,07J,07J,2398.0,516.0,600.0,1129.0,0.0,0.0,both
234,12107H,129059.000016,white,07H,07H,1738.0,525.0,503.0,1040.0,0.0,0.0,both
235,12108G,118764.009889,white,08G,08G,2340.0,529.0,509.0,1046.0,0.0,0.0,both
236,12108C,256389.389374,white,08C,08C,1241.0,586.0,179.0,767.0,0.0,0.0,both
237,12108B,245507.920083,white,08B,08B,2902.0,1044.0,511.0,1582.0,0.0,0.0,both
238,12106I,69900.5230237,,06I,06I,2395.0,162.0,532.0,702.0,0.0,0.0,both
239,067MT01,157721.753009,white,MT BETHEL 01,,,,,,,,left_only
240,121SS18B,90477.0004194,white,SS18B,SS18B,218.0,93.0,51.0,145.0,0.0,0.0,both
241,067TR01,157506.254459,white,TIMBER RIDGE 01,TIMBER RIDGE 01,2223.0,967.0,403.0,1428.0,0.0,0.0,both
242,121SS02A,90477.0,white,SS02A,SS02A,1034.0,233.0,223.0,465.0,0.0,0.0,both
243,121SS19B,77423.006892,white,SS19B,SS19B,1825.0,276.0,408.0,694.0,0.0,0.0,both
244,121SS19A,66247.9391108,,SS19A,SS19A,2523.0,274.0,581.0,870.0,0.0,0.0,both
245,121SS29B,103129.0,,SS29B,,,,,,,,left_only
246,121SS26,57995.7841135,,SS26,SS26,2908.0,179.0,699.0,894.0,0.0,0.0,both
247,121SS20,68393.6845785,,SS20,SS20,1681.0,292.0,327.0,632.0,0.0,0.0,both
248,121SS22,52899.405147,,SS22,SS22,2347.0,548.0,516.0,1086.0,0.0,0.0,both
249,121RW11A,92566.1771281,white,RW11A,RW11A,2266.0,653.0,460.0,1138.0,0.0,0.0,both
250,121RW19,187821.165651,white,RW19,RW19,1742.0,672.0,264.0,950.0,0.0,0.0,both
251,121ML012,177525.000024,white,ML012,ML012,421.0,189.0,47.0,241.0,0.0,0.0,both
252,121ML01B,178143.432728,white,ML01B,ML01B,52.0,17.0,5.0,22.0,0.0,0.0,both
253,121AP04A,138431.719885,white,AP04A,AP04A,1349.0,589.0,188.0,794.0,0.0,0.0,both
254,121ML011,177524.999989,white,ML011,ML011,1809.0,651.0,229.0,893.0,0.0,0.0,both
255,121AP04B,177524.999495,white,AP04B,AP04B,317.0,111.0,53.0,166.0,0.0,0.0,both
256,12105A2,74509.8315883,white,05A2,05A2,2051.0,102.0,800.0,922.0,0.0,0.0,both
257,12103G,15389.0001477,black,03G,03G,513.0,5.0,162.0,169.0,0.0,0.0,both
258,12103T,44311.8871663,black,03T,03T,1308.0,21.0,476.0,506.0,0.0,0.0,both
259,12103P2,21209.0,black,03P2,,,,,,,,left_only
260,12104F,49896.5106383,white,04F,04F,1736.0,42.0,523.0,573.0,0.0,0.0,both
261,12103P1A,53680.0186107,white,03P1A,03P1A,2357.0,84.0,543.0,645.0,0.0,0.0,both
262,12103I,66113.854176,,03I,03I,1080.0,75.0,202.0,291.0,0.0,0.0,both
263,121AP06,111870.317795,white,AP06,AP06,1524.0,566.0,226.0,807.0,0.0,0.0,both
264,121AP07B,138287.349975,white,AP07B,AP07B,1219.0,434.0,177.0,618.0,0.0,0.0,both
265,121ML023,177681.167199,white,ML023,ML023,1112.0,499.0,102.0,606.0,0.0,0.0,both
266,121ML022,190427.0,white,ML022,ML022,221.0,79.0,17.0,97.0,0.0,0.0,both
267,121AP10,169333.999407,white,AP10,AP10,849.0,317.0,123.0,454.0,0.0,0.0,both
268,121ML04A,163189.779537,white,ML04A,ML04A,1366.0,503.0,173.0,694.0,0.0,0.0,both
269,121AP07A,90764.2214155,white,AP07A,AP07A,2654.0,724.0,507.0,1264.0,0.0,0.0,both
270,121ML024,190426.999955,white,ML024,ML024,86.0,47.0,3.0,50.0,0.0,0.0,both
271,121ML04B,177112.076944,white,ML04B,ML04B,1031.0,440.0,133.0,581.0,0.0,0.0,both
272,121ML021,187591.470592,white,ML021,ML021,1298.0,534.0,118.0,661.0,0.0,0.0,both
273,121ML03,190427.0,white,ML03,ML03,3204.0,1315.0,301.0,1645.0,0.0,0.0,both
274,121ML07A,190427.0,white,ML07A,ML07A,571.0,217.0,63.0,289.0,0.0,0.0,both
275,121ML05B,190427.0,white,ML05B,ML05B,314.0,134.0,37.0,173.0,0.0,0.0,both
276,12112B,48162.9999502,black,12B,12B,1884.0,42.0,819.0,874.0,0.0,0.0,both
277,12112S,37724.9999756,black,12S,12S,1415.0,11.0,594.0,610.0,0.0,0.0,both
278,12101J,30444.8270649,black,01J,01J,1925.0,21.0,744.0,773.0,0.0,0.0,both
279,12101C1,38173.0765435,black,01C1,01C1,812.0,10.0,276.0,288.0,0.0,0.0,both
280,12112A,48162.9996438,black,12A,12A,597.0,10.0,280.0,295.0,0.0,0.0,both
281,12112K,29682.5130538,black,12K,12K,2249.0,32.0,783.0,822.0,0.0,0.0,both
282,12112N,28004.0125754,black,12N,12N,692.0,5.0,229.0,234.0,0.0,0.0,both
283,12104B,43957.3952996,black,04B,04B,1757.0,15.0,332.0,353.0,0.0,0.0,both
284,13555,64396.6603751,white,SUGAR HILL D,SUGAR HILL D,2696.0,818.0,410.0,1275.0,0.0,0.0,both
285,135102,79498.6926708,white,PUCKETTS B,PUCKETTS B,2300.0,856.0,350.0,1247.0,0.0,0.0,both
286,13524,73604.6428598,,SUGAR HILL A,SUGAR HILL A,2695.0,705.0,371.0,1110.0,0.0,0.0,both
287,12110K,40334.9878689,black,10K,10K,1274.0,14.0,726.0,744.0,0.0,0.0,both
288,12110G,38163.730312,black,10G,10G,1076.0,15.0,635.0,652.0,0.0,0.0,both
289,12111H,44749.0923361,black,11H,11H,564.0,4.0,282.0,287.0,0.0,0.0,both
290,12110J,27505.4212903,black,10J,10J,742.0,3.0,311.0,317.0,0.0,0.0,both
291,12112L,24448.6012747,black,12L,12L,470.0,4.0,174.0,179.0,0.0,0.0,both
292,12112G,23800.0000513,black,12G,12G,666.0,14.0,329.0,345.0,0.0,0.0,both
293,12112D,23984.7763757,black,12D,12D,961.0,6.0,342.0,351.0,0.0,0.0,both
294,135141,111178.852139,white,SUGAR HILL G,SUGAR HILL G,2099.0,810.0,297.0,1152.0,0.0,0.0,both
295,13525,80193.2937559,white,SUGAR HILL B,SUGAR HILL B,3393.0,985.0,502.0,1528.0,0.0,0.0,both
296,13589,88062.5945048,white,SUGAR HILL E,SUGAR HILL E,2100.0,716.0,321.0,1081.0,0.0,0.0,both
297,13554,83876.5297412,white,SUGAR HILL C,SUGAR HILL C,3366.0,1138.0,466.0,1669.0,0.0,0.0,both
298,121MP01,175478.0,white,MP01,MP01,397.0,111.0,116.0,230.0,0.0,0.0,both
299,135130,111176.408953,white,SUWANEE D,SUWANEE D,3451.0,1405.0,449.0,1899.0,0.0,0.0,both
300,067DC01,132366.422976,white,DICKERSON 01,DICKERSON 01,2446.0,1093.0,461.0,1584.0,0.0,0.0,both
301,067SA01,126620.496246,white,SANDY PLAINS 01,SANDY PLAINS 01,2271.0,772.0,444.0,1269.0,0.0,0.0,both
302,067PP01,133844.556198,white,POPE 01,POPE 01,2668.0,1094.0,461.0,1614.0,0.0,0.0,both
303,067MB01,151583.999728,white,MABRY 01,MABRY 01,1511.0,727.0,224.0,977.0,0.0,0.0,both
304,067DV01,107699.0,white,DAVIS 01,DAVIS 01,1697.0,609.0,309.0,938.0,0.0,0.0,both
305,067GM01,106741.00026,white,GARRISON MILL 01,GARRISON MILL 01,2387.0,944.0,416.0,1418.0,0.0,0.0,both
306,067PO01,138681.999949,white,POST OAK 01,POST OAK 01,3162.0,1357.0,448.0,1871.0,0.0,0.0,both
307,067HT01,145838.999948,white,HIGHTOWER 01,HIGHTOWER 01,3632.0,1496.0,666.0,2230.0,0.0,0.0,both
308,067SF01,137689.69657,white,SHALLOWFORD FALLS 01,,,,,,,,left_only
309,121ML05A,169334.0,white,ML05A,ML05A,12.0,6.0,8.0,14.0,0.0,0.0,both
310,121ML06A,89105.4961093,white,ML06A,ML06A,1514.0,215.0,280.0,507.0,0.0,0.0,both
311,121AP12B,163711.151849,white,AP12B,AP12B,646.0,62.0,112.0,176.0,0.0,0.0,both
312,121ML05C,131507.554028,white,ML05C,ML05C,3484.0,990.0,559.0,1570.0,0.0,0.0,both
313,121ML04C,184433.58675,white,ML04C,ML04C,74.0,30.0,9.0,40.0,0.0,0.0,both
314,121ML071,190427.0,white,ML071,ML071,82.0,28.0,13.0,42.0,0.0,0.0,both
315,121ML06B,87754.0786291,white,ML06B,ML06B,2279.0,440.0,499.0,963.0,0.0,0.0,both
316,121SS09B,107793.915474,white,SS09B,SS09B,2931.0,1218.0,598.0,1825.0,0.0,0.0,both
317,121SS13B,170781.917706,white,SS13B,SS13B,935.0,175.0,154.0,334.0,0.0,0.0,both
318,121SS11D,92761.0000254,,SS11D,SS11D,273.0,75.0,68.0,145.0,0.0,0.0,both
319,121SS11B,92760.9877163,,SS11B,SS11B,1041.0,161.0,239.0,405.0,0.0,0.0,both
320,121SS06,69192.9977567,white,SS06,SS06,1179.0,498.0,254.0,759.0,0.0,0.0,both
321,121SS05,58602.0054561,,SS05,SS05,1617.0,669.0,400.0,1080.0,0.0,0.0,both
322,121SS18A,71783.7353125,,SS18A,SS18A,573.0,239.0,124.0,366.0,0.0,0.0,both
323,121SS31,69229.1196899,white,SS31,SS31,912.0,278.0,221.0,503.0,0.0,0.0,both
324,121SS03,69193.0003403,white,SS03,SS03,1194.0,360.0,311.0,685.0,0.0,0.0,both
325,121SS13A,94140.0,white,SS13A,SS13A,1273.0,374.0,282.0,665.0,0.0,0.0,both
326,121SS11A,98018.5278361,white,SS11A,SS11A,3125.0,654.0,635.0,1313.0,0.0,0.0,both
327,121SS11C,101716.448226,,SS11C,SS11C,227.0,18.0,47.0,67.0,0.0,0.0,both
328,121SS14,162671.225707,white,SS14,SS14,1173.0,507.0,237.0,756.0,0.0,0.0,both
329,12108J,138801.245249,white,08J,08J,2269.0,842.0,490.0,1345.0,0.0,0.0,both
330,063FP4,48873.5560823,,FOREST PARK 4,FOREST PARK 4,1276.0,213.0,375.0,613.0,0.0,0.0,both
331,063FP1,37380.0730443,black,FOREST PARK 1,FOREST PARK 1,2148.0,170.0,595.0,794.0,0.0,0.0,both
332,121HP01,52696.9730183,,HP01,HP01,2479.0,368.0,688.0,1085.0,0.0,0.0,both
333,12112E1,22402.7118397,black,12E1,12E1,1123.0,15.0,346.0,362.0,0.0,0.0,both
334,121AP05,158709.308464,white,AP05,AP05,3703.0,1371.0,557.0,1947.0,0.0,0.0,both
335,121ML072,190427.0,white,ML072,ML072,870.0,331.0,97.0,430.0,0.0,0.0,both
336,121AP09B,115719.401279,white,AP09B,AP09B,641.0,145.0,121.0,274.0,0.0,0.0,both
337,089CE,73394.4072516,,CHAMBLEE,,,,,,,,left_only
338,089HF,65928.9603339,,HUNTLEY HILLS ELEM,HUNTLEY HILLS ELEM,2550.0,420.0,670.0,1138.0,0.0,0.0,both
339,089PB,59632.0001897,,PEACHTREE MIDDLE,PEACHTREE MIDDLE,2629.0,381.0,686.0,1092.0,0.0,0.0,both
340,089DG,145869.000002,white,DUNWOODY HIGH,,,,,,,,left_only
341,089CH,72004.6906385,white,CHESNUT ELEM,CHESNUT ELEM,1914.0,333.0,466.0,833.0,0.0,0.0,both
342,089TG,102101.255157,white,TILLY MILL ROAD,TILLY MILL ROAD,1310.0,551.0,281.0,861.0,0.0,0.0,both
343,067MT03,168311.623111,white,MT BETHEL 03,,,,,,,,left_only
344,067PE01,54717.0484505,black,PEBBLEBROOK 01,PEBBLEBROOK 01,3643.0,358.0,1493.0,1882.0,0.0,0.0,both
345,067MA02,59046.8462027,,MABLETON 02,MABLETON 02,2017.0,354.0,558.0,929.0,0.0,0.0,both
346,067BT02,40853.856121,black,BRYANT 02,BRYANT 02,4031.0,77.0,1416.0,1515.0,0.0,0.0,both
347,067RS01,46848.0001011,black,RIVERSIDE 01,RIVERSIDE 01,1418.0,69.0,542.0,619.0,0.0,0.0,both
348,067AU1A,59962.8220394,black,AUSTELL 1A,AUSTELL 1A,3232.0,360.0,1223.0,1626.0,0.0,0.0,both
349,121SC05D,87960.7627183,black,SC05D,SC05D,1901.0,95.0,994.0,1094.0,0.0,0.0,both
350,121UC02B,99633.9108888,black,UC02B,UC02B,25.0,5.0,4.0,9.0,0.0,0.0,both
351,121SC05B,101950.239027,black,SC05B,SC05B,2456.0,35.0,1357.0,1397.0,0.0,0.0,both
352,121SC08C,48657.023764,black,SC08C,,,,,,,,left_only
353,121SC18B,101953.999923,black,SC18B,SC18B,3786.0,71.0,2333.0,2409.0,0.0,0.0,both
354,067CL01,60280.8508902,black,CLARKDALE 01,CLARKDALE 01,1365.0,293.0,347.0,657.0,0.0,0.0,both
355,067PS2A,66352.2386892,black,POWDER SPRINGS 2A,POWDER SPRINGS 2A,2507.0,315.0,908.0,1243.0,0.0,0.0,both
356,067CO01,64283.2503091,black,COOPER 01,COOPER 01,3622.0,472.0,1216.0,1719.0,0.0,0.0,both
357,067OR02,89559.9998885,,OREGON 02,OREGON 02,2801.0,504.0,1024.0,1560.0,0.0,0.0,both
358,121SC13B,56422.003735,white,SC13B,SC13B,1806.0,59.0,957.0,1021.0,0.0,0.0,both
359,121SC05A,58258.2233014,white,SC05A,SC05A,494.0,8.0,278.0,290.0,0.0,0.0,both
360,121SC13A,56422.0002889,white,SC13A,SC13A,4603.0,95.0,2476.0,2577.0,0.0,0.0,both
361,12109K,31091.9225552,black,09K,09K,2102.0,9.0,612.0,623.0,0.0,0.0,both
362,12109M,118699.999949,white,09M,09M,1478.0,224.0,464.0,714.0,0.0,0.0,both
363,12109E,42531.6628892,black,09E,09E,1904.0,28.0,720.0,755.0,0.0,0.0,both
364,12109A,100512.153848,,09A,09A,2552.0,367.0,758.0,1156.0,0.0,0.0,both
365,12104C,35651.9998104,black,04C,04C,101.0,1.0,38.0,40.0,0.0,0.0,both
366,12103A,27740.6627099,black,03A,03A,1609.0,11.0,522.0,534.0,0.0,0.0,both
367,12103D,27340.0000291,black,03D,03D,803.0,2.0,272.0,280.0,0.0,0.0,both
368,12103B,27406.0000852,black,03B,03B,446.0,2.0,115.0,117.0,0.0,0.0,both
369,12109I,40775.9999983,black,09I,09I,1136.0,8.0,416.0,424.0,0.0,0.0,both
370,067AC1B,56038.6551555,white,ACWORTH 1B,ACWORTH 1B,3644.0,1048.0,606.0,1712.0,0.0,0.0,both
371,067MC01,70161.0019773,,MACLAND 01,MACLAND 01,2854.0,509.0,970.0,1507.0,0.0,0.0,both
372,067OR05,115053.218289,white,OREGON 05,OREGON 05,3026.0,941.0,836.0,1812.0,0.0,0.0,both
373,067KP02,99899.129528,white,KEMP 02,KEMP 02,3186.0,1193.0,623.0,1871.0,0.0,0.0,both
374,067OR04,67348.9999932,,OREGON 04,OREGON 04,4368.0,704.0,1469.0,2221.0,0.0,0.0,both
375,067DL01,116142.006679,white,DOWELL 01,DOWELL 01,2615.0,902.0,613.0,1569.0,0.0,0.0,both
376,067CH03,101431.856003,white,CHEATHAM HILL 03,CHEATHAM HILL 03,3233.0,1221.0,698.0,1972.0,0.0,0.0,both
377,067MA01,76526.1134595,,MABLETON 01,MABLETON 01,3642.0,757.0,1184.0,1988.0,0.0,0.0,both
378,067SW02,48164.3079317,black,SWEETWATER 02,SWEETWATER 02,2224.0,253.0,636.0,917.0,0.0,0.0,both
379,067BR02,88901.4144031,white,BIRNEY 02,BIRNEY 02,2942.0,725.0,834.0,1605.0,0.0,0.0,both
380,067BR01,81757.9999983,,BIRNEY 01,BIRNEY 01,1928.0,452.0,492.0,961.0,0.0,0.0,both
381,067MA03,90712.6836194,white,MABLETON 03,MABLETON 03,2278.0,653.0,563.0,1252.0,0.0,0.0,both
382,067MA04,85874.5923571,white,MABLETON 04,MABLETON 04,1286.0,480.0,294.0,802.0,0.0,0.0,both
383,067AC1A,86606.9200046,white,ACWORTH 1A,ACWORTH 1A,3876.0,1105.0,797.0,1955.0,0.0,0.0,both
384,067ME01,80636.2928891,,MCEACHERN 01,MCEACHERN 01,2333.0,686.0,678.0,1397.0,0.0,0.0,both
385,067LM01,115676.017844,white,LOST MOUNTAIN 01,LOST MOUNTAIN 01,2697.0,1164.0,462.0,1654.0,0.0,0.0,both
386,067OR01,113406.000007,white,OREGON 01,OREGON 01,1396.0,595.0,244.0,857.0,0.0,0.0,both
387,067VA01,133633.008538,white,VAUGHAN 01,,,,,,,,left_only
388,067PS1A,72507.5992392,,POWDER SPRINGS 1A,POWDER SPRINGS 1A,3042.0,700.0,974.0,1722.0,0.0,0.0,both
389,067PS3A,69734.9063381,,POWDER SPRINGS 3A,POWDER SPRINGS 3A,2629.0,448.0,901.0,1388.0,0.0,0.0,both
390,067LM03,127437.776917,white,LOST MOUNTAIN 03,LOST MOUNTAIN 03,4109.0,1672.0,630.0,2362.0,0.0,0.0,both
391,067SW01,71456.3040366,,SWEETWATER 01,SWEETWATER 01,2385.0,641.0,687.0,1354.0,0.0,0.0,both
392,067CL02,67228.7038238,black,CLARKDALE 02,CLARKDALE 02,3894.0,667.0,1283.0,1993.0,0.0,0.0,both
393,067MR3A,59452.946863,,MARIETTA 3A,MARIETTA 3A,4732.0,1116.0,1189.0,2383.0,0.0,0.0,both
394,067HR01,129495.146669,white,HARRISON 01,HARRISON 01,2321.0,1049.0,286.0,1376.0,0.0,0.0,both
395,067KP01,115967.16253,white,KEMP 01,KEMP 01,1682.0,795.0,243.0,1069.0,0.0,0.0,both
396,067ML01,98471.0045237,white,MCCLURE 01,MCCLURE 01,1320.0,597.0,196.0,820.0,0.0,0.0,both
397,067NC01,74359.4702,white,NORTH COBB 01,NORTH COBB 01,1783.0,586.0,340.0,955.0,0.0,0.0,both
398,067SN7B,114849.058097,,SMYRNA 7B,SMYRNA 7B,4621.0,1066.0,1413.0,2545.0,0.0,0.0,both
399,121SC14,42668.9250389,black,SC14,SC14,1023.0,7.0,330.0,339.0,0.0,0.0,both
400,067HL01,80364.0067912,,HARMONY-LELAND 01,,,,,,,,left_only
401,067LI01,133845.983744,,LINDLEY 01,LINDLEY 01,3633.0,651.0,1261.0,1958.0,0.0,0.0,both
402,121CP04,36599.8336446,black,CP04,CP04,117.0,1.0,22.0,23.0,0.0,0.0,both
403,121CP012,39986.8709058,,CP012,CP012,957.0,134.0,398.0,536.0,0.0,0.0,both
404,121EP03,40753.9595325,black,EP03,EP03,4829.0,129.0,2505.0,2653.0,0.0,0.0,both
405,121CP011,40399.8685842,,CP011,CP011,893.0,108.0,321.0,435.0,0.0,0.0,both
406,121EP01,42070.8213304,black,EP01,EP01,4363.0,196.0,1665.0,1891.0,0.0,0.0,both
407,121SC19B,47644.2055908,black,SC19B,SC19B,1090.0,18.0,517.0,539.0,0.0,0.0,both
408,121EP04,44235.3064161,black,EP04,EP04,5058.0,66.0,2106.0,2187.0,0.0,0.0,both
409,121CP051,51275.8443223,black,CP051,CP051,1379.0,23.0,675.0,700.0,0.0,0.0,both
410,121CP07A,35016.0003381,black,CP07A,CP07A,1077.0,5.0,211.0,218.0,0.0,0.0,both
411,12111P,45767.3397957,black,11P,11P,1538.0,11.0,706.0,722.0,0.0,0.0,both
412,121SC10,41164.0363432,black,SC10,SC10,1369.0,10.0,504.0,518.0,0.0,0.0,both
413,121CP081,41166.0001052,black,CP081,CP081,266.0,1.0,60.0,61.0,0.0,0.0,both
414,121UC01E,48657.1903879,black,UC01E,,,,,,,,left_only
415,121SC17A,48657.006409,black,SC17A,SC17A,39.0,1.0,19.0,20.0,0.0,0.0,both
416,121SC17C,40697.9825237,black,SC17C,SC17C,949.0,20.0,506.0,529.0,0.0,0.0,both
417,121SC19A,39780.2115605,black,SC19A,SC19A,150.0,3.0,93.0,97.0,0.0,0.0,both
418,121SC18A,53108.6451605,black,SC18A,SC18A,447.0,1.0,215.0,219.0,0.0,0.0,both
419,12111E3,50016.1480866,black,11E3,11E3,2427.0,16.0,1050.0,1069.0,0.0,0.0,both
420,12111E1,51445.000011,black,11E1,11E1,899.0,19.0,419.0,439.0,0.0,0.0,both
421,12111E2,51445.0,black,11E2,11E2,720.0,8.0,395.0,407.0,0.0,0.0,both
422,121UC02A,58366.7049726,black,UC02A,UC02A,5325.0,99.0,2488.0,2602.0,0.0,0.0,both
423,121SC08F,48657.0,black,SC08F,SC08F,626.0,14.0,247.0,264.0,0.0,0.0,both
424,121SC01B,87927.9411808,black,SC01B,SC01B,3229.0,46.0,2024.0,2080.0,0.0,0.0,both
425,121SC02,71485.7392749,black,SC02,SC02,1171.0,14.0,789.0,808.0,0.0,0.0,both
426,121SC16,81562.9999511,black,SC16,SC16,3574.0,35.0,2125.0,2168.0,0.0,0.0,both
427,067BT01,48001.3799581,black,BRYANT 01,BRYANT 01,1605.0,61.0,853.0,925.0,0.0,0.0,both
428,12111C,71432.8537365,black,11C,11C,2231.0,26.0,1334.0,1367.0,0.0,0.0,both
429,121SC30A,71467.0,black,SC30A,SC30A,131.0,1.0,80.0,81.0,0.0,0.0,both
430,12110A,37740.3164043,black,10A,10A,2388.0,11.0,1340.0,1361.0,0.0,0.0,both
431,12110C,29262.0318226,black,10C,10C,2071.0,7.0,777.0,788.0,0.0,0.0,both
432,12111N,50322.0366046,black,11N,11N,1846.0,16.0,1078.0,1098.0,0.0,0.0,both
433,12111M,52641.9999697,black,11M,11M,2573.0,12.0,1146.0,1167.0,0.0,0.0,both
434,121SC30B,61707.4505136,black,SC30B,SC30B,1088.0,11.0,543.0,557.0,0.0,0.0,both
435,12110L,72578.9996085,black,10L,10L,2571.0,26.0,1524.0,1564.0,0.0,0.0,both
436,12110R,27503.9998312,black,10R,10R,631.0,2.0,261.0,265.0,0.0,0.0,both
437,12110B,72579.0,black,10B,10B,555.0,8.0,359.0,369.0,0.0,0.0,both
438,12110I,71919.2251782,black,10I,10I,316.0,6.0,205.0,212.0,0.0,0.0,both
439,12110H,31296.7654716,black,10H,10H,2106.0,18.0,899.0,922.0,0.0,0.0,both
440,121EP02,43866.7971891,black,EP02,EP02,4425.0,195.0,1728.0,1948.0,0.0,0.0,both
441,12111B,65759.240361,black,11B,11B,3889.0,34.0,2092.0,2134.0,0.0,0.0,both
442,12110D,26177.6079698,black,10D,10D,3386.0,15.0,1374.0,1402.0,0.0,0.0,both
443,12110E,33518.5280698,black,10E,,,,,,,,left_only
444,12110P,32046.999984,black,10P,10P,1150.0,4.0,504.0,510.0,0.0,0.0,both
445,12109C,40447.9996988,black,09C,09C,2380.0,21.0,1119.0,1149.0,0.0,0.0,both
446,12109B,35970.8214809,black,09B,09B,337.0,2.0,119.0,122.0,0.0,0.0,both
447,12109L,40094.0606534,black,09L,09L,1479.0,23.0,538.0,565.0,0.0,0.0,both
448,12111R,21537.9448448,black,11R,11R,1475.0,3.0,458.0,466.0,0.0,0.0,both
449,12111K,42006.4885368,black,11K,11K,1516.0,20.0,853.0,877.0,0.0,0.0,both
450,12111G,25664.1565825,black,11G,11G,1822.0,17.0,552.0,575.0,0.0,0.0,both
451,12112I,28534.9013759,black,12I,12I,782.0,2.0,291.0,295.0,0.0,0.0,both
452,12112C,41225.9998394,black,12C,12C,1231.0,19.0,514.0,541.0,0.0,0.0,both
453,12104S,46545.999876,black,04S,04S,1792.0,13.0,840.0,860.0,0.0,0.0,both
454,12104X1,35759.0200937,black,04X1,04X1,1508.0,9.0,670.0,683.0,0.0,0.0,both
455,12104M,21568.0,black,04M,04M,580.0,6.0,192.0,200.0,0.0,0.0,both
456,12104T,35386.0,black,04T,04T,922.0,4.0,421.0,426.0,0.0,0.0,both
457,12110M,36298.822261,black,10M,10M,1998.0,17.0,882.0,911.0,0.0,0.0,both
458,12104X2,35959.1343464,black,04X2,04X2,595.0,7.0,200.0,209.0,0.0,0.0,both
459,12104L,36129.9999521,black,04L,04L,1233.0,18.0,455.0,478.0,0.0,0.0,both
460,12104D,35651.9999567,black,04D,04D,1190.0,9.0,521.0,534.0,0.0,0.0,both
461,12104G,36778.0,black,04G,04G,592.0,4.0,195.0,200.0,0.0,0.0,both
462,12104A,30341.9999945,black,04A,04A,1024.0,8.0,352.0,365.0,0.0,0.0,both
463,12104K,35074.0841761,black,04K,04K,1889.0,27.0,762.0,793.0,0.0,0.0,both
464,12104W,38930.9239721,black,04W,04W,1434.0,9.0,260.0,276.0,0.0,0.0,both
465,12110F,40447.8169444,black,10F,10F,897.0,12.0,472.0,486.0,0.0,0.0,both
466,12103S,35997.0000039,black,03S,03S,583.0,4.0,230.0,237.0,0.0,0.0,both
467,12109D,26088.6688216,black,09D,09D,1612.0,7.0,630.0,642.0,0.0,0.0,both
468,12103C,39291.3838513,black,03C,03C,1300.0,7.0,500.0,507.0,0.0,0.0,both
469,12103H,35997.0000251,black,03H,03H,798.0,4.0,245.0,251.0,0.0,0.0,both
470,067OR03,56990.6482891,,OREGON 03,OREGON 03,2528.0,408.0,633.0,1074.0,0.0,0.0,both
471,067MR2A,89297.6799139,white,MARIETTA 2A,MARIETTA 2A,1840.0,822.0,350.0,1198.0,0.0,0.0,both
472,067NP01,78399.9406555,,NORTON PARK 01,NORTON PARK 01,3287.0,806.0,710.0,1577.0,0.0,0.0,both
473,067FO01,59273.0004728,,FAIR OAKS 01,FAIR OAKS 01,2864.0,438.0,934.0,1406.0,0.0,0.0,both
474,067LA01,135333.297273,white,LASSITER 01,,,,,,,,left_only
475,067KL01,90600.0000324,white,KELL 01,KELL 01,1666.0,626.0,275.0,947.0,0.0,0.0,both
476,067RM01,107844.870771,white,ROCKY MOUNT 01,,,,,,,,left_only
477,067EA02,103993.958473,white,EASTSIDE 02,EASTSIDE 02,3489.0,1560.0,688.0,2328.0,0.0,0.0,both
478,067SO01,128431.999861,white,SOPE CREEK 01,SOPE CREEK 01,1952.0,910.0,386.0,1337.0,0.0,0.0,both
479,067FO02,52712.4392107,,FAIR OAKS 02,FAIR OAKS 02,3196.0,449.0,804.0,1292.0,0.0,0.0,both
480,067FO04,44912.2795331,,FAIR OAKS 04,FAIR OAKS 04,1714.0,321.0,345.0,687.0,0.0,0.0,both
481,067MR2B,65711.1799342,,MARIETTA 2B,MARIETTA 2B,3404.0,939.0,790.0,1775.0,0.0,0.0,both
482,067BF02,88512.9901919,white,BELLS FERRY 02,BELLS FERRY 02,2438.0,795.0,468.0,1314.0,0.0,0.0,both
483,067BW01,92280.8493667,white,BLACKWELL 01,BLACKWELL 01,2061.0,661.0,405.0,1110.0,0.0,0.0,both
484,067GT01,86430.0564448,white,GRITTERS 01,GRITTERS 01,3289.0,1123.0,588.0,1779.0,0.0,0.0,both
485,067MK01,102494.999956,white,MCCLESKEY 01,MCCLESKEY 01,1520.0,626.0,283.0,940.0,0.0,0.0,both
486,067NS01,98730.8242133,white,NICHOLSON 01,NICHOLSON 01,2075.0,709.0,356.0,1106.0,0.0,0.0,both
487,067AD01,96407.00754,white,ADDISON 01,ADDISON 01,1919.0,731.0,379.0,1145.0,0.0,0.0,both
488,067SI01,123586.000049,white,SIMPSON 01,SIMPSON 01,1629.0,652.0,272.0,938.0,0.0,0.0,both
489,067MR6A,58686.2957434,white,MARIETTA 6A,MARIETTA 6A,1852.0,200.0,422.0,644.0,0.0,0.0,both
490,067MR5B,71131.401242,white,MARIETTA 5B,MARIETTA 5B,1919.0,172.0,447.0,636.0,0.0,0.0,both
491,067HY01,93193.9643763,white,HAYES 01,HAYES 01,3296.0,1387.0,461.0,1892.0,0.0,0.0,both
492,067PM02,86939.8596807,white,PINE MOUNTAIN 02,PINE MOUNTAIN 02,2392.0,1272.0,232.0,1523.0,0.0,0.0,both
493,067CH02,96504.704698,white,CHEATHAM HILL 02,CHEATHAM HILL 02,2487.0,1013.0,394.0,1455.0,0.0,0.0,both
494,067PF01,72146.5837328,white,POWERS FERRY 01,POWERS FERRY 01,2812.0,892.0,543.0,1502.0,0.0,0.0,both
495,12108E,269010.312053,white,08E,08E,2262.0,999.0,511.0,1525.0,0.0,0.0,both
496,067VG04,126661.805272,white,VININGS 04,VININGS 04,2850.0,1172.0,525.0,1727.0,0.0,0.0,both
497,067MR7A,45574.9659184,,MARIETTA 7A,MARIETTA 7A,2775.0,180.0,553.0,760.0,0.0,0.0,both
498,067FO05,40611.7386728,,FAIR OAKS 05,FAIR OAKS 05,1373.0,190.0,235.0,440.0,0.0,0.0,both
499,067MR1A,44243.5740626,,MARIETTA 1A,MARIETTA 1A,2609.0,299.0,522.0,853.0,0.0,0.0,both
500,067DI01,48433.5654379,,DOBBINS 01,DOBBINS 01,3008.0,206.0,652.0,885.0,0.0,0.0,both
501,067SN5A,49751.0936112,,SMYRNA 5A,SMYRNA 5A,2782.0,467.0,729.0,1245.0,0.0,0.0,both
502,067SN3A,57525.2561464,,SMYRNA 3A,SMYRNA 3A,2948.0,577.0,772.0,1395.0,0.0,0.0,both
503,067MR4C,74968.78785,white,MARIETTA 4C,MARIETTA 4C,2283.0,984.0,444.0,1454.0,0.0,0.0,both
504,067KE3A,75715.0304655,white,KENNESAW 3A,KENNESAW 3A,4130.0,692.0,906.0,1660.0,0.0,0.0,both
505,067MR4A,83951.0,white,MARIETTA 4A,MARIETTA 4A,1620.0,892.0,251.0,1163.0,0.0,0.0,both
506,067MR5A,54417.3046791,,MARIETTA 5A,MARIETTA 5A,1814.0,194.0,560.0,770.0,0.0,0.0,both
507,067SN7A,99052.1272221,white,SMYRNA 7A,SMYRNA 7A,3533.0,1217.0,884.0,2167.0,0.0,0.0,both
508,067SN4A,88558.9035795,white,SMYRNA 4A,SMYRNA 4A,3587.0,950.0,917.0,1911.0,0.0,0.0,both
509,067EP01,64825.2446372,white,EAST PIEDMONT 01,EAST PIEDMONT 01,1904.0,493.0,404.0,925.0,0.0,0.0,both
510,067KE1A,77015.5050269,white,KENNESAW 1A,KENNESAW 1A,1800.0,466.0,303.0,795.0,0.0,0.0,both
511,067BG01,69130.7263802,white,BIG SHANTY 01,BIG SHANTY 01,2134.0,628.0,300.0,966.0,0.0,0.0,both
512,067MR4B,65071.6983488,white,MARIETTA 4B,MARIETTA 4B,1516.0,445.0,304.0,772.0,0.0,0.0,both
513,067EL01,68561.6172113,white,ELIZABETH 01,ELIZABETH 01,2772.0,455.0,527.0,1010.0,0.0,0.0,both
514,067PM01,114203.499666,white,PINE MOUNTAIN 01,PINE MOUNTAIN 01,2632.0,1172.0,321.0,1519.0,0.0,0.0,both
515,067KE2A,85698.9271015,white,KENNESAW 2A,KENNESAW 2A,2922.0,848.0,519.0,1432.0,0.0,0.0,both
516,067MS02,98446.0335185,white,MARS HILL 02,MARS HILL 02,2192.0,684.0,367.0,1090.0,0.0,0.0,both
517,067AC1C,79031.1637163,white,ACWORTH 1C,ACWORTH 1C,3568.0,670.0,798.0,1522.0,0.0,0.0,both
518,067KE4A,77266.2969222,white,KENNESAW 4A,KENNESAW 4A,2832.0,746.0,551.0,1361.0,0.0,0.0,both
519,067KE5A,79632.8809973,white,KENNESAW 5A,KENNESAW 5A,4459.0,1306.0,942.0,2313.0,0.0,0.0,both
520,067BK01,83133.409111,white,BAKER 01,BAKER 01,3456.0,818.0,691.0,1554.0,0.0,0.0,both
521,067OK01,114410.028123,white,OAKDALE 01,OAKDALE 01,3000.0,869.0,723.0,1629.0,0.0,0.0,both
522,067NJ01,96528.8662411,white,NICKAJACK 01,NICKAJACK 01,3515.0,497.0,946.0,1480.0,0.0,0.0,both
523,067SN6A,117261.09756,white,SMYRNA 6A,SMYRNA 6A,4267.0,1182.0,1105.0,2351.0,0.0,0.0,both
524,067VG03,101153.096721,white,VININGS 03,VININGS 03,3423.0,815.0,846.0,1703.0,0.0,0.0,both
525,067VG02,85128.5831797,,VININGS 02,VININGS 02,4691.0,864.0,1064.0,1973.0,0.0,0.0,both
526,067SN2A,63168.5304485,,SMYRNA 2A,SMYRNA 2A,3663.0,507.0,1041.0,1587.0,0.0,0.0,both
527,067SN1A,62805.5286894,,SMYRNA 1A,SMYRNA 1A,2931.0,363.0,814.0,1214.0,0.0,0.0,both
528,067MR6B,84439.8843064,white,MARIETTA 6B,MARIETTA 6B,2236.0,748.0,492.0,1268.0,0.0,0.0,both
529,067EL02,71124.8854385,white,ELIZABETH 02,ELIZABETH 02,1852.0,688.0,341.0,1065.0,0.0,0.0,both
530,067EL04,69450.4283272,white,ELIZABETH 04,ELIZABETH 04,2135.0,513.0,483.0,1034.0,0.0,0.0,both
531,067SM03,77698.3457055,white,SEWELL MILL 03,SEWELL MILL 03,3646.0,889.0,772.0,1716.0,0.0,0.0,both
532,067EL03,100849.673996,white,ELIZABETH 03,ELIZABETH 03,2389.0,989.0,431.0,1480.0,0.0,0.0,both
533,067EL05,107569.000056,white,ELIZABETH 05,ELIZABETH 05,2487.0,852.0,521.0,1431.0,0.0,0.0,both
534,089SM,67964.3714773,black,SALEM MIDDLE,SALEM MIDDLE,2738.0,53.0,1590.0,1649.0,0.0,0.0,both
535,089MV,79162.9997618,black,MILLER GROVE ROAD,MILLER GROVE ROAD,1797.0,46.0,1054.0,1103.0,0.0,0.0,both
536,089CC,37708.5424923,black,COLUMBIA ELEM,COLUMBIA ELEM,1213.0,9.0,489.0,506.0,0.0,0.0,both
537,089FL,53082.3465227,black,FLAT SHOALS LIBRARY,FLAT SHOALS LIBRARY,1956.0,19.0,838.0,866.0,0.0,0.0,both
538,089CM,48321.456227,black,COLUMBIA MIDDLE,COLUMBIA MIDDLE,1621.0,19.0,611.0,638.0,0.0,0.0,both
539,089TC,31018.0001088,black,TONEY ELEM,TONEY ELEM,1343.0,19.0,687.0,710.0,0.0,0.0,both
540,089KE,58064.2778009,black,KNOLLWOOD,,,,,,,,left_only
541,089WA,39815.870019,black,WADSWORTH,,,,,,,,left_only
542,089SG,49201.5433753,black,SNAPFINGER ELEM,SNAPFINGER ELEM,1535.0,28.0,907.0,941.0,0.0,0.0,both
543,13566,43949.9557506,hispanic,PINCKNEYVILLE O,PINCKNEYVILLE O,2411.0,231.0,609.0,861.0,0.0,0.0,both
544,13538,48601.4434474,hispanic,PINCKNEYVILLE F,PINCKNEYVILLE F,1409.0,179.0,257.0,452.0,0.0,0.0,both
545,13559,46957.0349528,,PINCKNEYVILLE N,PINCKNEYVILLE N,1930.0,205.0,664.0,889.0,0.0,0.0,both
546,089NC,60236.9999293,black,NORTH HAIRSTON,NORTH HAIRSTON,1663.0,106.0,668.0,787.0,0.0,0.0,both
547,089BF,58317.6675457,,BROCKETT ELEM,BROCKETT ELEM,2133.0,449.0,667.0,1155.0,0.0,0.0,both
548,13584,80120.3323567,,LAWRENCEVILLE G,LAWRENCEVILLE G,2082.0,310.0,585.0,916.0,0.0,0.0,both
549,135150,33750.9787657,,DULUTH K,DULUTH K,1798.0,123.0,409.0,533.0,0.0,0.0,both
550,13548,72921.5412114,,DULUTH B,DULUTH B,2623.0,765.0,465.0,1274.0,0.0,0.0,both
551,13596,110492.900219,,DULUTH G,DULUTH G,2277.0,755.0,409.0,1208.0,0.0,0.0,both
552,13572,44527.0956843,,MARTINS E,MARTINS E,4295.0,145.0,1075.0,1244.0,0.0,0.0,both
553,13595,80415.67377,,DULUTH F,DULUTH F,3319.0,314.0,759.0,1089.0,0.0,0.0,both
554,135138,104633.557229,,DULUTH I,DULUTH I,3292.0,1144.0,464.0,1628.0,0.0,0.0,both
555,121JC01,145436.99994,,JC01,JC01,3829.0,987.0,686.0,1687.0,0.0,0.0,both
556,1357,98014.0090971,white,DULUTH A,DULUTH A,3545.0,998.0,743.0,1796.0,0.0,0.0,both
557,089MN,41417.7465845,black,MEMORIAL SOUTH,MEMORIAL SOUTH,1454.0,54.0,463.0,528.0,0.0,0.0,both
558,089MM,43097.1164635,black,MEMORIAL NORTH,MEMORIAL NORTH,2360.0,144.0,780.0,944.0,0.0,0.0,both
559,089WB,56502.0,black,WESLEY CHAPEL LIBRARY,WESLEY CHAPEL LIBRARY,2485.0,46.0,1491.0,1542.0,0.0,0.0,both
560,089SS,60566.2389816,black,SNAPFINGER ROAD S,,,,,,,,left_only
561,089MF,65251.9999564,black,MCWILLIAMS,MCWILLIAMS,1702.0,35.0,943.0,986.0,0.0,0.0,both
562,089MI,47983.0366455,black,MILLER GROVE,,,,,,,,left_only
563,089BM,53747.6837004,black,BETHUNE MIDDLE,BETHUNE MIDDLE,3394.0,54.0,1642.0,1703.0,0.0,0.0,both
564,089SD,71286.1437994,black,STONE MOUNTAIN ELEM,STONE MOUNTAIN ELEM,1857.0,345.0,714.0,1081.0,0.0,0.0,both
565,089WN,73882.004222,black,WYNBROOKE ELEM,WYNBROOKE ELEM,2688.0,110.0,1503.0,1629.0,0.0,0.0,both
566,089ST,77019.3781422,black,STEPHENSON MIDDLE,STEPHENSON MIDDLE,2797.0,102.0,1433.0,1547.0,0.0,0.0,both
567,089SO,76661.6416358,black,SOUTH DESHON,SOUTH DESHON,2643.0,51.0,1307.0,1366.0,0.0,0.0,both
568,13564,68808.0899946,black,GARNERS D,GARNERS D,2389.0,417.0,885.0,1326.0,0.0,0.0,both
569,089VB,47316.0002603,,VALLEY BROOK,VALLEY BROOK,717.0,115.0,276.0,411.0,0.0,0.0,both
570,089SC,53268.7732685,black,SHAW-ROBERT SHAW ELEM,SHAW-ROBERT SHAW ELEM,2794.0,182.0,1061.0,1274.0,0.0,0.0,both
571,089CT,27600.0000297,black,COVINGTON HWY,,,,,,,,left_only
572,089RG,35326.7998836,black,ROWLAND ELEM,ROWLAND ELEM,2686.0,84.0,1003.0,1100.0,0.0,0.0,both
573,089DE,58731.7910895,black,DUNAIRE ELEM,DUNAIRE ELEM,1572.0,114.0,674.0,800.0,0.0,0.0,both
574,089AA,63471.9998234,black,ALLGOOD ELEM,ALLGOOD ELEM,2163.0,136.0,1064.0,1216.0,0.0,0.0,both
575,089IB,37167.245448,black,INDIAN CREEK ELEM,INDIAN CREEK ELEM,1583.0,78.0,515.0,606.0,0.0,0.0,both
576,089CK,37306.7694379,black,CLARKSTON,CLARKSTON,2332.0,158.0,807.0,986.0,0.0,0.0,both
577,13510,93438.5673772,white,CATES A,CATES A,1934.0,713.0,332.0,1068.0,0.0,0.0,both
578,13581,70051.9971414,,CATES L,CATES L,3141.0,845.0,741.0,1635.0,0.0,0.0,both
579,135156,80793.2614533,,BAYCREEK J,BAYCREEK J,3138.0,777.0,861.0,1666.0,0.0,0.0,both
580,13541,78720.2706164,,BAYCREEK B,BAYCREEK B,3894.0,794.0,1171.0,1997.0,0.0,0.0,both
581,135134,76728.0000797,white,BAYCREEK F,BAYCREEK F,2899.0,727.0,766.0,1523.0,0.0,0.0,both
582,13594,101025.320875,white,CATES N,CATES N,2123.0,937.0,298.0,1259.0,0.0,0.0,both
583,1355,89086.6851566,white,BAYCREEK A,BAYCREEK A,2249.0,868.0,470.0,1361.0,0.0,0.0,both
584,13586,48606.0125066,,MARTINS F,MARTINS F,1799.0,213.0,434.0,663.0,0.0,0.0,both
585,13534,58238.2312173,,BERKSHIRE F,BERKSHIRE F,1459.0,299.0,298.0,621.0,0.0,0.0,both
586,135119,82742.4891836,white,BERKSHIRE O,BERKSHIRE O,2077.0,831.0,386.0,1260.0,0.0,0.0,both
587,13519,59659.7987336,,MARTINS C,MARTINS C,1839.0,479.0,422.0,929.0,0.0,0.0,both
588,13543,52116.1756184,,MARTINS D,MARTINS D,1461.0,113.0,397.0,520.0,0.0,0.0,both
589,135116,62145.012094,,MARTINS I,MARTINS I,2518.0,283.0,673.0,976.0,0.0,0.0,both
590,135117,47118.6057567,,MARTINS J,MARTINS J,2771.0,224.0,714.0,967.0,0.0,0.0,both
591,13588,56859.2083175,black,ROCKBRIDGE E,ROCKBRIDGE E,3133.0,430.0,1064.0,1535.0,0.0,0.0,both
592,121SS12,124374.241597,white,SS12,SS12,2178.0,712.0,488.0,1209.0,0.0,0.0,both
593,121SS07C,108524.999954,white,SS07C,SS07C,636.0,182.0,112.0,299.0,0.0,0.0,both
594,121SS07B,108524.999331,white,SS07B,SS07B,402.0,111.0,73.0,192.0,0.0,0.0,both
595,121SS07A,84328.9999613,white,SS07A,SS07A,803.0,318.0,146.0,467.0,0.0,0.0,both
596,121SS08B,108524.991486,white,SS08B,SS08B,563.0,206.0,104.0,312.0,0.0,0.0,both
597,121SS02B,90477.0,white,SS02B,SS02B,1054.0,121.0,267.0,396.0,0.0,0.0,both
598,121SS08C,84329.0001405,white,SS08C,SS08C,526.0,96.0,118.0,219.0,0.0,0.0,both
599,121SS04,74517.0043037,,SS04,SS04,2496.0,485.0,576.0,1084.0,0.0,0.0,both
600,121SS08A,108525.000018,white,SS08A,SS08A,845.0,149.0,208.0,367.0,0.0,0.0,both
601,121SS08D,108525.020545,white,SS08D,SS08D,889.0,172.0,214.0,390.0,0.0,0.0,both
602,121SS29A,103129.00006,,SS29A,SS29A,2374.0,546.0,485.0,1054.0,0.0,0.0,both
603,089LC,91469.3933821,,LAVISTA,LAVISTA,2108.0,351.0,574.0,954.0,0.0,0.0,both
604,12106J,45081.057745,,06J,06J,2310.0,295.0,940.0,1257.0,0.0,0.0,both
605,12106E,72178.7174635,white,06E,06E,1869.0,183.0,607.0,799.0,0.0,0.0,both
606,12106Q,74875.0001423,white,06Q,06Q,422.0,14.0,98.0,113.0,0.0,0.0,both
607,12106S,59200.5701212,white,06S,06S,2935.0,464.0,1300.0,1786.0,0.0,0.0,both
608,12106H,59582.2674532,white,06H,06H,1530.0,297.0,650.0,963.0,0.0,0.0,both
609,12106D,71373.3689554,white,06D,06D,2611.0,299.0,816.0,1141.0,0.0,0.0,both
610,089MB,66331.6333265,black,MCNAIR HIGH,MCNAIR HIGH,2893.0,84.0,1300.0,1400.0,0.0,0.0,both
611,089LH,55563.9999656,black,LITHONIA HIGH,LITHONIA HIGH,2379.0,27.0,1088.0,1127.0,0.0,0.0,both
612,089RH,49647.55742,black,REDAN-TROTTI LIBRARY,REDAN-TROTTI LIBRARY,2928.0,52.0,1418.0,1478.0,0.0,0.0,both
613,089WD,56197.9405044,black,WOODROW ROAD,WOODROW ROAD,4622.0,113.0,1957.0,2083.0,0.0,0.0,both
614,089LD,48247.0,black,LITHONIA,LITHONIA,1018.0,37.0,380.0,424.0,0.0,0.0,both
615,089SL,43697.5894288,black,STONEVIEW ELEM,STONEVIEW ELEM,1317.0,25.0,494.0,523.0,0.0,0.0,both
616,089PC,72649.0000008,black,PRINCETON ELEM,PRINCETON ELEM,1709.0,43.0,856.0,909.0,0.0,0.0,both
617,089RC,72655.0937844,black,REDAN ELEM,REDAN ELEM,2306.0,44.0,1199.0,1251.0,0.0,0.0,both
618,089SV,72877.0000043,black,STEPHENSON HIGH,STEPHENSON HIGH,2677.0,81.0,1347.0,1439.0,0.0,0.0,both
619,12108L,87289.0007578,white,08L,08L,2982.0,528.0,772.0,1326.0,0.0,0.0,both
620,12102W,87766.0,white,02W,02W,378.0,20.0,100.0,122.0,0.0,0.0,both
621,12103F,86784.2560239,white,03F,03F,1463.0,99.0,388.0,504.0,0.0,0.0,both
622,12102A,46303.0001382,white,02A,02A,3102.0,310.0,974.0,1309.0,0.0,0.0,both
623,12106R,37734.6990054,hispanic,06R,06R,1473.0,197.0,606.0,811.0,0.0,0.0,both
624,12106N,109896.950179,white,06N,06N,1754.0,336.0,448.0,795.0,0.0,0.0,both
625,12106L2,87766.0000903,white,06L2,06L2,612.0,136.0,245.0,385.0,0.0,0.0,both
626,12102S,57249.8912256,,02S,02S,620.0,11.0,229.0,246.0,0.0,0.0,both
627,12105J,42941.585985,black,05J,05J,468.0,30.0,211.0,244.0,0.0,0.0,both
628,12101I,34378.0001593,black,01I,,,,,,,,left_only
629,12102B,57686.6943556,,02B,02B,2871.0,98.0,648.0,756.0,0.0,0.0,both
630,12105C,34376.6748439,black,05C,,,,,,,,left_only
631,12105K,30532.5617551,black,05K,05K,1806.0,32.0,538.0,578.0,0.0,0.0,both
632,12105D,52260.4903887,,05D,05D,243.0,2.0,36.0,38.0,0.0,0.0,both
633,12105F,29512.0,white,05F,05F,12.0,1.0,2.0,4.0,0.0,0.0,both
634,12102L2,100864.999874,white,02L2,02L2,861.0,90.0,251.0,347.0,0.0,0.0,both
635,12102C,29512.0016958,white,02C,02C,1573.0,55.0,577.0,645.0,0.0,0.0,both
636,12102L1,45188.9725985,hispanic,02L1,02L1,4462.0,308.0,1338.0,1689.0,0.0,0.0,both
637,12102K,42950.0,,02K,02K,1206.0,83.0,441.0,541.0,0.0,0.0,both
638,12108P,67895.2872147,white,08P,08P,1062.0,123.0,312.0,442.0,0.0,0.0,both
639,12108K,138803.068553,white,08K,08K,885.0,193.0,188.0,389.0,0.0,0.0,both
640,089CP,57954.9855647,black,CROSSROADS,CROSSROADS,2285.0,62.0,1189.0,1258.0,0.0,0.0,both
641,089FA,48858.0000259,black,FAIRINGTON ELEM,FAIRINGTON ELEM,3536.0,48.0,1440.0,1498.0,0.0,0.0,both
642,089PR,39873.7596373,black,PANOLA ROAD,PANOLA ROAD,1561.0,9.0,370.0,380.0,0.0,0.0,both
643,089PI,65558.0327844,black,PANOLA WAY ELEM,PANOLA WAY ELEM,1542.0,25.0,592.0,624.0,0.0,0.0,both
644,089YA,65615.1257733,black,YOUNG ROAD,YOUNG ROAD,1493.0,36.0,870.0,913.0,0.0,0.0,both
645,089RM,50272.9792647,black,REDAN MIDDLE,REDAN MIDDLE,1932.0,65.0,964.0,1037.0,0.0,0.0,both
646,089MC,55545.1416782,black,MARBUT ELEM,MARBUT ELEM,3243.0,27.0,1461.0,1502.0,0.0,0.0,both
647,089RK,55080.0000084,black,REDAN ROAD,REDAN ROAD,2131.0,44.0,1020.0,1076.0,0.0,0.0,both
648,089WG,51184.0000336,black,WOODRIDGE ELEM,WOODRIDGE ELEM,2684.0,84.0,1284.0,1388.0,0.0,0.0,both
649,089RJ,63090.4975492,black,ROWLAND ROAD,ROWLAND ROAD,1567.0,99.0,754.0,857.0,0.0,0.0,both
650,089WK,47216.0000308,black,WHITE OAK,WHITE OAK,2143.0,27.0,829.0,867.0,0.0,0.0,both
651,089FM,56095.4040655,black,FREEDOM MIDDLE,FREEDOM MIDDLE,2282.0,135.0,993.0,1138.0,0.0,0.0,both
652,089PE,42070.0496019,black,PINE LAKE,PINE LAKE,478.0,42.0,261.0,305.0,0.0,0.0,both
653,089HA,50233.8643098,black,HAMBRICK ELEM,HAMBRICK ELEM,2536.0,167.0,1003.0,1193.0,0.0,0.0,both
654,089RE,41197.1690337,black,ROCKBRIDGE,,,,,,,,left_only
655,089SJ,36927.3545,black,STONE MILL ELEM,STONE MILL ELEM,2442.0,51.0,631.0,691.0,0.0,0.0,both
656,089MA,61031.4152713,black,MILLER-ELDRIDGE L MILLER ELEM,,,,,,,,left_only
657,13545,73877.0920981,black,GARNERS B,GARNERS B,2418.0,624.0,774.0,1426.0,0.0,0.0,both
658,13532,97661.8156498,white,BERKSHIRE D,BERKSHIRE D,2230.0,813.0,455.0,1303.0,0.0,0.0,both
659,13511,48747.0001917,,BERKSHIRE A,BERKSHIRE A,1680.0,269.0,394.0,681.0,0.0,0.0,both
660,135120,60881.664558,,BERKSHIRE P,BERKSHIRE P,968.0,231.0,227.0,472.0,0.0,0.0,both
661,135109,98089.3071449,white,BERKSHIRE M,BERKSHIRE M,1337.0,497.0,252.0,767.0,0.0,0.0,both
662,13574,45760.9254793,,PINCKNEYVILLE Q,PINCKNEYVILLE Q,1281.0,73.0,402.0,487.0,0.0,0.0,both
663,135103,51231.4140089,,BERKSHIRE L,BERKSHIRE L,2234.0,288.0,559.0,875.0,0.0,0.0,both
664,135118,82412.7626273,white,GARNERS F,GARNERS F,1272.0,466.0,252.0,733.0,0.0,0.0,both
665,135112,77794.2471374,white,BERKSHIRE N,BERKSHIRE N,2516.0,1032.0,512.0,1577.0,0.0,0.0,both
666,13533,91737.9999169,white,BERKSHIRE E,BERKSHIRE E,1608.0,616.0,315.0,947.0,0.0,0.0,both
667,13592,101415.695334,white,BERKSHIRE J,BERKSHIRE J,2293.0,875.0,466.0,1384.0,0.0,0.0,both
668,13549,80846.954552,white,GARNERS C,GARNERS C,1499.0,417.0,310.0,761.0,0.0,0.0,both
669,13514,106134.001048,white,GARNERS A,GARNERS A,2870.0,1114.0,529.0,1695.0,0.0,0.0,both
670,089FB,198544.827023,white,FERNBANK ELEM,FERNBANK ELEM,2029.0,354.0,1067.0,1443.0,0.0,0.0,both
671,089EG,119116.973185,white,EMORY SOUTH,EMORY SOUTH,2939.0,420.0,1006.0,1451.0,0.0,0.0,both
672,089JA,36435.5899204,white,JOHNSON ESTATES,JOHNSON ESTATES,1018.0,203.0,450.0,664.0,0.0,0.0,both
673,089BC,88264.1679836,white,BRIAR VISTA ELEM,BRIAR VISTA ELEM,2355.0,326.0,765.0,1124.0,0.0,0.0,both
674,089DH,134869.307608,white,DRUID HILLS HIGH,DRUID HILLS HIGH,2042.0,291.0,809.0,1120.0,0.0,0.0,both
675,089ER,61829.8290046,white,EMORY ROAD,EMORY ROAD,875.0,94.0,282.0,381.0,0.0,0.0,both
676,089LB,75148.8796866,white,LAVISTA ROAD,LAVISTA ROAD,1752.0,353.0,612.0,995.0,0.0,0.0,both
677,089SI,44447.773362,black,STN MTN MIDDLE,,,,,,,,left_only
678,089TF,96314.9255889,white,TUCKER,TUCKER,2462.0,773.0,709.0,1544.0,0.0,0.0,both
679,089HG,86195.7687577,,HUGH HOWELL,HUGH HOWELL,1482.0,513.0,492.0,1024.0,0.0,0.0,both
680,089SH,117152.875737,white,SMOKE RISE,,,,,,,,left_only
681,13512,60552.4691547,,BERKSHIRE B,BERKSHIRE B,3567.0,532.0,1011.0,1589.0,0.0,0.0,both
682,135148,73174.953133,,BERKSHIRE Q,BERKSHIRE Q,1297.0,472.0,246.0,758.0,0.0,0.0,both
683,089SU,60509.8194421,black,SOUTH HAIRSTON,SOUTH HAIRSTON,2764.0,74.0,1277.0,1367.0,0.0,0.0,both
684,089PH,63450.9241653,black,PANOLA,PANOLA,1165.0,45.0,649.0,698.0,0.0,0.0,both
685,089SK,72872.6533676,black,SHADOW ROCK ELEM,SHADOW ROCK ELEM,3272.0,97.0,1803.0,1919.0,0.0,0.0,both
686,089SP,43995.228424,black,STONE MTN CHAMPION,,,,,,,,left_only
687,089SQ,64377.0594466,black,STONE MTN LIBRARY ,,,,,,,,left_only
688,12108H,226996.999074,white,08H,08H,2130.0,861.0,498.0,1363.0,0.0,0.0,both
689,13557,68527.5590905,,DULUTH D,DULUTH D,3211.0,633.0,690.0,1383.0,0.0,0.0,both
690,13582,68022.5747984,,DULUTH E,DULUTH E,3578.0,527.0,783.0,1339.0,0.0,0.0,both
691,13556,60812.2880176,,DULUTH C,DULUTH C,1844.0,495.0,368.0,903.0,0.0,0.0,both
692,121JC11,122981.463271,white,JC11,JC11,2713.0,919.0,394.0,1340.0,0.0,0.0,both
693,121JC09,120359.978589,white,JC09,JC09,2396.0,603.0,478.0,1101.0,0.0,0.0,both
694,121JC07,126839.488816,white,JC07,JC07,3223.0,872.0,567.0,1467.0,0.0,0.0,both
695,121AP12C,85109.9573477,,AP12C,AP12C,912.0,292.0,152.0,451.0,0.0,0.0,both
696,089SN,75154.0001454,white,SHAMROCK,SHAMROCK,1352.0,311.0,502.0,833.0,0.0,0.0,both
697,089ND,110455.999955,white,NORTHLAKE,NORTHLAKE,1244.0,335.0,435.0,793.0,0.0,0.0,both
698,089BD,155996.999767,white,BRIARLAKE ELEM,BRIARLAKE ELEM,1484.0,475.0,461.0,962.0,0.0,0.0,both
699,089RD,97723.8880976,white,REHOBOTH,REHOBOTH,1754.0,367.0,626.0,1027.0,0.0,0.0,both
700,089WI,56205.1077989,,WARREN TECH,WARREN TECH,1728.0,370.0,462.0,861.0,0.0,0.0,both
701,13565,58383.6657037,,BERKSHIRE H,BERKSHIRE H,1246.0,245.0,271.0,529.0,0.0,0.0,both
702,135123,43085.6810829,hispanic,PINCKNEYVILLE Y,PINCKNEYVILLE Y,2066.0,174.0,564.0,749.0,0.0,0.0,both
703,13523,44776.1697722,,PINCKNEYVILLE D,PINCKNEYVILLE D,1402.0,121.0,355.0,482.0,0.0,0.0,both
704,13558,49756.4892071,,PINCKNEYVILLE K,PINCKNEYVILLE K,2461.0,241.0,605.0,868.0,0.0,0.0,both
705,13550,61858.2203188,,PINCKNEYVILLE I,PINCKNEYVILLE I,1627.0,229.0,495.0,740.0,0.0,0.0,both
706,089WL,126049.575239,white,WINTERS CHAPEL,WINTERS CHAPEL,1220.0,449.0,303.0,782.0,0.0,0.0,both
707,135101,62044.1526814,,PINCKNEYVILLE U,PINCKNEYVILLE U,1351.0,425.0,372.0,816.0,0.0,0.0,both
708,089MW,94871.7683969,white,MIDVALE ROAD,MIDVALE ROAD,2372.0,533.0,754.0,1320.0,0.0,0.0,both
709,089HC,86202.9956996,white,HENDERSON MILL ELEM,HENDERSON MILL ELEM,2456.0,656.0,754.0,1440.0,0.0,0.0,both
710,089MK,82430.2820955,white,MONTREAL,MONTREAL,1344.0,252.0,445.0,715.0,0.0,0.0,both
711,089JB,43895.1366532,black,JOLLY ELEM,JOLLY ELEM,2175.0,82.0,682.0,774.0,0.0,0.0,both
712,089IA,62406.8975829,black,IDLEWOOD ELEM,IDLEWOOD ELEM,1836.0,211.0,642.0,865.0,0.0,0.0,both
713,089BH,70612.1762036,,BROCKETT,BROCKETT,2027.0,479.0,605.0,1112.0,0.0,0.0,both
714,089WJ,91628.9954277,,WOODWARD,,,,,,,,left_only
715,089CO,103435.932886,,CROSS KEYS HIGH,CROSS KEYS HIGH,1726.0,335.0,375.0,728.0,0.0,0.0,both
716,089HI,84529.649367,white,HARRIS-MARGARET HARRIS ED,HARRIS-MARGARET HARRIS ED,1924.0,215.0,579.0,815.0,0.0,0.0,both
717,089BG,82487.2273616,white,BRIARCLIFF,BRIARCLIFF,2402.0,558.0,704.0,1286.0,0.0,0.0,both
718,089MJ,53960.4135568,hispanic,MONTCLAIR ELEM,MONTCLAIR ELEM,1399.0,76.0,410.0,497.0,0.0,0.0,both
719,089BE,83551.484499,hispanic,BRIARWOOD,BRIARWOOD,1845.0,367.0,419.0,811.0,0.0,0.0,both
720,089BI,123167.521961,white,BROOKHAVEN,BROOKHAVEN,2552.0,671.0,544.0,1261.0,0.0,0.0,both
721,089SE,120886.597542,white,SILVER LAKE,SILVER LAKE,3464.0,1009.0,674.0,1726.0,0.0,0.0,both
722,089SF,101731.994626,,SKYLAND,SKYLAND,1642.0,457.0,394.0,886.0,0.0,0.0,both
723,089AB,121469.258963,white,ASHFORD PARK ELEM,ASHFORD PARK ELEM,2042.0,734.0,445.0,1224.0,0.0,0.0,both
724,089OA,102700.673396,white,OAK GROVE ELEM,OAK GROVE ELEM,1874.0,531.0,599.0,1159.0,0.0,0.0,both
725,089CW,88732.4900975,white,CORALWOOD,CORALWOOD,2693.0,646.0,1034.0,1719.0,0.0,0.0,both
726,089SA,152270.048599,white,SAGAMORE HILLS ELEM,SAGAMORE HILLS ELEM,2535.0,752.0,946.0,1734.0,0.0,0.0,both
727,089LA,127376.406513,white,LAKESIDE HIGH,LAKESIDE HIGH,2669.0,824.0,887.0,1750.0,0.0,0.0,both
728,089DC,54242.2244947,hispanic,DRESDEN ELEM,DRESDEN ELEM,2586.0,331.0,716.0,1085.0,0.0,0.0,both
729,089HB,89142.956877,white,HAWTHORNE ELEM,HAWTHORNE ELEM,3335.0,591.0,1019.0,1646.0,0.0,0.0,both
730,089CL,57071.1882567,black,CLIFTON,,,,,,,,left_only
731,089CR,60412.9860109,black,CEDAR GROVE MIDDLE,CEDAR GROVE MIDDLE,1377.0,19.0,577.0,600.0,0.0,0.0,both
732,089FJ,49299.9421385,black,FLAT SHOALS,FLAT SHOALS,1666.0,26.0,764.0,799.0,0.0,0.0,both
733,089FC,40205.6109299,black,FLAT SHOALS ELEM,FLAT SHOALS ELEM,1743.0,28.0,804.0,843.0,0.0,0.0,both
734,089MP,63298.9618907,black,MCNAIR ACADEMY,MCNAIR ACADEMY,1545.0,35.0,755.0,800.0,0.0,0.0,both
735,089EA,79382.0158026,black,EAST LAKE,,,,,,,,left_only
736,089MD,60027.4694929,black,MCNAIR,,,,,,,,left_only
737,089OK,106164.804212,white,OAKHURST,OAKHURST,2499.0,178.0,1370.0,1572.0,0.0,0.0,both
738,089RN,106721.992146,white,RENFROE MIDDLE,RENFROE MIDDLE,1354.0,104.0,784.0,908.0,0.0,0.0,both
739,089PG,91336.453884,white,PONCE DE LEON,PONCE DE LEON,1988.0,189.0,936.0,1149.0,0.0,0.0,both
740,089CV,94575.0664381,white,CLAIREMONT EAST,CLAIREMONT EAST,2536.0,363.0,1296.0,1703.0,0.0,0.0,both
741,089WF,107682.555416,white,WINNONA PARK ELEM,WINNONA PARK ELEM,1735.0,152.0,1013.0,1180.0,0.0,0.0,both
742,089GA,109095.808889,white,GLENNWOOD,GLENNWOOD,1706.0,151.0,816.0,986.0,0.0,0.0,both
743,089CI,109860.295873,white,CLAIREMONT WEST,CLAIREMONT WEST,2786.0,375.0,1415.0,1837.0,0.0,0.0,both
744,12112M,32997.0398197,black,12M,12M,230.0,1.0,109.0,110.0,0.0,0.0,both
745,12112J,32930.0000227,black,12J,12J,2093.0,22.0,788.0,814.0,0.0,0.0,both
746,12112H,32339.3658542,black,12H,12H,2829.0,32.0,1034.0,1072.0,0.0,0.0,both
747,063FP2,36140.1578396,black,FOREST PARK 2,FOREST PARK 2,1815.0,155.0,629.0,798.0,0.0,0.0,both
748,12112T,32949.4699222,black,12T,12T,1807.0,10.0,723.0,738.0,0.0,0.0,both
749,063MO2,47053.9136763,black,MORROW 2,MORROW 2,1475.0,274.0,418.0,706.0,0.0,0.0,both
750,063MO7,46943.0012069,black,MORROW 7,MORROW 7,1452.0,137.0,487.0,635.0,0.0,0.0,both
751,089GB,51183.999986,black,GLENHAVEN,GLENHAVEN,1275.0,80.0,559.0,646.0,0.0,0.0,both
752,089AI,86539.3731549,white,AVONDALE HIGH,AVONDALE HIGH,2640.0,220.0,1243.0,1494.0,0.0,0.0,both
753,089AE,74514.5410651,white,AVONDALE,AVONDALE,2218.0,525.0,1018.0,1580.0,0.0,0.0,both
754,089MO,55244.8169723,black,MIDWAY,,,,,,,,left_only
755,089CU,45725.1472133,black,COVINGTON,COVINGTON,1907.0,86.0,579.0,684.0,0.0,0.0,both
756,089NB,57972.1051015,,NORTH DECATUR,NORTH DECATUR,1342.0,119.0,471.0,607.0,0.0,0.0,both
757,089ME,47316.0000925,,MCLENDON,MCLENDON,1857.0,167.0,674.0,867.0,0.0,0.0,both
758,063LC1,50361.1557331,,LAKE CITY,LAKE CITY,2027.0,126.0,654.0,799.0,0.0,0.0,both
759,063MO4,47832.7742799,black,MORROW 4,MORROW 4,1464.0,161.0,480.0,656.0,0.0,0.0,both
760,063MO9,44338.0001804,black,MORROW 9,MORROW 9,1030.0,89.0,431.0,532.0,0.0,0.0,both
761,063MO6,58798.2297341,black,MORROW 6,MORROW 6,1994.0,193.0,797.0,1004.0,0.0,0.0,both
762,063MO3,50130.6568649,,MORROW 3,MORROW 3,3265.0,238.0,1208.0,1470.0,0.0,0.0,both
763,089PA,45137.9976276,black,PEACHCREST,,,,,,,,left_only
764,089MR,59521.993967,black,MATHIS-BOB MATHIS ELEM,MATHIS-BOB MATHIS ELEM,2343.0,81.0,1381.0,1476.0,0.0,0.0,both
765,089RA,56147.2972574,black,RAINBOW ELEM,RAINBOW ELEM,2974.0,75.0,1624.0,1709.0,0.0,0.0,both
766,089KC,56502.0000084,black,KELLEY CHAPEL ROAD,KELLEY CHAPEL ROAD,1087.0,28.0,670.0,700.0,0.0,0.0,both
767,089CA,49146.9999949,black,COLUMBIA DRIVE,COLUMBIA DRIVE,1862.0,40.0,831.0,873.0,0.0,0.0,both
768,089AF,42576.6152659,black,AUSTIN DRIVE,AUSTIN DRIVE,1860.0,41.0,748.0,801.0,0.0,0.0,both
769,089CB,44949.8348805,black,CANBY LANE ELEM,CANBY LANE ELEM,1531.0,30.0,805.0,843.0,0.0,0.0,both
770,089SR,44471.7333448,black,SNAPFINGER ROAD N,,,,,,,,left_only
771,089GF,46753.2187242,black,GLENWOOD ROAD,GLENWOOD ROAD,1528.0,46.0,603.0,660.0,0.0,0.0,both
772,063MO1,40974.4173442,,MORROW 1,MORROW 1,2104.0,112.0,877.0,1003.0,0.0,0.0,both
773,089BL,67348.9990567,black,BOULDERCREST ROAD,,,,,,,,left_only
774,063EW1,56862.2945303,black,ELLENWOOD,ELLENWOOD,4329.0,171.0,2284.0,2485.0,0.0,0.0,both
775,089CS,65998.398768,black,CEDAR GROVE SOUTH,CEDAR GROVE SOUTH,2920.0,78.0,1631.0,1720.0,0.0,0.0,both
776,089CD,67577.9549057,black,CEDAR GROVE ELEM,CEDAR GROVE ELEM,3189.0,58.0,1718.0,1786.0,0.0,0.0,both
777,12112F,38291.6535249,black,12F,12F,709.0,3.0,267.0,276.0,0.0,0.0,both
778,12104V,24285.8435641,black,04V,04V,2123.0,13.0,671.0,689.0,0.0,0.0,both
779,12104I,53217.466991,black,04I,04I,2039.0,33.0,310.0,349.0,0.0,0.0,both
780,12101F,25282.0000225,black,01F,01F,960.0,5.0,255.0,264.0,0.0,0.0,both
781,12101G,44017.9664044,black,01G,01G,1578.0,35.0,605.0,652.0,0.0,0.0,both
782,12101D,52036.5347394,black,01D,01D,825.0,27.0,378.0,407.0,0.0,0.0,both
783,12101H,24479.6984578,black,01H,01H,626.0,4.0,216.0,220.0,0.0,0.0,both
784,12105B,37228.5098978,black,05B,05B,1372.0,19.0,470.0,502.0,0.0,0.0,both
785,12101S,36673.1016468,black,01S,01S,1360.0,10.0,545.0,558.0,0.0,0.0,both
786,12101C2,35120.0000431,black,01C2,,,,,,,,left_only
787,12101T,55133.2093864,,01T,01T,1145.0,43.0,386.0,442.0,0.0,0.0,both
788,12101P,39242.6726698,black,01P,01P,977.0,7.0,421.0,431.0,0.0,0.0,both
789,12101R,20891.6639949,black,01R,01R,1129.0,4.0,348.0,354.0,0.0,0.0,both
790,12101E,90784.1397842,white,01E,01E,2288.0,206.0,1098.0,1332.0,0.0,0.0,both
791,12101A,92952.9622934,white,01A,01A,2625.0,119.0,1235.0,1381.0,0.0,0.0,both
792,12105A1,39463.2967499,black,05A1,05A1,1966.0,87.0,812.0,922.0,0.0,0.0,both
793,12101B,80095.1839086,,01B,01B,3124.0,217.0,1494.0,1753.0,0.0,0.0,both
794,089KA,41734.4224844,black,KELLEY LAKE ELEM,KELLEY LAKE ELEM,2307.0,45.0,1046.0,1099.0,0.0,0.0,both
795,089CQ,48441.992136,black,CANDLER,CANDLER,2530.0,43.0,885.0,946.0,0.0,0.0,both
796,089CN,56069.8578966,white,COAN MIDDLE,COAN MIDDLE,2853.0,112.0,1153.0,1293.0,0.0,0.0,both
797,089EE,64047.6932682,white,EPWORTH,EPWORTH,3353.0,443.0,2569.0,3066.0,0.0,0.0,both
798,089LE,59997.6991367,white,LIN-MARY LIN ELEM,LIN-MARY LIN ELEM,2567.0,68.0,271.0,349.0,0.0,0.0,both
799,089BB,52449.3895367,white,BOULEVARD,BOULEVARD,3572.0,189.0,1712.0,1948.0,0.0,0.0,both
800,089ML,53920.7683813,black,MEADOWVIEW,,,,,,,,left_only
801,089GC,55032.6402231,black,GRESHAM ROAD,GRESHAM ROAD,2426.0,63.0,1124.0,1206.0,0.0,0.0,both
802,089BR,56858.983108,white,BURGESS ELEM,BURGESS ELEM,2333.0,98.0,1092.0,1212.0,0.0,0.0,both
803,089MT,55994.556887,white,METROPOLITAN,METROPOLITAN,2289.0,79.0,1038.0,1150.0,0.0,0.0,both
804,089PN,49885.9618547,black,PINEY GROVE,PINEY GROVE,1378.0,22.0,507.0,541.0,0.0,0.0,both
805,089TA,49803.0111423,black,TERRY MILL,,,,,,,,left_only
806,12102G,59375.0279533,black,02G,02G,2584.0,139.0,980.0,1140.0,0.0,0.0,both
807,12102D,51385.098194,black,02D,02D,2986.0,116.0,1085.0,1219.0,0.0,0.0,both
808,12102F2,27533.0,hispanic,02F2,02F2,552.0,17.0,177.0,201.0,0.0,0.0,both
809,12102J,27533.0003873,hispanic,02J,02J,1885.0,132.0,712.0,864.0,0.0,0.0,both
810,12106G,27533.0,hispanic,06G,06G,400.0,36.0,165.0,204.0,0.0,0.0,both
811,12106B,75487.0,white,06B,06B,1566.0,158.0,580.0,753.0,0.0,0.0,both
812,12102E,25350.6313556,black,02E,02E,1657.0,102.0,847.0,973.0,0.0,0.0,both
813,12102F1,42909.2731933,white,02F1,02F1,2350.0,163.0,891.0,1077.0,0.0,0.0,both
814,12106F,58946.758234,white,06F,06F,2362.0,273.0,854.0,1144.0,0.0,0.0,both
815,12106L1,87765.9992351,white,06L1,06L1,796.0,132.0,377.0,512.0,0.0,0.0,both
816,121RW17,100437.99017,white,RW17,RW17,2352.0,590.0,567.0,1181.0,0.0,0.0,both
817,121RW04,100437.999959,white,RW04,RW04,1592.0,598.0,398.0,1012.0,0.0,0.0,both
818,089KB,131053.188751,white,KINGSLEY ELEM,KINGSLEY ELEM,2139.0,972.0,434.0,1446.0,0.0,0.0,both
819,121SS01,136488.870001,white,SS01,SS01,2597.0,1160.0,502.0,1676.0,0.0,0.0,both
820,121RW20,141846.704718,white,RW20,RW20,2187.0,813.0,447.0,1276.0,0.0,0.0,both
821,121RW21A,163434.327627,white,RW21A,RW21A,2760.0,1086.0,445.0,1555.0,0.0,0.0,both
822,121RW22A,96248.0087598,white,RW22A,RW22A,3327.0,629.0,658.0,1313.0,0.0,0.0,both
823,121RW07A,45163.0000085,hispanic,RW07A,RW07A,1122.0,48.0,267.0,321.0,0.0,0.0,both
824,089DA,51380.957949,,DORAVILLE NORTH,DORAVILLE NORTH,2067.0,282.0,512.0,817.0,0.0,0.0,both
825,089OB,48825.9669156,hispanic,OAKCLIFF ELEM,OAKCLIFF ELEM,1301.0,197.0,319.0,538.0,0.0,0.0,both
826,089NF,68242.5858185,,NORTH PEACHTREE,NORTH PEACHTREE,1469.0,295.0,369.0,681.0,0.0,0.0,both
827,13537,49915.3815158,,PINCKNEYVILLE E,PINCKNEYVILLE E,1109.0,132.0,342.0,485.0,0.0,0.0,both
828,089EC,72769.8156416,,EMBRY HILLS,EMBRY HILLS,1633.0,437.0,508.0,982.0,0.0,0.0,both
829,089PF,42765.322967,,PLEASANTDALE ROAD,,,,,,,,left_only
830,121SS25,240757.812902,white,SS25,SS25,1321.0,516.0,242.0,767.0,0.0,0.0,both
831,13573,89159.9742188,white,PINCKNEYVILLE P,PINCKNEYVILLE P,1447.0,535.0,378.0,942.0,0.0,0.0,both
832,135126,157289.26475,white,PINCKNEYVILLE A1,PINCKNEYVILLE A1,2239.0,1016.0,410.0,1485.0,0.0,0.0,both
833,121RW21B,215870.515805,white,RW21B,RW21B,4.0,1.0,4.0,5.0,0.0,0.0,both
834,121JC19,116523.586226,white,JC19,JC19,3161.0,995.0,681.0,1711.0,0.0,0.0,both
835,121JC13A,215884.83114,white,JC13A,JC13A,1902.0,880.0,215.0,1105.0,0.0,0.0,both
836,13522,112593.361519,white,PINCKNEYVILLE C,PINCKNEYVILLE C,1357.0,515.0,341.0,885.0,0.0,0.0,both
837,135125,157519.000127,white,PINCKNEYVILLE Z,PINCKNEYVILLE Z,1549.0,790.0,254.0,1074.0,0.0,0.0,both
838,13562,158449.136342,white,PINCKNEYVILLE L,PINCKNEYVILLE L,1990.0,923.0,361.0,1325.0,0.0,0.0,both
839,121JC13B,215885.0,white,JC13B,JC13B,276.0,151.0,12.0,163.0,0.0,0.0,both
840,13563,174588.43018,white,PINCKNEYVILLE M,PINCKNEYVILLE M,2162.0,1015.0,325.0,1377.0,0.0,0.0,both
841,13521,48705.2491376,hispanic,PINCKNEYVILLE B,PINCKNEYVILLE B,2221.0,237.0,479.0,742.0,0.0,0.0,both
842,13551,41192.3195348,hispanic,PINCKNEYVILLE J,PINCKNEYVILLE J,1747.0,111.0,408.0,536.0,0.0,0.0,both
843,135113,58325.9909451,,PINCKNEYVILLE V,PINCKNEYVILLE V,1209.0,234.0,279.0,527.0,0.0,0.0,both
844,135114,68796.7918856,,PINCKNEYVILLE W,PINCKNEYVILLE W,2695.0,653.0,547.0,1239.0,0.0,0.0,both
845,13520,48121.3441719,hispanic,PINKCNEYVILLE A,,,,,,,,left_only
846,13587,73037.8726623,,PINCKNEYVILLE S,PINCKNEYVILLE S,2084.0,453.0,470.0,954.0,0.0,0.0,both
847,089EF,77401.9394479,white,EVANSDALE ELEM,EVANSDALE ELEM,2329.0,525.0,699.0,1260.0,0.0,0.0,both
848,089MH,99403.6207026,white,MIDVALE ELEM,MIDVALE ELEM,1725.0,675.0,474.0,1179.0,0.0,0.0,both
849,089TH,86583.1318894,white,TUCKER LIBRARY,TUCKER LIBRARY,2078.0,499.0,639.0,1151.0,0.0,0.0,both
850,089LV,96227.6770666,white,LIVSEY ELEM,LIVSEY ELEM,1235.0,424.0,373.0,822.0,0.0,0.0,both
851,089DB,50535.0285842,,DORAVILLE SOUTH,DORAVILLE SOUTH,950.0,165.0,284.0,473.0,0.0,0.0,both
852,121JC18A,98820.6053867,white,JC18A,JC18A,2422.0,895.0,414.0,1327.0,0.0,0.0,both
853,121JC18B,117149.0,white,JC18B,JC18B,186.0,72.0,43.0,116.0,0.0,0.0,both
854,121JC17,117142.980528,white,JC17,JC17,280.0,80.0,58.0,139.0,0.0,0.0,both
855,121AP01C,111815.650764,white,AP01C,AP01C,1900.0,639.0,299.0,953.0,0.0,0.0,both
856,121JC16,117148.995231,white,JC16,JC16,1687.0,507.0,318.0,846.0,0.0,0.0,both
857,121AP01A,116185.023555,white,AP01A,AP01A,1755.0,578.0,240.0,828.0,0.0,0.0,both
858,121AP13,140031.290537,white,AP13,AP13,2168.0,609.0,333.0,956.0,0.0,0.0,both
859,121AP12A,97284.0001583,,AP12A,AP12A,537.0,98.0,126.0,231.0,0.0,0.0,both
860,121JC14,215884.999136,white,JC14,JC14,2061.0,750.0,286.0,1048.0,0.0,0.0,both
861,121AP14,118228.333247,white,AP14,AP14,2605.0,897.0,425.0,1355.0,0.0,0.0,both
862,121JC15,127036.418003,white,JC15,JC15,618.0,128.0,127.0,265.0,0.0,0.0,both
863,121JC10,111750.530237,white,JC10,JC10,1943.0,483.0,400.0,912.0,0.0,0.0,both
864,089AG,138754.283642,white,ASHFORD DUNWOODY RD,ASHFORD DUNWOODY RD,2437.0,832.0,630.0,1496.0,0.0,0.0,both
865,089AH,94373.329923,white,ASHFORD PARKSIDE,ASHFORD PARKSIDE,2526.0,743.0,544.0,1318.0,0.0,0.0,both
866,089MU,59718.1137412,white,MONTGOMERY ELEM ,,,,,,,,left_only
867,089KG,64576.1341072,white,KITTREDGE ELEM,KITTREDGE ELEM,1874.0,642.0,484.0,1171.0,0.0,0.0,both
868,089GD,93518.2565336,white,GEORGETOWN SQ,,,,,,,,left_only
869,089DF,103704.870622,,DUNWOODY,DUNWOODY,2627.0,555.0,487.0,1072.0,0.0,0.0,both
870,089MS,135705.256782,white,MOUNT VERNON WEST,,,,,,,,left_only
871,12107F,120758.606402,white,07F,07F,2411.0,614.0,556.0,1186.0,0.0,0.0,both
872,12107D,131764.348369,white,07D,07D,3231.0,642.0,580.0,1245.0,0.0,0.0,both
873,12107N,52523.0003284,,07N,07N,1518.0,108.0,350.0,475.0,0.0,0.0,both
874,12107M,77244.3317819,,07M,07M,1856.0,292.0,372.0,677.0,0.0,0.0,both
875,12107E,126115.024592,white,07E,07E,1662.0,296.0,501.0,804.0,0.0,0.0,both
876,12107A,157276.007275,white,07A,07A,4524.0,1217.0,952.0,2193.0,0.0,0.0,both
877,12107C,176043.722072,white,07C,07C,3220.0,885.0,676.0,1575.0,0.0,0.0,both
878,12107B,199294.36658,white,07B,07B,2526.0,1063.0,444.0,1522.0,0.0,0.0,both
879,089MZ,39873.7680554,black,MILLER GROVE HIGH,MILLER GROVE HIGH,2300.0,35.0,1272.0,1322.0,0.0,0.0,both
880,089RL,55589.406838,black,ROCK CHAPEL ROAD,ROCK CHAPEL ROAD,2606.0,125.0,1317.0,1446.0,0.0,0.0,both
881,089RF,69754.00005,black,ROCK CHAPEL ELEM,ROCK CHAPEL ELEM,2090.0,40.0,1025.0,1072.0,0.0,0.0,both
882,089RI,76356.9663357,black,ROCKBRIDGE ROAD,ROCKBRIDGE ROAD,2783.0,87.0,1605.0,1700.0,0.0,0.0,both
883,135122,66881.53564,black,ROCKBRIDGE G,ROCKBRIDGE G,3798.0,497.0,1432.0,1965.0,0.0,0.0,both
884,13529,105833.146071,white,CATES B,CATES B,1333.0,560.0,215.0,807.0,0.0,0.0,both
885,13579,105832.992696,white,CATES K,CATES K,2096.0,780.0,342.0,1164.0,0.0,0.0,both
886,135139,60154.2597737,,MARTINS K,MARTINS K,3460.0,410.0,1056.0,1507.0,0.0,0.0,both
887,135115,62549.6379779,,MARTINS H,MARTINS H,3247.0,626.0,825.0,1479.0,0.0,0.0,both
888,13568,104667.072613,white,CATES I,CATES I,2794.0,908.0,544.0,1479.0,0.0,0.0,both
889,13593,115555.99355,white,CATES M,CATES M,3403.0,1317.0,537.0,1909.0,0.0,0.0,both
890,135127,60407.0102112,,LAWRENCEVILLE J,LAWRENCEVILLE J,1550.0,326.0,375.0,726.0,0.0,0.0,both
891,13518,59237.7297579,,MARTINS B,MARTINS B,2180.0,413.0,539.0,975.0,0.0,0.0,both
892,13569,103561.424641,white,CATES J,CATES J,2420.0,724.0,555.0,1326.0,0.0,0.0,both
893,13536,101285.282677,white,CATES E,CATES E,2232.0,865.0,491.0,1399.0,0.0,0.0,both
894,135107,105700.685053,white,CATES O,CATES O,1138.0,374.0,217.0,610.0,0.0,0.0,both
895,13535,95189.7064185,white,CATES D,CATES D,2492.0,848.0,492.0,1385.0,0.0,0.0,both
896,13544,69315.1544263,black,ROCKBRIDGE B,ROCKBRIDGE B,2895.0,495.0,915.0,1440.0,0.0,0.0,both
897,13553,55325.4170542,black,CATES H,CATES H,2612.0,506.0,701.0,1238.0,0.0,0.0,both
898,13546,112113.957655,white,CATES F,CATES F,1459.0,613.0,235.0,869.0,0.0,0.0,both
899,13547,112113.999945,white,CATES G,CATES G,2390.0,1097.0,325.0,1451.0,0.0,0.0,both
900,135143,79124.9828859,,LAWRENCEVILLE L,LAWRENCEVILLE L,3622.0,963.0,833.0,1824.0,0.0,0.0,both
901,13561,53880.4268808,,LAWRENCEVILLE E,LAWRENCEVILLE E,1789.0,636.0,339.0,1007.0,0.0,0.0,both
902,135153,65770.3293267,,LAWRENCEVILLE N,LAWRENCEVILLE N,1700.0,426.0,344.0,793.0,0.0,0.0,both
903,13516,84147.2609054,,LAWRENCEVILLE B,LAWRENCEVILLE B,3360.0,668.0,995.0,1699.0,0.0,0.0,both
904,13578,80066.6393881,white,BAYCREEK K,BAYCREEK K,2625.0,781.0,563.0,1375.0,0.0,0.0,both
905,13515,54894.2737124,,LAWRENCEVILLE A,LAWRENCEVILLE A,2697.0,647.0,475.0,1156.0,0.0,0.0,both
906,135110,62952.278405,,MARTINS G,MARTINS G,1571.0,250.0,416.0,688.0,0.0,0.0,both
907,135124,70959.3286338,,GOODWINS G,GOODWINS G,1807.0,285.0,471.0,774.0,0.0,0.0,both
908,135149,93855.9999817,white,GOODWINS I,GOODWINS I,2060.0,755.0,404.0,1199.0,0.0,0.0,both
909,1356,82916.7351706,white,GOODWINS A,GOODWINS A,2879.0,731.0,654.0,1440.0,0.0,0.0,both
910,135128,72928.3511667,white,GOODWINS H,GOODWINS H,2089.0,546.0,454.0,1039.0,0.0,0.0,both
911,13583,83704.7140178,white,GOODWINS D,GOODWINS D,3262.0,886.0,619.0,1563.0,0.0,0.0,both
912,135106,104351.906772,,SUWANEE C,SUWANEE C,3581.0,1147.0,557.0,1764.0,0.0,0.0,both
913,135105,111801.874104,white,SUGAR HILL F,SUGAR HILL F,3041.0,927.0,420.0,1393.0,0.0,0.0,both
