,DISTRICT,income,race,Precinct Description,Precinct,registered_v,rep_votes,dem_votes,total,rep_p,dem_p,_merge,income_bin
0,121UC034,49669.0000975,black,UC034,UC034,36.0,2.0,15.0,17.0,0.0,0.0,both,low
4,121SC212,49669.0,black,SC212,SC212,2250.0,55.0,1007.0,1066.0,0.0,0.0,both,low
5,121FA01B,49669.0,black,FA01B,FA01B,506.0,9.0,227.0,241.0,0.0,0.0,both,low
6,121FA01A,60801.4212202,black,FA01A,FA01A,6066.0,391.0,2580.0,2992.0,0.0,0.0,both,mid
9,121PA01,45172.5612156,white,PA01,PA01,1916.0,57.0,213.0,271.0,0.0,0.0,both,low
21,121JC08,126335.99752,white,JC08,JC08,2333.0,756.0,459.0,1242.0,0.0,0.0,both,high
22,121JC05,98246.0388369,,JC05,JC05,1795.0,447.0,312.0,772.0,0.0,0.0,both,mid
23,121JC04B,113558.0,white,JC04B,JC04B,209.0,51.0,36.0,88.0,0.0,0.0,both,high
24,121JC03A,98246.0004352,,JC03A,JC03A,462.0,136.0,76.0,213.0,0.0,0.0,both,mid
25,121JC04A,163061.374152,white,JC04A,JC04A,3539.0,1042.0,620.0,1683.0,0.0,0.0,both,high
26,121JC03B,98246.0002512,,JC03B,JC03B,1156.0,269.0,240.0,520.0,0.0,0.0,both,mid
27,121JC06,126336.000022,white,JC06,JC06,2210.0,740.0,293.0,1044.0,0.0,0.0,both,high
29,121JC02,119965.050347,,JC02,JC02,1383.0,362.0,243.0,614.0,0.0,0.0,both,high
50,12111J,41628.0000181,black,11J,11J,1457.0,13.0,733.0,748.0,0.0,0.0,both,low
51,121SC23A,56054.9410052,black,SC23A,SC23A,4037.0,51.0,2019.0,2080.0,0.0,0.0,both,mid
53,121SC27,43809.1670036,black,SC27,SC27,1781.0,24.0,1014.0,1045.0,0.0,0.0,both,low
57,121SC08B,43010.1486789,black,SC08B,SC08B,2592.0,50.0,1345.0,1406.0,0.0,0.0,both,low
58,121SC29A,49669.0001547,black,SC29A,SC29A,2336.0,25.0,1268.0,1300.0,0.0,0.0,both,low
59,121SC23B,54597.9959849,black,SC23B,SC23B,369.0,12.0,183.0,198.0,0.0,0.0,both,mid
60,121SC09B,46959.0854889,black,SC09B,SC09B,1379.0,20.0,750.0,773.0,0.0,0.0,both,low
61,121SC11B,56759.9999777,black,SC11B,SC11B,1320.0,17.0,700.0,719.0,0.0,0.0,both,mid
62,121SC11A,56759.9999747,black,SC11A,SC11A,1184.0,13.0,637.0,653.0,0.0,0.0,both,mid
63,121SC08D,39694.0,black,SC08D,SC08D,409.0,4.0,206.0,210.0,0.0,0.0,both,low
64,121UC01B,39848.998953,black,UC01B,UC01B,300.0,1.0,89.0,90.0,0.0,0.0,both,low
65,121SC09A,44086.6969134,black,SC09A,SC09A,2598.0,44.0,1158.0,1205.0,0.0,0.0,both,low
66,121UC01A,49338.6179548,black,UC01A,UC01A,2821.0,32.0,1057.0,1098.0,0.0,0.0,both,low
67,121UC031,51926.3173636,black,UC031,UC031,1901.0,209.0,636.0,851.0,0.0,0.0,both,mid
68,121SC08E,49346.9978534,black,SC08E,SC08E,333.0,1.0,163.0,165.0,0.0,0.0,both,low
69,121UC035,50266.6137287,black,UC035,UC035,7.0,2.0,3.0,5.0,0.0,0.0,both,mid
72,121SC07A,64043.8404756,black,SC07A,SC07A,3905.0,245.0,2022.0,2284.0,0.0,0.0,both,mid
73,121CH03,41282.0,white,CH03,CH03,272.0,115.0,51.0,169.0,0.0,0.0,both,low
74,121CH02,41282.0000023,white,CH02,CH02,260.0,57.0,97.0,154.0,0.0,0.0,both,low
75,121CH01,41282.0,white,CH01,CH01,190.0,22.0,50.0,74.0,0.0,0.0,both,low
76,121SC04,51949.8440986,white,SC04,SC04,859.0,231.0,272.0,514.0,0.0,0.0,both,mid
77,121CH05,41282.0,white,CH05,CH05,328.0,151.0,36.0,193.0,0.0,0.0,both,low
78,121CH04A,41282.0,white,CH04A,CH04A,412.0,155.0,97.0,258.0,0.0,0.0,both,low
83,121UC032,49669.0000862,black,UC032,UC032,16.0,2.0,4.0,6.0,0.0,0.0,both,low
84,121SC211,54300.2067363,black,SC211,SC211,820.0,13.0,434.0,448.0,0.0,0.0,both,mid
112,121RW09,176443.563528,white,RW09,RW09,2442.0,1051.0,329.0,1398.0,0.0,0.0,both,high
127,121RW07B,45170.9301991,hispanic,RW07B,RW07B,307.0,56.0,85.0,149.0,0.0,0.0,both,low
128,121AP03,57454.0000093,,AP03,AP03,640.0,60.0,144.0,211.0,0.0,0.0,both,mid
129,121RW05,58003.9855617,,RW05,RW05,1701.0,284.0,347.0,644.0,0.0,0.0,both,mid
130,121AP021,110781.941078,white,AP021,AP021,2304.0,679.0,373.0,1082.0,0.0,0.0,both,high
131,121RW06,93606.2385029,white,RW06,RW06,2430.0,709.0,499.0,1232.0,0.0,0.0,both,mid
132,121RW13,103843.601204,white,RW13,RW13,2954.0,1028.0,552.0,1617.0,0.0,0.0,both,high
133,121AP01D,81158.1907624,white,AP01D,AP01D,656.0,149.0,112.0,266.0,0.0,0.0,both,mid
134,121AP02B,61654.999889,,AP02B,AP02B,356.0,90.0,61.0,153.0,0.0,0.0,both,mid
135,121AP022,61655.0002753,,AP022,AP022,1755.0,465.0,332.0,822.0,0.0,0.0,both,mid
136,121AP01B,84909.9999854,,AP01B,AP01B,648.0,93.0,105.0,206.0,0.0,0.0,both,mid
143,121CP06,57248.9999336,white,CP06,CP06,369.0,2.0,93.0,95.0,0.0,0.0,both,mid
144,121CP05B,35056.3167721,black,CP05B,CP05B,90.0,1.0,35.0,36.0,0.0,0.0,both,low
146,121RW08,104907.832885,white,RW08,RW08,1928.0,744.0,308.0,1076.0,0.0,0.0,both,high
147,121RW18,152029.727253,white,RW18,RW18,1991.0,841.0,311.0,1172.0,0.0,0.0,both,high
148,121RW16,110849.313211,white,RW16,RW16,1575.0,590.0,293.0,902.0,0.0,0.0,both,high
149,121RW12,113046.672824,white,RW12,RW12,3083.0,1203.0,557.0,1804.0,0.0,0.0,both,high
153,121SS15B,72017.9998374,,SS15B,SS15B,1339.0,191.0,316.0,522.0,0.0,0.0,both,mid
154,121SS17,46878.6732202,white,SS17,SS17,2998.0,1008.0,534.0,1561.0,0.0,0.0,both,low
156,121CP02,79794.9668548,,CP02,CP02,813.0,66.0,283.0,357.0,0.0,0.0,both,mid
157,121CP01B,79794.9992581,,CP01B,CP01B,335.0,45.0,96.0,146.0,0.0,0.0,both,mid
159,12109F,92955.4619794,white,09F,09F,2909.0,838.0,739.0,1608.0,0.0,0.0,both,mid
160,12108N2,221381.421359,white,08N2,08N2,981.0,327.0,251.0,583.0,0.0,0.0,both,high
161,12108N1,221299.000193,white,08N1,08N1,703.0,324.0,123.0,451.0,0.0,0.0,both,high
162,12108F1,226070.090638,white,08F1,08F1,1922.0,901.0,355.0,1273.0,0.0,0.0,both,high
163,12108A,263565.203108,white,08A,08A,2537.0,882.0,506.0,1403.0,0.0,0.0,both,high
164,12108D,255725.654679,white,08D,08D,937.0,475.0,200.0,677.0,0.0,0.0,both,high
168,121SS09A,66325.2756171,white,SS09A,SS09A,2603.0,1091.0,551.0,1664.0,0.0,0.0,both,mid
170,121SS16,58034.0000791,,SS16,SS16,1894.0,848.0,389.0,1250.0,0.0,0.0,both,mid
171,121AP09A,105645.403973,white,AP09A,AP09A,3603.0,1077.0,613.0,1722.0,0.0,0.0,both,high
174,121JC12,170409.619398,white,JC12,JC12,2066.0,982.0,298.0,1299.0,0.0,0.0,both,high
176,121SS15A,44353.0003431,black,SS15A,SS15A,1950.0,109.0,471.0,594.0,0.0,0.0,both,low
178,121RW02,142982.961069,white,RW02,RW02,3339.0,1157.0,632.0,1842.0,0.0,0.0,both,high
179,121RW10,121373.989042,white,RW10,RW10,2836.0,1126.0,483.0,1650.0,0.0,0.0,both,high
180,121RW15,166033.558256,white,RW15,RW15,2741.0,1118.0,390.0,1535.0,0.0,0.0,both,high
181,121RW01,108603.189828,white,RW01,RW01,4059.0,1534.0,714.0,2280.0,0.0,0.0,both,high
182,121RW03,71633.4028417,,RW03,RW03,3392.0,772.0,722.0,1533.0,0.0,0.0,both,mid
224,12103E,19653.4983947,black,03E,03E,1615.0,7.0,534.0,546.0,0.0,0.0,both,low
225,12104J,25242.292842,black,04J,04J,908.0,1.0,129.0,130.0,0.0,0.0,both,low
226,12103L,60667.9997259,black,03L,03L,492.0,3.0,141.0,146.0,0.0,0.0,both,mid
227,12103M,57334.3119909,white,03M,03M,682.0,59.0,191.0,269.0,0.0,0.0,both,mid
228,12103N,29787.4994217,black,03N,03N,1758.0,9.0,481.0,497.0,0.0,0.0,both,low
229,12109G1,67895.0182723,white,09G1,09G1,377.0,34.0,113.0,150.0,0.0,0.0,both,mid
230,12109G2,67895.0000883,white,09G2,09G2,1925.0,251.0,528.0,792.0,0.0,0.0,both,mid
231,12109H,67895.0,white,09H,09H,746.0,56.0,209.0,269.0,0.0,0.0,both,mid
232,12108M,135365.035419,white,08M,08M,1321.0,610.0,247.0,865.0,0.0,0.0,both,high
233,12107J,125829.486437,white,07J,07J,2398.0,516.0,600.0,1129.0,0.0,0.0,both,high
234,12107H,129059.000016,white,07H,07H,1738.0,525.0,503.0,1040.0,0.0,0.0,both,high
235,12108G,118764.009889,white,08G,08G,2340.0,529.0,509.0,1046.0,0.0,0.0,both,high
236,12108C,256389.389374,white,08C,08C,1241.0,586.0,179.0,767.0,0.0,0.0,both,high
237,12108B,245507.920083,white,08B,08B,2902.0,1044.0,511.0,1582.0,0.0,0.0,both,high
238,12106I,69900.5230237,,06I,06I,2395.0,162.0,532.0,702.0,0.0,0.0,both,mid
240,121SS18B,90477.0004194,white,SS18B,SS18B,218.0,93.0,51.0,145.0,0.0,0.0,both,mid
242,121SS02A,90477.0,white,SS02A,SS02A,1034.0,233.0,223.0,465.0,0.0,0.0,both,mid
243,121SS19B,77423.006892,white,SS19B,SS19B,1825.0,276.0,408.0,694.0,0.0,0.0,both,mid
244,121SS19A,66247.9391108,,SS19A,SS19A,2523.0,274.0,581.0,870.0,0.0,0.0,both,mid
246,121SS26,57995.7841135,,SS26,SS26,2908.0,179.0,699.0,894.0,0.0,0.0,both,mid
247,121SS20,68393.6845785,,SS20,SS20,1681.0,292.0,327.0,632.0,0.0,0.0,both,mid
248,121SS22,52899.405147,,SS22,SS22,2347.0,548.0,516.0,1086.0,0.0,0.0,both,mid
249,121RW11A,92566.1771281,white,RW11A,RW11A,2266.0,653.0,460.0,1138.0,0.0,0.0,both,mid
250,121RW19,187821.165651,white,RW19,RW19,1742.0,672.0,264.0,950.0,0.0,0.0,both,high
251,121ML012,177525.000024,white,ML012,ML012,421.0,189.0,47.0,241.0,0.0,0.0,both,high
252,121ML01B,178143.432728,white,ML01B,ML01B,52.0,17.0,5.0,22.0,0.0,0.0,both,high
253,121AP04A,138431.719885,white,AP04A,AP04A,1349.0,589.0,188.0,794.0,0.0,0.0,both,high
254,121ML011,177524.999989,white,ML011,ML011,1809.0,651.0,229.0,893.0,0.0,0.0,both,high
255,121AP04B,177524.999495,white,AP04B,AP04B,317.0,111.0,53.0,166.0,0.0,0.0,both,high
256,12105A2,74509.8315883,white,05A2,05A2,2051.0,102.0,800.0,922.0,0.0,0.0,both,mid
257,12103G,15389.0001477,black,03G,03G,513.0,5.0,162.0,169.0,0.0,0.0,both,low
258,12103T,44311.8871663,black,03T,03T,1308.0,21.0,476.0,506.0,0.0,0.0,both,low
260,12104F,49896.5106383,white,04F,04F,1736.0,42.0,523.0,573.0,0.0,0.0,both,low
261,12103P1A,53680.0186107,white,03P1A,03P1A,2357.0,84.0,543.0,645.0,0.0,0.0,both,mid
262,12103I,66113.854176,,03I,03I,1080.0,75.0,202.0,291.0,0.0,0.0,both,mid
263,121AP06,111870.317795,white,AP06,AP06,1524.0,566.0,226.0,807.0,0.0,0.0,both,high
264,121AP07B,138287.349975,white,AP07B,AP07B,1219.0,434.0,177.0,618.0,0.0,0.0,both,high
265,121ML023,177681.167199,white,ML023,ML023,1112.0,499.0,102.0,606.0,0.0,0.0,both,high
266,121ML022,190427.0,white,ML022,ML022,221.0,79.0,17.0,97.0,0.0,0.0,both,high
267,121AP10,169333.999407,white,AP10,AP10,849.0,317.0,123.0,454.0,0.0,0.0,both,high
268,121ML04A,163189.779537,white,ML04A,ML04A,1366.0,503.0,173.0,694.0,0.0,0.0,both,high
269,121AP07A,90764.2214155,white,AP07A,AP07A,2654.0,724.0,507.0,1264.0,0.0,0.0,both,mid
270,121ML024,190426.999955,white,ML024,ML024,86.0,47.0,3.0,50.0,0.0,0.0,both,high
271,121ML04B,177112.076944,white,ML04B,ML04B,1031.0,440.0,133.0,581.0,0.0,0.0,both,high
272,121ML021,187591.470592,white,ML021,ML021,1298.0,534.0,118.0,661.0,0.0,0.0,both,high
273,121ML03,190427.0,white,ML03,ML03,3204.0,1315.0,301.0,1645.0,0.0,0.0,both,high
274,121ML07A,190427.0,white,ML07A,ML07A,571.0,217.0,63.0,289.0,0.0,0.0,both,high
275,121ML05B,190427.0,white,ML05B,ML05B,314.0,134.0,37.0,173.0,0.0,0.0,both,high
276,12112B,48162.9999502,black,12B,12B,1884.0,42.0,819.0,874.0,0.0,0.0,both,low
277,12112S,37724.9999756,black,12S,12S,1415.0,11.0,594.0,610.0,0.0,0.0,both,low
278,12101J,30444.8270649,black,01J,01J,1925.0,21.0,744.0,773.0,0.0,0.0,both,low
279,12101C1,38173.0765435,black,01C1,01C1,812.0,10.0,276.0,288.0,0.0,0.0,both,low
280,12112A,48162.9996438,black,12A,12A,597.0,10.0,280.0,295.0,0.0,0.0,both,low
281,12112K,29682.5130538,black,12K,12K,2249.0,32.0,783.0,822.0,0.0,0.0,both,low
282,12112N,28004.0125754,black,12N,12N,692.0,5.0,229.0,234.0,0.0,0.0,both,low
283,12104B,43957.3952996,black,04B,04B,1757.0,15.0,332.0,353.0,0.0,0.0,both,low
287,12110K,40334.9878689,black,10K,10K,1274.0,14.0,726.0,744.0,0.0,0.0,both,low
288,12110G,38163.730312,black,10G,10G,1076.0,15.0,635.0,652.0,0.0,0.0,both,low
289,12111H,44749.0923361,black,11H,11H,564.0,4.0,282.0,287.0,0.0,0.0,both,low
290,12110J,27505.4212903,black,10J,10J,742.0,3.0,311.0,317.0,0.0,0.0,both,low
291,12112L,24448.6012747,black,12L,12L,470.0,4.0,174.0,179.0,0.0,0.0,both,low
292,12112G,23800.0000513,black,12G,12G,666.0,14.0,329.0,345.0,0.0,0.0,both,low
293,12112D,23984.7763757,black,12D,12D,961.0,6.0,342.0,351.0,0.0,0.0,both,low
298,121MP01,175478.0,white,MP01,MP01,397.0,111.0,116.0,230.0,0.0,0.0,both,high
309,121ML05A,169334.0,white,ML05A,ML05A,12.0,6.0,8.0,14.0,0.0,0.0,both,high
310,121ML06A,89105.4961093,white,ML06A,ML06A,1514.0,215.0,280.0,507.0,0.0,0.0,both,mid
311,121AP12B,163711.151849,white,AP12B,AP12B,646.0,62.0,112.0,176.0,0.0,0.0,both,high
312,121ML05C,131507.554028,white,ML05C,ML05C,3484.0,990.0,559.0,1570.0,0.0,0.0,both,high
313,121ML04C,184433.58675,white,ML04C,ML04C,74.0,30.0,9.0,40.0,0.0,0.0,both,high
314,121ML071,190427.0,white,ML071,ML071,82.0,28.0,13.0,42.0,0.0,0.0,both,high
315,121ML06B,87754.0786291,white,ML06B,ML06B,2279.0,440.0,499.0,963.0,0.0,0.0,both,mid
316,121SS09B,107793.915474,white,SS09B,SS09B,2931.0,1218.0,598.0,1825.0,0.0,0.0,both,high
317,121SS13B,170781.917706,white,SS13B,SS13B,935.0,175.0,154.0,334.0,0.0,0.0,both,high
318,121SS11D,92761.0000254,,SS11D,SS11D,273.0,75.0,68.0,145.0,0.0,0.0,both,mid
319,121SS11B,92760.9877163,,SS11B,SS11B,1041.0,161.0,239.0,405.0,0.0,0.0,both,mid
320,121SS06,69192.9977567,white,SS06,SS06,1179.0,498.0,254.0,759.0,0.0,0.0,both,mid
321,121SS05,58602.0054561,,SS05,SS05,1617.0,669.0,400.0,1080.0,0.0,0.0,both,mid
322,121SS18A,71783.7353125,,SS18A,SS18A,573.0,239.0,124.0,366.0,0.0,0.0,both,mid
323,121SS31,69229.1196899,white,SS31,SS31,912.0,278.0,221.0,503.0,0.0,0.0,both,mid
324,121SS03,69193.0003403,white,SS03,SS03,1194.0,360.0,311.0,685.0,0.0,0.0,both,mid
325,121SS13A,94140.0,white,SS13A,SS13A,1273.0,374.0,282.0,665.0,0.0,0.0,both,mid
326,121SS11A,98018.5278361,white,SS11A,SS11A,3125.0,654.0,635.0,1313.0,0.0,0.0,both,mid
327,121SS11C,101716.448226,,SS11C,SS11C,227.0,18.0,47.0,67.0,0.0,0.0,both,high
328,121SS14,162671.225707,white,SS14,SS14,1173.0,507.0,237.0,756.0,0.0,0.0,both,high
329,12108J,138801.245249,white,08J,08J,2269.0,842.0,490.0,1345.0,0.0,0.0,both,high
332,121HP01,52696.9730183,,HP01,HP01,2479.0,368.0,688.0,1085.0,0.0,0.0,both,mid
333,12112E1,22402.7118397,black,12E1,12E1,1123.0,15.0,346.0,362.0,0.0,0.0,both,low
334,121AP05,158709.308464,white,AP05,AP05,3703.0,1371.0,557.0,1947.0,0.0,0.0,both,high
335,121ML072,190427.0,white,ML072,ML072,870.0,331.0,97.0,430.0,0.0,0.0,both,high
336,121AP09B,115719.401279,white,AP09B,AP09B,641.0,145.0,121.0,274.0,0.0,0.0,both,high
349,121SC05D,87960.7627183,black,SC05D,SC05D,1901.0,95.0,994.0,1094.0,0.0,0.0,both,mid
350,121UC02B,99633.9108888,black,UC02B,UC02B,25.0,5.0,4.0,9.0,0.0,0.0,both,mid
351,121SC05B,101950.239027,black,SC05B,SC05B,2456.0,35.0,1357.0,1397.0,0.0,0.0,both,high
353,121SC18B,101953.999923,black,SC18B,SC18B,3786.0,71.0,2333.0,2409.0,0.0,0.0,both,high
358,121SC13B,56422.003735,white,SC13B,SC13B,1806.0,59.0,957.0,1021.0,0.0,0.0,both,mid
359,121SC05A,58258.2233014,white,SC05A,SC05A,494.0,8.0,278.0,290.0,0.0,0.0,both,mid
360,121SC13A,56422.0002889,white,SC13A,SC13A,4603.0,95.0,2476.0,2577.0,0.0,0.0,both,mid
361,12109K,31091.9225552,black,09K,09K,2102.0,9.0,612.0,623.0,0.0,0.0,both,low
362,12109M,118699.999949,white,09M,09M,1478.0,224.0,464.0,714.0,0.0,0.0,both,high
363,12109E,42531.6628892,black,09E,09E,1904.0,28.0,720.0,755.0,0.0,0.0,both,low
364,12109A,100512.153848,,09A,09A,2552.0,367.0,758.0,1156.0,0.0,0.0,both,high
365,12104C,35651.9998104,black,04C,04C,101.0,1.0,38.0,40.0,0.0,0.0,both,low
366,12103A,27740.6627099,black,03A,03A,1609.0,11.0,522.0,534.0,0.0,0.0,both,low
367,12103D,27340.0000291,black,03D,03D,803.0,2.0,272.0,280.0,0.0,0.0,both,low
368,12103B,27406.0000852,black,03B,03B,446.0,2.0,115.0,117.0,0.0,0.0,both,low
369,12109I,40775.9999983,black,09I,09I,1136.0,8.0,416.0,424.0,0.0,0.0,both,low
399,121SC14,42668.9250389,black,SC14,SC14,1023.0,7.0,330.0,339.0,0.0,0.0,both,low
402,121CP04,36599.8336446,black,CP04,CP04,117.0,1.0,22.0,23.0,0.0,0.0,both,low
403,121CP012,39986.8709058,,CP012,CP012,957.0,134.0,398.0,536.0,0.0,0.0,both,low
404,121EP03,40753.9595325,black,EP03,EP03,4829.0,129.0,2505.0,2653.0,0.0,0.0,both,low
405,121CP011,40399.8685842,,CP011,CP011,893.0,108.0,321.0,435.0,0.0,0.0,both,low
406,121EP01,42070.8213304,black,EP01,EP01,4363.0,196.0,1665.0,1891.0,0.0,0.0,both,low
407,121SC19B,47644.2055908,black,SC19B,SC19B,1090.0,18.0,517.0,539.0,0.0,0.0,both,low
408,121EP04,44235.3064161,black,EP04,EP04,5058.0,66.0,2106.0,2187.0,0.0,0.0,both,low
409,121CP051,51275.8443223,black,CP051,CP051,1379.0,23.0,675.0,700.0,0.0,0.0,both,mid
410,121CP07A,35016.0003381,black,CP07A,CP07A,1077.0,5.0,211.0,218.0,0.0,0.0,both,low
411,12111P,45767.3397957,black,11P,11P,1538.0,11.0,706.0,722.0,0.0,0.0,both,low
412,121SC10,41164.0363432,black,SC10,SC10,1369.0,10.0,504.0,518.0,0.0,0.0,both,low
413,121CP081,41166.0001052,black,CP081,CP081,266.0,1.0,60.0,61.0,0.0,0.0,both,low
415,121SC17A,48657.006409,black,SC17A,SC17A,39.0,1.0,19.0,20.0,0.0,0.0,both,low
416,121SC17C,40697.9825237,black,SC17C,SC17C,949.0,20.0,506.0,529.0,0.0,0.0,both,low
417,121SC19A,39780.2115605,black,SC19A,SC19A,150.0,3.0,93.0,97.0,0.0,0.0,both,low
418,121SC18A,53108.6451605,black,SC18A,SC18A,447.0,1.0,215.0,219.0,0.0,0.0,both,mid
419,12111E3,50016.1480866,black,11E3,11E3,2427.0,16.0,1050.0,1069.0,0.0,0.0,both,mid
420,12111E1,51445.000011,black,11E1,11E1,899.0,19.0,419.0,439.0,0.0,0.0,both,mid
421,12111E2,51445.0,black,11E2,11E2,720.0,8.0,395.0,407.0,0.0,0.0,both,mid
422,121UC02A,58366.7049726,black,UC02A,UC02A,5325.0,99.0,2488.0,2602.0,0.0,0.0,both,mid
423,121SC08F,48657.0,black,SC08F,SC08F,626.0,14.0,247.0,264.0,0.0,0.0,both,low
424,121SC01B,87927.9411808,black,SC01B,SC01B,3229.0,46.0,2024.0,2080.0,0.0,0.0,both,mid
425,121SC02,71485.7392749,black,SC02,SC02,1171.0,14.0,789.0,808.0,0.0,0.0,both,mid
426,121SC16,81562.9999511,black,SC16,SC16,3574.0,35.0,2125.0,2168.0,0.0,0.0,both,mid
428,12111C,71432.8537365,black,11C,11C,2231.0,26.0,1334.0,1367.0,0.0,0.0,both,mid
429,121SC30A,71467.0,black,SC30A,SC30A,131.0,1.0,80.0,81.0,0.0,0.0,both,mid
430,12110A,37740.3164043,black,10A,10A,2388.0,11.0,1340.0,1361.0,0.0,0.0,both,low
431,12110C,29262.0318226,black,10C,10C,2071.0,7.0,777.0,788.0,0.0,0.0,both,low
432,12111N,50322.0366046,black,11N,11N,1846.0,16.0,1078.0,1098.0,0.0,0.0,both,mid
433,12111M,52641.9999697,black,11M,11M,2573.0,12.0,1146.0,1167.0,0.0,0.0,both,mid
434,121SC30B,61707.4505136,black,SC30B,SC30B,1088.0,11.0,543.0,557.0,0.0,0.0,both,mid
435,12110L,72578.9996085,black,10L,10L,2571.0,26.0,1524.0,1564.0,0.0,0.0,both,mid
436,12110R,27503.9998312,black,10R,10R,631.0,2.0,261.0,265.0,0.0,0.0,both,low
437,12110B,72579.0,black,10B,10B,555.0,8.0,359.0,369.0,0.0,0.0,both,mid
438,12110I,71919.2251782,black,10I,10I,316.0,6.0,205.0,212.0,0.0,0.0,both,mid
439,12110H,31296.7654716,black,10H,10H,2106.0,18.0,899.0,922.0,0.0,0.0,both,low
440,121EP02,43866.7971891,black,EP02,EP02,4425.0,195.0,1728.0,1948.0,0.0,0.0,both,low
441,12111B,65759.240361,black,11B,11B,3889.0,34.0,2092.0,2134.0,0.0,0.0,both,mid
442,12110D,26177.6079698,black,10D,10D,3386.0,15.0,1374.0,1402.0,0.0,0.0,both,low
444,12110P,32046.999984,black,10P,10P,1150.0,4.0,504.0,510.0,0.0,0.0,both,low
445,12109C,40447.9996988,black,09C,09C,2380.0,21.0,1119.0,1149.0,0.0,0.0,both,low
446,12109B,35970.8214809,black,09B,09B,337.0,2.0,119.0,122.0,0.0,0.0,both,low
447,12109L,40094.0606534,black,09L,09L,1479.0,23.0,538.0,565.0,0.0,0.0,both,low
448,12111R,21537.9448448,black,11R,11R,1475.0,3.0,458.0,466.0,0.0,0.0,both,low
449,12111K,42006.4885368,black,11K,11K,1516.0,20.0,853.0,877.0,0.0,0.0,both,low
450,12111G,25664.1565825,black,11G,11G,1822.0,17.0,552.0,575.0,0.0,0.0,both,low
451,12112I,28534.9013759,black,12I,12I,782.0,2.0,291.0,295.0,0.0,0.0,both,low
452,12112C,41225.9998394,black,12C,12C,1231.0,19.0,514.0,541.0,0.0,0.0,both,low
453,12104S,46545.999876,black,04S,04S,1792.0,13.0,840.0,860.0,0.0,0.0,both,low
454,12104X1,35759.0200937,black,04X1,04X1,1508.0,9.0,670.0,683.0,0.0,0.0,both,low
455,12104M,21568.0,black,04M,04M,580.0,6.0,192.0,200.0,0.0,0.0,both,low
456,12104T,35386.0,black,04T,04T,922.0,4.0,421.0,426.0,0.0,0.0,both,low
457,12110M,36298.822261,black,10M,10M,1998.0,17.0,882.0,911.0,0.0,0.0,both,low
458,12104X2,35959.1343464,black,04X2,04X2,595.0,7.0,200.0,209.0,0.0,0.0,both,low
459,12104L,36129.9999521,black,04L,04L,1233.0,18.0,455.0,478.0,0.0,0.0,both,low
460,12104D,35651.9999567,black,04D,04D,1190.0,9.0,521.0,534.0,0.0,0.0,both,low
461,12104G,36778.0,black,04G,04G,592.0,4.0,195.0,200.0,0.0,0.0,both,low
462,12104A,30341.9999945,black,04A,04A,1024.0,8.0,352.0,365.0,0.0,0.0,both,low
463,12104K,35074.0841761,black,04K,04K,1889.0,27.0,762.0,793.0,0.0,0.0,both,low
464,12104W,38930.9239721,black,04W,04W,1434.0,9.0,260.0,276.0,0.0,0.0,both,low
465,12110F,40447.8169444,black,10F,10F,897.0,12.0,472.0,486.0,0.0,0.0,both,low
466,12103S,35997.0000039,black,03S,03S,583.0,4.0,230.0,237.0,0.0,0.0,both,low
467,12109D,26088.6688216,black,09D,09D,1612.0,7.0,630.0,642.0,0.0,0.0,both,low
468,12103C,39291.3838513,black,03C,03C,1300.0,7.0,500.0,507.0,0.0,0.0,both,low
469,12103H,35997.0000251,black,03H,03H,798.0,4.0,245.0,251.0,0.0,0.0,both,low
495,12108E,269010.312053,white,08E,08E,2262.0,999.0,511.0,1525.0,0.0,0.0,both,high
555,121JC01,145436.99994,,JC01,JC01,3829.0,987.0,686.0,1687.0,0.0,0.0,both,high
592,121SS12,124374.241597,white,SS12,SS12,2178.0,712.0,488.0,1209.0,0.0,0.0,both,high
593,121SS07C,108524.999954,white,SS07C,SS07C,636.0,182.0,112.0,299.0,0.0,0.0,both,high
594,121SS07B,108524.999331,white,SS07B,SS07B,402.0,111.0,73.0,192.0,0.0,0.0,both,high
595,121SS07A,84328.9999613,white,SS07A,SS07A,803.0,318.0,146.0,467.0,0.0,0.0,both,mid
596,121SS08B,108524.991486,white,SS08B,SS08B,563.0,206.0,104.0,312.0,0.0,0.0,both,high
597,121SS02B,90477.0,white,SS02B,SS02B,1054.0,121.0,267.0,396.0,0.0,0.0,both,mid
598,121SS08C,84329.0001405,white,SS08C,SS08C,526.0,96.0,118.0,219.0,0.0,0.0,both,mid
599,121SS04,74517.0043037,,SS04,SS04,2496.0,485.0,576.0,1084.0,0.0,0.0,both,mid
600,121SS08A,108525.000018,white,SS08A,SS08A,845.0,149.0,208.0,367.0,0.0,0.0,both,high
601,121SS08D,108525.020545,white,SS08D,SS08D,889.0,172.0,214.0,390.0,0.0,0.0,both,high
602,121SS29A,103129.00006,,SS29A,SS29A,2374.0,546.0,485.0,1054.0,0.0,0.0,both,high
604,12106J,45081.057745,,06J,06J,2310.0,295.0,940.0,1257.0,0.0,0.0,both,low
605,12106E,72178.7174635,white,06E,06E,1869.0,183.0,607.0,799.0,0.0,0.0,both,mid
606,12106Q,74875.0001423,white,06Q,06Q,422.0,14.0,98.0,113.0,0.0,0.0,both,mid
607,12106S,59200.5701212,white,06S,06S,2935.0,464.0,1300.0,1786.0,0.0,0.0,both,mid
608,12106H,59582.2674532,white,06H,06H,1530.0,297.0,650.0,963.0,0.0,0.0,both,mid
609,12106D,71373.3689554,white,06D,06D,2611.0,299.0,816.0,1141.0,0.0,0.0,both,mid
619,12108L,87289.0007578,white,08L,08L,2982.0,528.0,772.0,1326.0,0.0,0.0,both,mid
620,12102W,87766.0,white,02W,02W,378.0,20.0,100.0,122.0,0.0,0.0,both,mid
621,12103F,86784.2560239,white,03F,03F,1463.0,99.0,388.0,504.0,0.0,0.0,both,mid
622,12102A,46303.0001382,white,02A,02A,3102.0,310.0,974.0,1309.0,0.0,0.0,both,low
623,12106R,37734.6990054,hispanic,06R,06R,1473.0,197.0,606.0,811.0,0.0,0.0,both,low
624,12106N,109896.950179,white,06N,06N,1754.0,336.0,448.0,795.0,0.0,0.0,both,high
625,12106L2,87766.0000903,white,06L2,06L2,612.0,136.0,245.0,385.0,0.0,0.0,both,mid
626,12102S,57249.8912256,,02S,02S,620.0,11.0,229.0,246.0,0.0,0.0,both,mid
627,12105J,42941.585985,black,05J,05J,468.0,30.0,211.0,244.0,0.0,0.0,both,low
629,12102B,57686.6943556,,02B,02B,2871.0,98.0,648.0,756.0,0.0,0.0,both,mid
631,12105K,30532.5617551,black,05K,05K,1806.0,32.0,538.0,578.0,0.0,0.0,both,low
632,12105D,52260.4903887,,05D,05D,243.0,2.0,36.0,38.0,0.0,0.0,both,mid
633,12105F,29512.0,white,05F,05F,12.0,1.0,2.0,4.0,0.0,0.0,both,low
634,12102L2,100864.999874,white,02L2,02L2,861.0,90.0,251.0,347.0,0.0,0.0,both,high
635,12102C,29512.0016958,white,02C,02C,1573.0,55.0,577.0,645.0,0.0,0.0,both,low
636,12102L1,45188.9725985,hispanic,02L1,02L1,4462.0,308.0,1338.0,1689.0,0.0,0.0,both,low
637,12102K,42950.0,,02K,02K,1206.0,83.0,441.0,541.0,0.0,0.0,both,low
638,12108P,67895.2872147,white,08P,08P,1062.0,123.0,312.0,442.0,0.0,0.0,both,mid
639,12108K,138803.068553,white,08K,08K,885.0,193.0,188.0,389.0,0.0,0.0,both,high
688,12108H,226996.999074,white,08H,08H,2130.0,861.0,498.0,1363.0,0.0,0.0,both,high
692,121JC11,122981.463271,white,JC11,JC11,2713.0,919.0,394.0,1340.0,0.0,0.0,both,high
693,121JC09,120359.978589,white,JC09,JC09,2396.0,603.0,478.0,1101.0,0.0,0.0,both,high
694,121JC07,126839.488816,white,JC07,JC07,3223.0,872.0,567.0,1467.0,0.0,0.0,both,high
695,121AP12C,85109.9573477,,AP12C,AP12C,912.0,292.0,152.0,451.0,0.0,0.0,both,mid
744,12112M,32997.0398197,black,12M,12M,230.0,1.0,109.0,110.0,0.0,0.0,both,low
745,12112J,32930.0000227,black,12J,12J,2093.0,22.0,788.0,814.0,0.0,0.0,both,low
746,12112H,32339.3658542,black,12H,12H,2829.0,32.0,1034.0,1072.0,0.0,0.0,both,low
748,12112T,32949.4699222,black,12T,12T,1807.0,10.0,723.0,738.0,0.0,0.0,both,low
777,12112F,38291.6535249,black,12F,12F,709.0,3.0,267.0,276.0,0.0,0.0,both,low
778,12104V,24285.8435641,black,04V,04V,2123.0,13.0,671.0,689.0,0.0,0.0,both,low
779,12104I,53217.466991,black,04I,04I,2039.0,33.0,310.0,349.0,0.0,0.0,both,mid
780,12101F,25282.0000225,black,01F,01F,960.0,5.0,255.0,264.0,0.0,0.0,both,low
781,12101G,44017.9664044,black,01G,01G,1578.0,35.0,605.0,652.0,0.0,0.0,both,low
782,12101D,52036.5347394,black,01D,01D,825.0,27.0,378.0,407.0,0.0,0.0,both,mid
783,12101H,24479.6984578,black,01H,01H,626.0,4.0,216.0,220.0,0.0,0.0,both,low
784,12105B,37228.5098978,black,05B,05B,1372.0,19.0,470.0,502.0,0.0,0.0,both,low
785,12101S,36673.1016468,black,01S,01S,1360.0,10.0,545.0,558.0,0.0,0.0,both,low
787,12101T,55133.2093864,,01T,01T,1145.0,43.0,386.0,442.0,0.0,0.0,both,mid
788,12101P,39242.6726698,black,01P,01P,977.0,7.0,421.0,431.0,0.0,0.0,both,low
789,12101R,20891.6639949,black,01R,01R,1129.0,4.0,348.0,354.0,0.0,0.0,both,low
790,12101E,90784.1397842,white,01E,01E,2288.0,206.0,1098.0,1332.0,0.0,0.0,both,mid
791,12101A,92952.9622934,white,01A,01A,2625.0,119.0,1235.0,1381.0,0.0,0.0,both,mid
792,12105A1,39463.2967499,black,05A1,05A1,1966.0,87.0,812.0,922.0,0.0,0.0,both,low
793,12101B,80095.1839086,,01B,01B,3124.0,217.0,1494.0,1753.0,0.0,0.0,both,mid
806,12102G,59375.0279533,black,02G,02G,2584.0,139.0,980.0,1140.0,0.0,0.0,both,mid
807,12102D,51385.098194,black,02D,02D,2986.0,116.0,1085.0,1219.0,0.0,0.0,both,mid
808,12102F2,27533.0,hispanic,02F2,02F2,552.0,17.0,177.0,201.0,0.0,0.0,both,low
809,12102J,27533.0003873,hispanic,02J,02J,1885.0,132.0,712.0,864.0,0.0,0.0,both,low
810,12106G,27533.0,hispanic,06G,06G,400.0,36.0,165.0,204.0,0.0,0.0,both,low
811,12106B,75487.0,white,06B,06B,1566.0,158.0,580.0,753.0,0.0,0.0,both,mid
812,12102E,25350.6313556,black,02E,02E,1657.0,102.0,847.0,973.0,0.0,0.0,both,low
813,12102F1,42909.2731933,white,02F1,02F1,2350.0,163.0,891.0,1077.0,0.0,0.0,both,low
814,12106F,58946.758234,white,06F,06F,2362.0,273.0,854.0,1144.0,0.0,0.0,both,mid
815,12106L1,87765.9992351,white,06L1,06L1,796.0,132.0,377.0,512.0,0.0,0.0,both,mid
816,121RW17,100437.99017,white,RW17,RW17,2352.0,590.0,567.0,1181.0,0.0,0.0,both,high
817,121RW04,100437.999959,white,RW04,RW04,1592.0,598.0,398.0,1012.0,0.0,0.0,both,high
819,121SS01,136488.870001,white,SS01,SS01,2597.0,1160.0,502.0,1676.0,0.0,0.0,both,high
820,121RW20,141846.704718,white,RW20,RW20,2187.0,813.0,447.0,1276.0,0.0,0.0,both,high
821,121RW21A,163434.327627,white,RW21A,RW21A,2760.0,1086.0,445.0,1555.0,0.0,0.0,both,high
822,121RW22A,96248.0087598,white,RW22A,RW22A,3327.0,629.0,658.0,1313.0,0.0,0.0,both,mid
823,121RW07A,45163.0000085,hispanic,RW07A,RW07A,1122.0,48.0,267.0,321.0,0.0,0.0,both,low
830,121SS25,240757.812902,white,SS25,SS25,1321.0,516.0,242.0,767.0,0.0,0.0,both,high
833,121RW21B,215870.515805,white,RW21B,RW21B,4.0,1.0,4.0,5.0,0.0,0.0,both,high
834,121JC19,116523.586226,white,JC19,JC19,3161.0,995.0,681.0,1711.0,0.0,0.0,both,high
835,121JC13A,215884.83114,white,JC13A,JC13A,1902.0,880.0,215.0,1105.0,0.0,0.0,both,high
839,121JC13B,215885.0,white,JC13B,JC13B,276.0,151.0,12.0,163.0,0.0,0.0,both,high
852,121JC18A,98820.6053867,white,JC18A,JC18A,2422.0,895.0,414.0,1327.0,0.0,0.0,both,mid
853,121JC18B,117149.0,white,JC18B,JC18B,186.0,72.0,43.0,116.0,0.0,0.0,both,high
854,121JC17,117142.980528,white,JC17,JC17,280.0,80.0,58.0,139.0,0.0,0.0,both,high
855,121AP01C,111815.650764,white,AP01C,AP01C,1900.0,639.0,299.0,953.0,0.0,0.0,both,high
856,121JC16,117148.995231,white,JC16,JC16,1687.0,507.0,318.0,846.0,0.0,0.0,both,high
857,121AP01A,116185.023555,white,AP01A,AP01A,1755.0,578.0,240.0,828.0,0.0,0.0,both,high
858,121AP13,140031.290537,white,AP13,AP13,2168.0,609.0,333.0,956.0,0.0,0.0,both,high
859,121AP12A,97284.0001583,,AP12A,AP12A,537.0,98.0,126.0,231.0,0.0,0.0,both,mid
860,121JC14,215884.999136,white,JC14,JC14,2061.0,750.0,286.0,1048.0,0.0,0.0,both,high
861,121AP14,118228.333247,white,AP14,AP14,2605.0,897.0,425.0,1355.0,0.0,0.0,both,high
862,121JC15,127036.418003,white,JC15,JC15,618.0,128.0,127.0,265.0,0.0,0.0,both,high
863,121JC10,111750.530237,white,JC10,JC10,1943.0,483.0,400.0,912.0,0.0,0.0,both,high
871,12107F,120758.606402,white,07F,07F,2411.0,614.0,556.0,1186.0,0.0,0.0,both,high
872,12107D,131764.348369,white,07D,07D,3231.0,642.0,580.0,1245.0,0.0,0.0,both,high
873,12107N,52523.0003284,,07N,07N,1518.0,108.0,350.0,475.0,0.0,0.0,both,mid
874,12107M,77244.3317819,,07M,07M,1856.0,292.0,372.0,677.0,0.0,0.0,both,mid
875,12107E,126115.024592,white,07E,07E,1662.0,296.0,501.0,804.0,0.0,0.0,both,high
876,12107A,157276.007275,white,07A,07A,4524.0,1217.0,952.0,2193.0,0.0,0.0,both,high
877,12107C,176043.722072,white,07C,07C,3220.0,885.0,676.0,1575.0,0.0,0.0,both,high
878,12107B,199294.36658,white,07B,07B,2526.0,1063.0,444.0,1522.0,0.0,0.0,both,high
