President of the United States,,,,,,,,,,,,,,,,,,,,
,,MITT ROMNEY (R),,,,,,BARACK OBAMA (I) D,,,,,,GARY JOHNSON (L),,,,,,
Precinct,Registered Voters,Election Day,Absentee by Mail,Advance in Person 1,Advance in Person 2,Provisional,Total Votes,Election Day,Absentee by Mail,Advance in Person 1,Advance in Person 2,Provisional,Total Votes,Election Day,Absentee by Mail,Advance in Person 1,Advance in Person 2,Provisional,Total Votes,Total
01A,2589,214,5,40,1,10,270,1019,40,332,70,36,1497,33,2,5,0,1,41,1808
01B,3202,312,15,44,8,1,380,1408,51,332,67,4,1862,62,0,2,0,0,64,2306
01C1,940,15,1,1,0,0,17,409,7,79,52,14,561,4,0,1,0,0,5,583
01C2,1,0,0,0,0,0,0,1,0,0,0,3,4,0,0,0,0,0,0,4
01D,856,32,6,15,0,1,54,305,28,138,49,15,535,3,0,0,0,0,3,592
01E,2364,238,13,64,7,2,324,933,25,299,60,12,1329,50,5,5,0,0,60,1713
01F,860,5,0,2,0,0,7,324,16,63,38,26,467,1,0,0,0,0,1,475
01G,1616,42,1,6,2,0,51,674,22,169,56,24,945,17,0,1,0,1,19,1015
01J,2004,20,1,6,2,0,29,800,46,229,131,18,1224,8,0,0,0,0,8,1261
01P,1018,6,0,0,4,0,10,478,32,61,66,12,649,2,0,0,0,0,2,661
01R,1088,0,0,1,0,1,2,542,9,59,41,20,671,0,0,0,0,0,0,673
01S,1434,14,1,0,3,0,18,620,22,107,137,11,897,1,0,0,0,0,1,916
01T,1211,59,4,8,2,1,74,439,12,98,55,13,617,14,0,0,0,0,14,705
02A,1628,58,2,26,1,3,90,523,30,237,79,25,894,9,0,3,0,0,12,996
02B,3333,121,11,52,3,2,189,531,29,358,35,13,966,17,0,3,0,2,22,1177
02C,1525,111,9,30,1,1,152,564,29,227,35,24,879,16,1,1,0,1,19,1050
02D,3162,198,5,39,2,3,247,1114,63,478,99,55,1809,33,0,5,1,0,39,2095
02E,1660,163,8,20,3,2,196,684,38,179,10,15,926,48,2,2,0,1,53,1175
02F1,2428,248,8,52,3,6,317,914,32,229,23,21,1219,36,5,6,0,0,47,1583
02F2,543,32,4,8,0,2,46,176,9,74,11,12,282,4,0,2,0,0,6,334
02G,2514,207,20,79,8,2,316,825,50,313,38,17,1243,40,1,6,0,0,47,1606
02J,1795,30,27,30,2,2,91,195,135,250,27,15,622,8,1,1,2,0,12,725
02L1,4489,545,35,158,13,1,752,1248,123,548,45,7,1971,46,4,14,0,0,64,2787
02L2,708,109,9,31,0,1,150,163,13,73,5,10,264,14,0,1,0,1,16,430
02S,2367,80,6,24,5,2,117,867,49,360,72,32,1380,16,0,3,0,1,20,1517
02W,1672,153,11,55,2,6,227,418,22,239,23,7,709,20,0,2,0,1,23,959
02X,1461,147,10,16,1,14,188,323,9,50,11,42,435,34,0,1,1,6,42,665
03A,1806,6,1,2,3,1,13,597,50,79,249,41,1016,0,0,0,0,0,0,1029
03B,553,0,0,1,0,0,1,194,7,24,25,10,260,0,0,0,0,0,0,261
03C,1309,4,0,0,1,0,5,505,42,42,265,12,866,1,0,0,0,0,1,872
03D,827,2,0,1,0,0,3,254,22,58,107,15,456,2,0,0,0,0,2,461
03E,1964,12,1,5,3,0,21,637,32,143,164,28,1004,2,0,0,0,0,2,1027
03G,567,3,0,0,1,0,4,130,3,36,41,7,217,1,0,0,1,0,2,223
03H,872,2,0,1,2,0,5,254,28,43,156,9,490,1,0,0,0,0,1,496
03L,537,5,0,1,0,0,6,206,10,18,35,6,275,1,0,0,0,0,1,282
03M,772,103,1,8,1,1,114,224,8,45,19,4,300,18,0,3,0,0,21,435
03N,1809,21,1,5,1,1,29,668,24,157,111,44,1004,5,0,0,1,1,7,1040
03P1,2528,145,18,61,2,0,226,603,30,322,47,25,1027,34,0,5,0,0,39,1292
03P2,90,3,0,0,0,0,3,83,0,3,6,3,95,0,0,0,0,0,0,98
03R,1353,7,0,4,1,0,12,445,22,46,210,8,731,3,0,0,0,0,3,746
03S,589,1,0,0,0,0,1,193,19,14,144,4,374,0,0,0,3,0,3,378
03T,1375,25,3,9,0,0,37,549,18,156,111,9,843,4,0,0,0,0,4,884
03U,838,2,0,0,0,0,2,253,12,59,31,12,367,1,0,0,0,0,1,370
04A,909,5,0,2,3,0,10,370,26,63,98,22,579,1,0,0,0,0,1,590
04B,2014,8,1,6,1,0,16,431,20,244,96,47,838,1,0,0,0,0,1,855
04D,1213,6,0,1,2,0,9,427,44,67,238,6,782,2,0,0,0,0,2,793
04E,2350,48,0,3,3,1,55,872,27,149,157,50,1255,9,0,1,0,0,10,1320
04G,626,1,2,0,0,0,3,260,8,26,55,4,353,2,0,0,0,0,2,358
04H2,720,2,0,1,1,0,4,314,11,48,31,8,412,0,0,0,0,0,0,416
04K,1849,17,0,3,1,1,22,645,51,203,255,9,1163,5,0,0,1,0,6,1191
04L,1194,14,1,3,3,1,22,441,14,68,164,18,705,0,0,0,0,0,0,727
04M,602,2,0,0,1,0,3,264,3,30,44,11,352,1,0,0,0,0,1,356
04S,1769,8,1,1,4,0,14,776,33,75,346,10,1240,2,0,0,2,0,4,1258
04T,914,2,0,0,2,0,4,406,21,38,131,12,608,3,0,0,0,0,3,615
04V,1982,10,0,2,2,0,14,724,28,295,114,32,1193,4,1,0,0,0,5,1212
04W,1914,2,0,0,0,0,2,558,18,76,35,126,813,1,0,0,0,0,1,816
04X1,1589,6,1,1,1,0,9,587,41,94,312,13,1047,1,0,0,0,0,1,1057
04X2,589,3,1,1,1,0,6,159,13,37,98,7,314,4,0,0,0,0,4,324
05A1,1497,108,2,20,3,2,135,660,21,161,21,6,869,32,0,7,0,0,39,1043
05A2,2494,160,12,32,5,0,209,912,73,289,73,14,1361,43,1,4,2,0,50,1620
05B,1876,39,2,9,1,3,54,636,54,285,139,36,1150,10,0,0,1,0,11,1215
05C,133,2,0,0,0,0,2,39,2,18,2,5,66,0,0,1,0,0,1,69
06A,2628,370,36,139,3,7,555,796,74,339,14,24,1247,38,1,5,0,0,44,1846
06B,1563,270,9,57,3,4,343,568,33,122,6,9,738,26,3,5,0,0,34,1115
06D,2577,335,32,125,3,2,497,739,49,362,19,5,1174,21,0,8,0,0,29,1700
06E,1867,246,14,59,0,1,320,614,34,243,9,6,906,25,0,1,0,1,27,1253
06F,2484,389,22,66,4,6,487,849,38,206,9,12,1114,38,0,5,0,0,43,1644
06G,2495,241,19,60,1,1,322,941,42,242,11,1,1237,38,1,3,0,0,42,1601
06H,1563,351,24,73,3,2,453,582,28,123,0,3,736,18,1,5,0,0,24,1213
06J,2313,376,27,95,5,5,508,795,63,261,6,14,1139,23,1,2,0,0,26,1673
06K,1129,110,5,21,1,2,139,414,35,112,3,8,572,17,1,3,0,0,21,732
06L1,808,163,21,55,1,1,241,260,30,77,3,2,372,3,1,0,0,0,4,617
06L2,663,154,2,48,1,0,205,214,3,53,1,3,274,6,0,0,0,0,6,485
06R,1486,222,22,72,0,2,318,431,47,177,7,4,666,13,0,7,0,0,20,1004
06S,3022,547,53,172,6,0,778,1062,85,345,4,2,1498,35,3,9,0,1,48,2324
07A,4161,1044,134,642,7,22,1849,622,86,476,11,21,1216,28,5,12,0,1,46,3111
07B,2547,916,117,460,0,15,1508,314,50,156,1,3,524,19,2,2,0,0,23,2055
07C,3101,643,270,362,2,8,1285,411,133,269,8,8,829,21,1,1,0,0,23,2137
07D,3244,648,67,427,2,23,1167,401,61,380,6,16,864,31,2,10,1,1,45,2076
07E,4018,575,38,269,1,2,885,1018,64,627,23,8,1740,38,0,13,0,0,51,2676
07F,2231,591,45,324,2,7,969,381,48,232,4,9,674,16,0,7,0,1,24,1667
07H,1736,415,49,295,1,6,766,298,42,229,1,2,572,13,0,2,0,0,15,1353
07J,2437,612,27,195,4,8,846,522,41,267,13,11,854,28,0,2,0,1,31,1731
07K1,1859,296,34,198,0,0,528,394,37,221,7,9,668,19,1,4,0,0,24,1220
07K2,454,37,1,17,0,2,57,119,9,85,12,4,229,3,1,1,0,0,5,291
07M,1883,374,48,132,5,8,567,348,33,172,11,16,580,9,0,1,1,1,12,1159
07N,1358,213,9,72,3,3,300,294,30,270,13,6,613,20,1,2,0,1,24,937
08A,2268,662,121,374,3,2,1162,298,45,176,10,3,532,17,2,2,0,0,21,1715
08B,2958,934,93,542,3,23,1595,371,46,214,2,10,643,21,1,4,0,0,26,2264
08C,1256,415,88,311,1,7,822,116,11,66,0,0,193,3,0,2,0,0,5,1020
08D,1275,343,72,236,1,3,655,169,33,94,3,3,302,10,0,4,0,2,16,973
08E,2327,734,152,412,2,1,1301,337,57,144,7,0,545,14,1,1,0,0,16,1862
08F1,1971,675,118,448,4,4,1249,211,40,95,0,0,346,9,0,2,0,0,11,1606
08G,2366,428,67,307,3,10,815,358,73,248,7,15,701,13,1,3,0,1,18,1534
08H,2089,542,138,502,1,16,1199,223,58,209,4,14,508,10,1,2,0,1,14,1721
08J,2197,722,62,407,3,1,1195,370,48,176,10,1,605,21,0,4,0,0,25,1825
08K,535,204,6,61,0,2,273,117,4,34,2,1,158,2,0,0,0,0,2,433
08L,3316,627,54,291,5,12,989,701,46,434,24,22,1227,48,1,5,0,1,55,2271
08M,1391,404,64,340,1,1,810,144,17,85,2,1,249,4,1,2,0,0,7,1066
08N1,731,269,39,138,0,4,450,81,4,43,0,3,131,2,1,0,0,0,3,584
08N2,980,246,66,110,0,1,423,138,68,53,2,2,263,4,1,0,0,0,5,691
08P,1907,247,14,67,2,1,331,528,25,208,38,10,809,36,2,6,2,2,48,1188
09A,2335,476,19,135,6,7,643,673,26,223,79,34,1035,31,0,5,1,0,37,1715
09B,416,0,0,1,0,0,1,131,5,13,74,14,237,0,0,0,0,0,0,238
09C,2521,10,2,2,11,0,25,720,114,106,778,18,1736,2,0,0,1,0,3,1764
09D,1622,6,0,1,1,0,8,637,59,43,282,18,1039,0,0,1,0,0,1,1048
09E,1856,32,2,2,5,1,42,647,45,127,302,40,1161,6,0,1,0,0,7,1210
09F,2912,794,63,337,2,15,1211,601,44,234,21,17,917,39,1,1,0,2,43,2171
09G2,2198,408,13,106,5,1,533,589,32,246,32,20,919,31,1,6,0,2,40,1492
09K,2101,8,1,1,1,0,11,862,25,48,260,20,1215,0,0,0,0,0,0,1226
09L,1614,14,1,7,1,3,26,613,32,72,259,32,1008,2,0,0,1,0,3,1037
09M,1559,342,11,55,7,6,421,477,20,80,84,33,694,34,0,1,0,0,35,1150
10A,2556,7,0,1,4,0,12,773,88,49,976,19,1905,2,0,0,2,0,4,1921
10C,2108,4,0,0,1,0,5,690,96,67,556,21,1430,1,0,0,0,0,1,1436
10D,3499,5,1,0,10,0,16,813,99,48,1319,36,2315,1,0,0,1,0,2,2333
10E,828,1,0,0,2,0,3,261,40,26,286,0,613,0,0,2,0,0,2,618
10F,995,9,0,0,5,0,14,276,52,22,315,8,673,0,0,0,0,0,0,687
10G,1116,7,0,2,2,0,11,294,55,55,469,5,878,2,0,0,0,0,2,891
10H,2125,13,0,1,5,0,19,599,61,82,619,9,1370,1,0,0,1,0,2,1391
10J,718,1,0,0,0,1,2,263,21,21,125,12,442,0,0,0,0,0,0,444
10L,2645,12,2,2,11,0,27,685,105,86,1154,12,2042,2,0,0,2,0,4,2073
10M,2057,11,3,2,4,0,20,752,53,114,407,15,1341,4,0,0,2,0,6,1367
10P,1120,1,0,1,1,0,3,436,31,26,288,5,786,0,0,0,0,0,0,789
10R,676,2,0,1,0,0,3,274,6,16,124,7,427,0,0,0,0,0,0,430
11A1,554,2,0,2,4,0,8,140,15,20,265,0,440,1,0,0,0,0,1,449
11A2,314,0,0,2,4,0,6,82,22,23,126,2,255,0,0,0,0,0,0,261
11B,3974,24,5,4,13,0,46,1041,124,201,1693,9,3068,1,0,0,0,0,1,3115
11C,2305,9,0,1,14,0,24,742,65,58,765,26,1656,4,0,2,3,0,9,1689
11E1,928,11,0,1,9,0,21,276,5,40,294,41,656,1,1,0,0,1,3,680
11E2,1306,9,0,0,4,0,13,408,36,52,479,27,1002,3,1,0,0,0,4,1019
11E3,1781,10,0,1,4,0,15,542,15,77,551,15,1200,3,0,0,0,0,3,1218
11G,2595,8,3,0,5,0,16,776,83,124,376,52,1411,4,0,0,0,0,4,1431
11H,1926,14,0,2,5,1,22,624,61,83,596,11,1375,1,0,0,1,0,2,1399
11J,1411,6,4,0,4,0,14,499,53,65,449,12,1078,2,0,0,1,1,4,1096
11K,1652,20,3,0,8,0,31,524,43,114,487,8,1176,1,0,0,1,0,2,1209
11M,2519,10,1,1,4,0,16,797,60,123,682,32,1694,3,0,0,0,0,3,1713
11N,1936,6,1,0,14,1,22,544,51,75,809,7,1486,1,0,0,0,0,1,1509
11P,1505,8,1,0,2,0,11,543,61,47,387,14,1052,2,0,1,0,0,3,1066
11R,1511,1,0,0,0,0,1,578,25,65,199,31,898,3,0,0,0,0,3,902
12A,660,10,0,1,1,0,12,316,12,61,56,5,450,3,0,0,0,0,3,465
12B,1958,45,6,5,3,1,60,799,26,169,208,29,1231,7,0,0,2,0,9,1300
12C,1242,25,0,4,4,0,33,463,20,114,166,14,777,4,0,1,0,0,5,815
12D,1050,9,0,0,1,0,10,369,19,86,113,12,599,1,0,0,0,0,1,610
12E1,1171,9,3,3,5,0,20,380,57,49,103,13,602,1,1,0,0,0,2,624
12F,728,10,0,0,0,0,10,307,6,40,69,17,439,4,0,0,0,0,4,453
12G,692,14,2,1,2,0,19,300,27,30,73,49,479,2,0,0,0,0,2,500
12H,2843,31,4,2,2,0,39,1153,28,197,321,34,1733,3,1,1,1,0,6,1778
12J,2101,10,0,4,2,0,16,892,35,118,260,13,1318,2,0,1,0,0,3,1337
12L,523,4,1,0,0,0,5,213,8,15,39,9,284,0,0,0,1,0,1,290
12M,248,3,0,0,0,0,3,139,4,5,20,2,170,0,0,0,0,0,0,173
12S,1462,13,4,2,0,0,19,623,57,152,110,9,951,3,0,0,0,0,3,973
12T,1759,14,0,1,1,1,17,782,33,118,225,20,1178,1,0,0,0,0,1,1196
AP01A,1808,462,63,36,354,5,920,200,22,30,133,6,391,8,1,0,4,0,13,1324
AP01B,622,115,7,16,49,3,190,103,6,31,51,3,194,3,0,0,1,0,4,388
AP01C,1630,406,49,42,296,0,793,221,17,25,130,0,393,11,1,0,3,0,15,1201
AP01D,849,198,41,11,119,0,369,122,10,12,54,0,198,11,1,0,4,0,16,583
AP02B,400,43,132,7,15,1,198,32,35,11,12,1,91,1,0,1,0,1,3,292
AP03,596,72,0,10,5,0,87,182,2,48,8,8,248,0,0,0,0,0,0,335
AP04A,1354,531,68,99,110,7,815,153,28,29,41,1,252,10,3,1,0,0,14,1081
AP04B,286,131,8,9,16,0,164,35,4,5,10,0,54,5,1,0,0,0,6,224
AP05,3800,1090,156,54,802,12,2114,443,43,24,283,5,798,17,3,1,6,0,27,2939
AP06,1452,593,59,62,144,1,859,173,22,33,44,3,275,11,1,0,5,1,18,1152
AP07A,2596,782,81,69,196,9,1137,484,42,77,141,18,762,32,3,2,2,1,40,1939
AP07B,1202,402,47,62,160,1,672,171,5,23,46,0,245,13,1,1,2,0,17,934
AP09A,3685,874,107,36,626,9,1652,572,54,35,302,15,978,28,4,0,11,0,43,2673
AP09B,650,142,10,3,115,14,284,99,11,3,84,2,199,7,0,0,1,1,9,492
AP021,2274,724,86,65,191,7,1073,346,29,63,123,8,569,28,3,1,0,0,32,1674
AP022,1716,472,55,61,109,1,698,272,17,95,83,3,470,16,0,1,1,0,18,1186
AP10,847,327,32,35,101,0,495,117,11,7,28,0,163,9,0,1,2,0,12,670
AP12A,2101,429,55,53,184,7,728,401,20,56,174,12,663,12,0,0,1,0,13,1404
AP13,2153,517,50,24,433,17,1041,251,36,16,187,16,506,8,2,1,5,2,18,1565
AP14,2670,712,96,21,499,3,1331,354,40,28,250,4,676,30,0,0,2,0,32,2039
CH01,214,33,1,2,3,0,39,50,1,1,42,1,95,1,0,0,0,0,1,135
CH02,286,83,1,0,10,0,94,63,5,1,51,0,120,2,0,0,0,0,2,216
CH03,289,154,3,0,16,0,173,47,2,1,10,0,60,0,0,0,1,0,1,234
CH04A,372,154,11,5,25,0,195,72,1,3,23,1,100,3,0,0,0,0,3,298
CH05,346,204,13,0,18,0,235,28,4,1,10,0,43,2,0,0,0,0,2,280
CP01B,372,42,10,10,17,3,82,95,4,11,49,34,193,3,0,0,0,1,4,279
CP011,610,48,5,3,24,0,80,220,11,12,73,5,321,5,1,0,1,0,7,408
CP012,1291,200,12,5,46,1,264,366,12,40,216,2,636,7,0,0,3,0,10,910
CP02,869,67,9,3,17,0,96,252,36,32,124,19,463,1,1,0,0,0,2,561
CP04,123,2,0,0,1,0,3,28,1,0,15,1,45,1,0,0,0,0,1,49
CP05A,0,0,6,0,3,0,9,0,3,6,40,0,49,0,0,0,0,0,0,58
CP05B,85,0,0,0,2,0,2,43,0,0,16,0,59,0,0,0,0,0,0,61
CP051,1380,16,1,0,6,0,23,492,19,29,385,5,930,2,0,0,0,0,2,955
CP06,406,1,0,0,2,0,3,122,4,15,67,5,213,0,0,0,0,0,0,216
CP07A,1082,7,0,0,0,0,7,336,9,27,160,12,544,1,0,0,0,0,1,552
CP07B,6,0,0,0,1,0,1,0,1,2,10,2,15,0,0,0,0,0,0,16
CP081,245,2,0,0,0,0,2,83,0,7,30,12,132,0,0,0,0,0,0,134
CP083,745,0,0,0,0,0,0,263,1,8,50,5,327,0,0,0,0,0,0,327
EP01A,428,11,2,2,6,0,21,171,12,17,123,12,335,0,0,0,0,0,0,356
EP01B,1024,36,6,1,22,0,65,370,23,49,222,2,666,2,0,0,0,0,2,733
EP03,992,34,2,4,9,0,49,356,12,61,113,14,556,8,0,0,1,0,9,614
EP04,1357,142,5,7,30,1,185,527,19,67,169,2,784,15,0,1,2,0,18,987
EP05,2018,71,8,0,15,1,95,754,53,54,272,16,1149,1,2,0,0,0,3,1247
EP06A,1519,38,11,0,13,0,62,508,34,68,396,22,1028,4,0,0,0,0,4,1094
EP06B,643,3,1,0,5,0,9,205,5,43,104,9,366,1,0,0,0,0,1,376
EP071,1708,138,4,5,21,2,170,645,25,66,226,40,1002,9,0,0,2,0,11,1183
EP072,1562,59,1,6,13,0,79,516,10,48,198,13,785,8,0,0,1,0,9,873
EP07B,299,4,1,1,0,0,6,110,3,37,41,4,195,0,0,0,0,0,0,201
EP08A,2502,13,0,2,6,1,22,857,23,80,526,48,1534,1,0,0,2,0,3,1559
EP08B,489,3,0,1,1,0,5,131,8,17,130,47,333,0,0,0,0,0,0,338
EP08D,648,4,0,2,5,0,11,198,11,20,247,16,492,0,0,0,2,0,2,505
EP09,1521,56,7,2,10,1,76,587,46,41,356,4,1034,3,0,0,0,0,3,1113
EP10A,635,13,1,1,4,0,19,214,30,22,187,1,454,3,0,0,0,0,3,476
EP10B,575,13,1,0,4,0,18,212,5,27,210,1,455,2,0,0,0,0,2,475
EP11A,976,30,8,1,3,0,42,408,41,22,249,2,722,1,0,0,0,0,1,765
EP11B,447,8,0,1,8,1,18,46,3,20,244,7,320,0,0,0,0,0,0,338
FA01A,6227,255,65,6,256,1,583,1588,94,99,2045,26,3852,9,0,0,5,0,14,4449
FA01B,510,9,2,0,9,0,20,140,4,10,181,2,337,1,0,0,0,0,1,358
HP01,2536,488,18,17,63,2,588,762,10,95,173,29,1069,22,1,0,0,0,23,1680
JC01,3957,902,75,24,604,7,1612,687,64,30,383,6,1170,29,3,2,8,0,42,2824
JC02,1084,278,19,6,145,0,448,183,21,6,99,1,310,12,0,1,0,0,13,771
JC03A,413,91,11,2,87,0,191,56,1,0,45,1,103,2,0,0,1,0,3,297
JC03B,1200,273,30,5,137,1,446,211,25,8,154,1,399,8,2,0,4,0,14,859
JC04A,3664,726,119,25,850,7,1727,434,75,23,390,4,926,23,6,2,9,0,40,2693
JC04B,213,30,14,0,38,3,85,30,7,1,27,0,65,1,0,0,3,0,4,154
JC05,1872,390,35,4,354,1,784,265,20,7,239,4,535,11,0,0,3,0,14,1333
JC06,2285,548,90,15,468,8,1129,241,22,13,160,6,442,18,4,0,5,0,27,1598
JC07,3429,692,111,22,563,8,1396,466,61,16,362,15,920,15,0,1,6,1,23,2339
JC08,2377,496,39,13,527,3,1078,306,23,5,307,7,648,30,0,2,4,0,36,1762
JC09,2456,552,54,19,351,3,979,444,23,22,271,6,766,23,2,0,5,1,31,1776
JC10,2006,405,61,3,267,12,748,362,24,17,220,6,629,20,0,0,7,0,27,1404
JC11,2816,684,112,17,616,11,1440,299,47,17,210,7,580,13,0,0,7,0,20,2040
JC12,2175,521,130,33,560,4,1248,203,35,21,140,3,402,8,1,0,5,0,14,1664
JC13A,1972,619,125,50,408,8,1210,166,19,18,92,1,296,10,0,1,1,0,12,1518
JC13B,286,77,38,9,79,0,203,12,1,0,6,0,19,2,1,0,0,0,3,225
JC14,2136,603,106,27,408,3,1147,242,34,12,159,3,450,7,2,0,3,0,12,1609
JC15,644,129,8,7,65,1,210,138,9,10,80,3,240,11,0,0,2,0,13,463
JC16,1682,533,29,27,223,2,814,304,12,17,107,3,443,32,2,0,1,0,35,1292
JC17,279,87,4,7,27,0,125,67,3,8,13,0,91,2,1,0,1,0,4,220
JC18A,2520,875,99,67,280,2,1323,306,28,48,153,2,537,21,3,0,4,0,28,1888
JC18B,167,49,9,1,14,0,73,31,1,7,17,0,56,2,0,0,0,0,2,131
JC19,3227,914,93,79,381,0,1467,553,48,92,172,3,868,33,3,2,4,0,42,2377
ML011,1693,651,54,67,90,3,865,247,13,22,28,2,312,22,1,0,2,1,26,1203
ML012,349,151,5,20,19,0,195,23,6,9,0,0,38,3,0,0,0,0,3,236
ML01A,0,1,0,18,36,0,55,0,0,6,16,0,22,0,0,0,0,0,0,77
ML01B,86,29,1,22,16,0,68,8,2,7,2,0,19,1,0,0,0,0,1,88
ML02A,1340,616,64,59,85,15,839,129,11,26,21,4,191,8,1,0,0,0,9,1039
ML02B,1203,494,66,40,131,2,733,103,12,15,19,0,149,8,0,1,0,0,9,891
ML03,3202,1291,163,152,301,9,1916,268,34,45,82,5,434,23,3,0,2,0,28,2378
ML04,2447,939,91,75,322,2,1429,263,26,37,95,1,422,10,1,0,2,0,13,1864
ML05,3874,1171,165,131,327,9,1803,535,48,113,219,11,926,27,5,0,2,1,35,2764
ML06,3874,850,53,78,245,6,1232,818,43,184,295,10,1350,43,2,2,6,0,53,2635
ML07A,517,223,15,24,39,9,310,62,5,7,10,2,86,8,1,0,0,0,9,405
ML07B,1015,441,39,32,80,1,593,109,8,13,29,0,159,10,0,0,1,0,11,763
MP01,397,139,10,11,4,0,164,119,7,8,0,2,136,8,0,0,0,0,8,308
PA01,2047,274,28,1,47,16,366,639,27,21,334,46,1067,11,1,0,2,0,14,1447
RW01,4122,1358,214,555,90,11,2228,514,75,246,28,14,877,43,3,7,1,1,55,3160
RW02,3332,1017,111,487,28,12,1655,503,50,271,10,8,842,52,4,10,0,1,67,2564
RW03,3366,796,79,254,34,8,1171,697,31,314,37,12,1091,38,3,3,0,1,45,2307
RW04,1633,538,38,177,70,2,825,288,28,116,20,2,454,22,0,1,0,0,23,1302
RW05,1771,333,21,87,36,15,492,419,16,157,42,21,655,20,1,1,2,1,25,1172
RW06,2518,801,70,83,140,1,1095,520,24,85,65,2,696,31,1,1,5,0,38,1829
RW07,1364,134,6,23,4,3,170,406,8,151,32,28,625,8,0,0,1,0,9,804
RW08,1936,686,132,201,36,1,1056,232,59,83,9,1,384,12,0,5,0,0,17,1457
RW09,2493,965,108,275,65,9,1422,226,23,110,26,3,388,16,1,0,0,0,17,1827
RW10,2934,1117,107,319,51,4,1598,413,42,170,3,5,633,37,3,4,0,1,45,2276
RW11A,2292,647,49,259,13,11,979,421,20,200,11,10,662,29,0,4,0,3,36,1677
RW12A,2439,1057,112,111,68,9,1357,435,44,82,20,5,586,22,4,0,1,0,27,1970
RW12B,699,104,5,138,57,2,306,49,5,63,22,1,140,2,0,3,1,0,6,452
RW13,2993,1068,85,126,219,16,1514,535,32,88,87,14,756,47,2,5,1,3,58,2328
RW15,2822,1019,114,375,87,4,1599,327,44,146,17,6,540,26,2,3,0,0,31,2170
RW16,1572,631,42,121,44,8,846,246,17,84,21,6,374,15,0,1,0,1,17,1237
RW17,2377,647,36,135,33,3,854,559,28,180,21,9,797,36,0,8,1,0,45,1696
RW18,2007,811,77,181,51,8,1128,281,18,92,22,5,418,22,1,3,0,1,27,1573
RW19,1773,781,59,96,42,4,982,261,25,62,28,2,378,15,2,0,0,0,17,1377
RW20,2254,871,60,152,84,5,1172,377,21,131,39,6,574,23,3,0,1,0,27,1773
RW21A,2777,988,94,225,203,15,1525,381,24,116,69,21,611,30,1,0,2,0,33,2169
RW21B,3,1,0,6,4,1,12,0,0,0,1,2,3,0,0,0,0,0,0,15
RW22A,3275,666,52,107,166,3,994,708,24,174,179,10,1095,30,2,1,2,1,36,2125
SC01B,3210,29,4,0,23,0,56,793,108,128,1510,10,2549,5,0,0,0,0,5,2610
SC02,1205,10,1,2,7,0,20,315,55,50,569,15,1004,2,1,0,1,0,4,1028
SC04,818,238,20,2,52,4,316,166,6,9,146,3,330,3,0,0,0,0,3,649
SC05A,520,9,2,0,0,0,11,150,6,8,227,1,392,2,0,0,0,0,2,405
SC05B,4373,87,19,2,70,0,178,1049,75,104,1858,19,3105,7,0,0,3,0,10,3293
SC07A,3789,206,25,4,124,0,359,896,64,75,1521,10,2566,3,0,0,4,0,7,2932
SC08A,4,0,1,0,0,0,1,0,0,0,2,11,13,0,0,0,0,0,0,14
SC08B,2876,37,13,0,23,0,73,824,43,68,1062,26,2023,1,0,1,5,0,7,2103
SC08C,61,0,0,0,0,0,0,15,0,1,72,0,88,0,0,0,0,0,0,88
SC08D,409,5,0,0,0,0,5,122,4,20,153,2,301,0,0,0,0,0,0,306
SC08E,252,1,0,0,0,0,1,81,2,5,98,1,187,1,0,0,0,0,1,189
SC08F,588,5,0,0,11,0,16,122,6,10,256,0,394,1,0,0,1,0,2,412
SC09A,2730,33,8,3,12,1,57,865,41,49,882,31,1868,1,0,0,3,0,4,1929
SC09B,1371,5,1,0,13,0,19,372,25,44,577,11,1029,1,1,0,0,0,2,1050
SC10,1386,9,0,2,7,0,18,479,12,27,296,22,836,0,0,0,0,0,0,854
SC11A,1331,5,1,1,11,0,18,469,23,45,461,11,1009,0,0,0,1,0,1,1028
SC11B,1247,7,1,0,3,0,11,403,34,35,463,6,941,1,0,0,2,0,3,955
SC13A,4509,67,10,3,44,1,125,1137,73,136,2017,37,3400,3,0,1,0,0,4,3529
SC13B,1801,40,8,0,34,0,82,420,38,44,758,5,1265,6,0,0,3,0,9,1356
SC14,907,9,0,1,5,0,15,233,15,39,257,20,564,2,0,0,0,0,2,581
SC16,3502,28,1,1,17,0,47,873,107,166,1541,32,2719,1,0,0,0,0,1,2767
SC17A,43,0,0,0,0,0,0,15,0,2,24,3,44,0,0,0,0,0,0,44
SC17C,1044,13,1,0,7,0,21,278,20,24,365,5,692,0,0,0,0,0,0,713
SC18A,390,3,0,1,1,0,5,69,14,6,200,10,299,0,0,0,0,0,0,304
SC18B,3735,30,14,0,40,0,84,772,93,120,1902,27,2914,1,0,0,4,0,5,3003
SC19A,125,2,1,0,2,0,5,44,2,5,49,27,127,0,0,0,0,1,1,133
SC19B,1231,7,6,0,10,0,23,388,20,20,335,1,764,0,0,0,1,0,1,788
SC211,790,13,1,0,6,0,20,220,20,24,274,8,546,0,0,0,0,0,0,566
SC212,2139,53,4,0,37,0,94,574,20,43,765,5,1407,2,0,0,1,0,3,1504
SC23A,4137,47,1,0,28,0,76,1545,61,83,1281,10,2980,5,0,1,0,0,6,3062
SC23B,417,7,4,1,2,0,14,149,3,8,137,3,300,1,0,0,0,0,1,315
SC27,1869,11,4,1,16,0,32,527,48,56,751,9,1391,1,0,0,2,0,3,1426
SC29A,2355,14,1,1,8,0,24,801,47,58,811,22,1739,4,0,1,2,0,7,1770
SC29B,134,3,0,0,1,0,4,36,0,5,53,2,96,0,0,0,0,0,0,100
SC30A,141,0,0,0,0,0,0,15,26,6,40,6,93,0,0,0,0,0,0,93
SC30B,1134,1,0,0,5,0,6,329,31,61,373,3,797,1,0,0,0,0,1,804
SS01,2665,991,103,438,16,5,1553,341,42,176,8,4,571,14,0,2,0,0,16,2140
SS02A,1020,278,9,141,0,3,431,203,13,135,0,5,356,10,1,3,0,0,14,801
SS02B,1033,189,12,78,0,2,281,230,10,168,7,17,432,7,0,3,0,0,10,723
SS03,1253,329,8,178,0,1,516,242,3,124,0,5,374,14,0,0,0,0,14,904
SS04,2312,441,32,198,1,8,680,469,27,341,6,13,856,18,1,1,0,0,20,1556
SS05,1655,539,48,270,2,2,861,276,32,132,2,1,443,8,1,2,0,1,12,1316
SS06,1196,392,67,223,1,0,683,178,13,66,0,0,257,12,1,0,0,0,13,953
SS07A,833,197,106,121,1,1,426,90,24,46,1,1,162,4,1,0,0,0,5,593
SS07B,393,107,25,45,0,1,178,60,6,26,0,0,92,8,0,2,0,0,10,280
SS07C,661,133,57,68,2,0,260,69,49,43,3,0,164,1,1,1,0,0,3,427
SS08A,1731,336,41,143,1,2,523,335,24,230,5,15,609,19,0,4,0,0,23,1155
SS08B,575,154,30,119,1,0,304,75,5,69,2,0,151,5,0,0,0,0,5,460
SS08C,469,93,15,57,4,2,171,77,15,79,1,1,173,10,0,2,0,0,12,356
SS09,2506,766,148,455,3,6,1378,296,53,150,5,1,505,6,4,4,1,0,15,1898
SS10,3030,972,165,558,5,11,1711,367,63,195,1,6,632,12,0,2,0,0,14,2357
SS11A,2706,582,76,294,4,2,958,516,52,348,12,5,933,29,1,11,0,0,41,1932
SS11B,1025,174,17,96,0,1,288,216,20,134,3,3,376,20,0,1,0,0,21,685
SS11C,327,25,5,17,2,6,55,101,5,64,4,8,182,8,0,0,0,0,8,245
SS11D,272,62,13,57,0,2,134,40,7,45,0,8,100,2,0,2,0,0,4,238
SS12,2287,606,100,358,3,29,1096,307,55,221,3,6,592,16,1,5,1,1,24,1712
SS13A,1799,477,41,140,2,1,661,373,17,162,8,8,568,16,0,2,0,0,18,1247
SS13B,453,107,16,59,2,2,186,68,9,50,2,12,141,0,0,2,0,0,2,329
SS14,1182,471,29,186,2,1,689,164,29,65,0,0,258,10,1,3,0,0,14,961
SS15A,1927,111,8,58,5,6,188,438,18,319,21,25,821,10,0,7,0,0,17,1026
SS15B,1467,233,15,94,9,3,354,340,14,219,10,12,595,14,1,3,0,1,19,968
SS16,1976,792,81,284,3,5,1165,282,24,83,1,1,391,14,3,0,0,0,17,1573
SS17,3069,733,117,505,13,5,1373,427,39,331,9,14,820,18,3,3,0,2,26,2219
SS18A,576,201,23,90,0,0,314,81,15,44,0,1,141,3,0,3,0,0,6,461
SS18B,209,63,10,42,0,0,115,33,6,20,0,1,60,1,0,0,0,0,1,176
SS19A,2449,301,21,158,4,5,489,528,31,494,8,32,1093,15,2,3,0,1,21,1603
SS19B,1816,289,21,165,1,4,480,351,23,324,9,17,724,11,0,7,0,1,19,1223
SS20,1563,274,17,161,3,7,462,337,13,249,9,18,626,18,0,4,0,0,22,1110
SS22,2399,440,96,263,1,4,804,358,72,340,9,15,794,13,0,3,0,0,16,1614
SS25,1322,475,50,145,16,1,687,200,25,63,5,1,294,7,2,1,0,0,10,991
SS26,2605,205,15,142,5,4,371,596,38,710,13,39,1396,15,1,10,0,0,26,1793
SS29A,2486,510,55,289,3,2,859,407,22,305,12,12,758,32,0,11,0,1,44,1661
SS29B,10,1,0,2,0,0,3,1,0,1,0,0,2,0,0,0,0,0,0,5
SS31,969,259,34,129,0,0,422,168,25,84,3,1,281,7,0,0,0,0,7,710
UC01A,3087,28,4,0,24,2,58,976,25,65,914,15,1995,1,0,0,2,0,3,2056
UC01B,229,3,0,0,1,0,4,76,4,6,62,1,149,0,0,0,0,0,0,153
UC02A,5497,88,11,4,51,1,155,1443,75,93,2101,34,3746,6,0,0,3,1,10,3911
UC02B,3,0,0,0,0,0,0,0,0,0,0,5,5,0,0,0,0,0,0,5
UC031,1327,76,9,1,29,1,116,352,9,23,337,19,740,1,0,0,1,0,2,858
UC032,597,123,40,2,40,0,205,122,16,6,71,7,222,0,1,0,0,0,1,428
UC033,35,1,0,0,2,0,3,10,1,0,12,1,24,0,0,0,0,0,0,27
Totals:,567174,84935,9890,24070,17326,903,137124,139128,10458,35816,66005,4063,255470,3668,201,451,269,72,4661,397255