,PRECINCT_N,XCOORD,YCOORD,ID,AREA,DATA,DISTRICT,CTYSOSID,PRECINCT_I,COUNTY,COUNTY_NAM,FIPS2,race,avg_income,ajc_precinct
0,UC034,-84.528968,33.544846,884305,0.27,1585,121UC034,121UC034,UC034,60,FULTON,121,black,49669,UC034
1,RIVERDALE 2,-84.427636,33.534674,906458,1.42,489,063RD02,063RD02,RD02,31,CLAYTON,63,black,48828,RIVERDALE 2
2,JONESBORO 12,-84.411812,33.530192,906514,1.25,460,063JB12,063JB12,JB12,31,CLAYTON,63,black,52807,JONESBORO 12
3,RIVERDALE 12,-84.424082,33.552208,906550,1.38,499,063RD12,063RD12,RD12,31,CLAYTON,63,black,56430,RIVERDALE 12
4,SC212,-84.546541,33.5429,865539,2.71,1527,121SC212,121SC212,SC212,60,FULTON,121,black,49669,SC212
5,FA01B,-84.55436,33.5456,865657,1.93,1424,121FA01B,121FA01B,FA01B,60,FULTON,121,black,49669,FA01B
6,FA01A,-84.596518,33.550136,856612,15.12,1423,121FA01A,121FA01A,FA01A,60,FULTON,121,black,60801,FA01A
7,ROCKBRIDGE A,-84.047125,33.795052,4914136,2.82,1659,1352,1352,2,67,GWINNETT,135,black,66640,ROCKBRIDGE A
8,ROCKBRIDGE C,-84.046614,33.814358,4914201,3.08,1732,13575,13575,75,67,GWINNETT,135,black,68494,ROCKBRIDGE C
9,PA01,-84.668609,33.53315,848913,11.04,1469,121PA01,121PA01,PA01,60,FULTON,121,white,45172,PA01
10,CH04B,-84.664623,33.537226,849089,0.02,1400,121CH04B,121CH04B,CH04B,60,FULTON,121,white,41282,CH04B
11,JONESBORO 17,-84.397009,33.505534,1060127,1.93,465,063JB17,063JB17,JB17,31,CLAYTON,63,black,43596,JONESBORO 17
12,JONESBORO 2,-84.400027,33.533033,1060189,1.49,450,063JB02,063JB02,JB02,31,CLAYTON,63,black,49034,JONESBORO 2
13,RIVERDALE 9,-84.403936,33.552853,1060238,1.33,496,063RD09,063RD09,RD09,31,CLAYTON,63,black,50495,RIVERDALE 9
14,JONESBORO 16,-84.386491,33.530131,1060297,0.98,464,063JB16,063JB16,JB16,31,CLAYTON,63,black,40743,JONESBORO 16
15,RIVERDALE 5,-84.387697,33.549281,1060357,1.12,492,063RD05,063RD05,RD05,31,CLAYTON,63,black,50020,RIVERDALE 5
16,JONESBORO 3,-84.366083,33.509444,1060412,4.09,451,063JB03,063JB03,JB03,31,CLAYTON,63,black,56598,JONESBORO 3
17,JONESBORO 10,-84.375385,33.523475,1060513,1.51,458,063JB10,063JB10,JB10,31,CLAYTON,63,black,44499,JONESBORO 10
18,JONESBORO 9,-84.371466,33.547033,1060578,1.26,457,063JB09,063JB09,JB09,31,CLAYTON,63,black,35822,JONESBORO 9
19,FLAT ROCK ELEM,-84.143566,33.64892,4876383,2.44,847,089FG,089FG,FG,44,DEKALB,89,black,64793,FLAT ROCK ELEM
20,CANDLER-MURPHEY CAND,-84.117098,33.655963,4876418,8.53,812,089CF,089CF,CF,44,DEKALB,89,black,64793,CANDLER-MURPHEY CAND
21,JC08,-84.205528,34.052825,4865051,1.23,1435,121JC08,121JC08,JC08,60,FULTON,121,white,126335,JC08
22,JC05,-84.2011,34.062012,4865113,0.72,1432,121JC05,121JC05,JC05,60,FULTON,121,,98246,JC05
23,JC04B,-84.210975,34.068079,4865156,0.13,1431,121JC04B,121JC04B,JC04B,60,FULTON,121,white,113558,JC04B
24,JC03A,-84.193725,34.066552,4865181,0.16,1428,121JC03A,121JC03A,JC03A,60,FULTON,121,,98246,JC03A
25,JC04A,-84.193524,34.077621,4865211,1.44,1430,121JC04A,121JC04A,JC04A,60,FULTON,121,white,163061,JC04A
26,JC03B,-84.185965,34.063137,4865253,0.56,1429,121JC03B,121JC03B,JC03B,60,FULTON,121,,98246,JC03B
27,JC06,-84.179981,34.027549,4865282,1.73,1433,121JC06,121JC06,JC06,60,FULTON,121,white,126336,JC06
28,DULUTH H,-84.161467,34.019421,4865324,2.33,1768,135111,135111,111,67,GWINNETT,135,,76509,DULUTH H
29,JC02,-84.1666,34.054872,4865372,2.66,1427,121JC02,121JC02,JC02,60,FULTON,121,,119965,JC02
30,FLAT SHOALS PARKWAY,-84.230138,33.671994,4655028,1.47,846,089FE,089FE,FE,44,DEKALB,89,black,65591,FLAT SHOALS PARKWAY
31,CHAPEL HILL ELEM,-84.215107,33.677186,4655092,1.21,813,089CG,089CG,CG,44,DEKALB,89,black,72421,CHAPEL HILL ELEM
32,KING-ML KING JR HIGH,-84.212688,33.651897,4655353,3.45,871,089KD,089KD,KD,44,DEKALB,89,black,75793,KING-ML KING JR HIGH
33,BROWNS MILL ELEM,-84.19217,33.672021,4655418,2.46,803,089BJ,089BJ,BJ,44,DEKALB,89,black,69589,BROWNS MILL ELEM
34,OAK VIEW ELEM,-84.26567,33.677148,4646997,1.98,912,089OV,089OV,OV,44,DEKALB,89,black,51142,OAK VIEW ELEM
35,NARVIE J HARRIS ELEM,-84.253238,33.662801,4647062,3.26,862,089HH,089HH,HH,44,DEKALB,89,black,59598,HARRIS-NARVIE J. HAR
36,FLAKES MILL FIRE STA,-84.241043,33.646218,4647130,1.67,849,089FK,089FK,FK,44,DEKALB,89,black,74727,FLAKES MILL FIRE STA
37,SCOTT,-84.297889,33.793532,4637993,0.79,937,089SB,089SB,SB,44,DEKALB,89,white,70105,SCOTT
38,MEDLOCK,-84.289528,33.801635,4638066,0.87,887,089MG,089MG,MG,44,DEKALB,89,white,69707,MEDLOCK ELEM
39,CLAIRMONT ROAD,-84.295454,33.80865,4638128,1.03,816,089CJ,089CJ,CJ,44,DEKALB,89,white,79524,CLAIRMONT ROAD
40,JONESBORO 8,-84.278378,33.556307,4638195,1.59,456,063JB08,063JB08,JB08,31,CLAYTON,63,black,44427,JONESBORO 8
41,MORROW 8,-84.276461,33.568855,4638260,1.29,480,063MO8,063MO8,MO8,31,CLAYTON,63,black,54253,MORROW 8
42,MORROW 5,-84.269911,33.593436,4638309,2.92,477,063MO5,063MO5,MO5,31,CLAYTON,63,black,64404,MORROW 5
43,RIVERDALE 7,-84.39076,33.582276,4544214,1.9,494,063RD07,063RD07,RD07,31,CLAYTON,63,black,39854,RIVERDALE 7
44,FOREST PARK 3,-84.390084,33.614651,4544279,4.62,445,063FP3,063FP3,FP3,31,CLAYTON,63,,35993,FOREST PARK 3
45,RIVERDALE 6,-84.371785,33.571033,4544380,1.68,493,063RD06,063RD06,RD06,31,CLAYTON,63,black,36949,RIVERDALE 6
46,JONESBORO 15,-84.355757,33.565054,4544453,2.31,463,063JB15,063JB15,JB15,31,CLAYTON,63,black,35178,JONESBORO 15
47,FOREST PARK 5,-84.374529,33.594664,4544524,2.33,447,063FP5,063FP5,FP5,31,CLAYTON,63,,37037,FOREST PARK 5
48,FOREST PARK 6,-84.352956,33.589724,4544594,0.86,448,063FP6,063FP6,FP6,31,CLAYTON,63,,46613,FOREST PARK 6
49,RIVERDALE 4,-84.398593,33.569526,4538463,1.88,491,063RD04,063RD04,RD04,31,CLAYTON,63,black,49299,RIVERDALE 4
50,11J,-84.488249,33.684081,4030419,0.78,1349,12111J,12111J,11J,60,FULTON,121,black,41628,11J
51,SC23A,-84.470795,33.564428,4030469,3.18,1529,121SC23A,121SC23A,SC23A,60,FULTON,121,black,56054,SC23A
52,RIVERDALE 11,-84.454006,33.578224,4030538,1.17,498,063RD11,063RD11,RD11,31,CLAYTON,63,black,65591,RIVERDALE 11
53,SC27,-84.463828,33.599699,4030602,0.97,1531,121SC27,121SC27,SC27,60,FULTON,121,black,43809,SC27
54,CP083,-84.46868,33.612519,4030651,0.38,1416,121CP083,121CP083,CP083,60,FULTON,121,black,41166,CP083
55,CP08A,-84.4661,33.618048,4030710,0.2,1418,121CP08A,121CP08A,CP08A,60,FULTON,121,white,57248,CP08A
56,RIVERDALE 8,-84.441371,33.561459,4030748,1.94,495,063RD08,063RD08,RD08,31,CLAYTON,63,black,62179,RIVERDALE 8
57,SC08B,-84.513664,33.603945,4013924,3.46,1504,121SC08B,121SC08B,SC08B,60,FULTON,121,black,43010,SC08B
58,SC29A,-84.500953,33.568516,4014046,1.22,1532,121SC29A,121SC29A,SC29A,60,FULTON,121,black,49669,SC29A
59,SC23B,-84.495021,33.554997,4014094,0.71,1530,121SC23B,121SC23B,SC23B,60,FULTON,121,black,54597,SC23B
60,SC09B,-84.497234,33.586539,4014125,0.95,1511,121SC09B,121SC09B,SC09B,60,FULTON,121,black,46959,SC09B
61,SC11B,-84.487567,33.57304,4014175,0.81,1514,121SC11B,121SC11B,SC11B,60,FULTON,121,black,56759,SC11B
62,SC11A,-84.476128,33.580888,4014221,0.83,1513,121SC11A,121SC11A,SC11A,60,FULTON,121,black,56759,SC11A
63,SC08D,-84.494275,33.603752,4014346,0.17,1506,121SC08D,121SC08D,SC08D,60,FULTON,121,black,39694,SC08D
64,UC01B,-84.492968,33.605981,4014370,0.55,1576,121UC01B,121UC01B,UC01B,60,FULTON,121,black,39848,UC01B
65,SC09A,-84.479512,33.595311,4014446,1.28,1510,121SC09A,121SC09A,SC09A,60,FULTON,121,black,44086,SC09A
66,UC01A,-84.539297,33.583711,4007941,2.42,1575,121UC01A,121UC01A,UC01A,60,FULTON,121,black,49338,UC01A
67,UC031,-84.518135,33.564968,4008004,2.28,1582,121UC031,121UC031,UC031,60,FULTON,121,black,51926,UC031
68,SC08E,-84.522922,33.582448,4008090,0.23,1507,121SC08E,121SC08E,SC08E,60,FULTON,121,black,49346,SC08E
69,UC035,-84.512411,33.579302,4008147,0.27,1586,121UC035,121UC035,UC035,60,FULTON,121,black,50266,UC035
70,UC01D,-84.54007,33.614051,4008245,0.85,1578,121UC01D,121UC01D,UC01D,60,FULTON,121,black,48657,UC01D
71,SC17B,-84.530987,33.610103,4008306,0.15,1520,121SC17B,121SC17B,SC17B,60,FULTON,121,black,48657,SC17B
72,SC07A,-84.624144,33.572924,3974577,11.0,1501,121SC07A,121SC07A,SC07A,60,FULTON,121,black,64043,SC07A
73,CH03,-84.751412,33.583595,3886504,17.58,1398,121CH03,121CH03,CH03,60,FULTON,121,white,41282,CH03
74,CH02,-84.706726,33.593946,3886642,5.24,1397,121CH02,121CH02,CH02,60,FULTON,121,white,41282,CH02
75,CH01,-84.690312,33.562941,3886700,2.77,1396,121CH01,121CH01,CH01,60,FULTON,121,white,41282,CH01
76,SC04,-84.683201,33.616471,3886746,17.33,1497,121SC04,121SC04,SC04,60,FULTON,121,white,51949,SC04
77,CH05,-84.785387,33.541167,797909,18.69,1401,121CH05,121CH05,CH05,60,FULTON,121,white,41282,CH05
78,CH04A,-84.715887,33.526988,798082,6.8,1399,121CH04A,121CH04A,CH04A,60,FULTON,121,white,41282,CH04A
79,JONESBORO 18,-84.336409,33.553545,1073521,2.69,466,063JB18,063JB18,JB18,31,CLAYTON,63,black,52205,JONESBORO 18
80,JONESBORO 11,-84.319021,33.534289,1073600,2.9,459,063JB11,063JB11,JB11,31,CLAYTON,63,black,71803,JONESBORO 11
81,JONESBORO 7,-84.318887,33.550985,1073694,2.02,455,063JB07,063JB07,JB07,31,CLAYTON,63,black,61414,JONESBORO 7
82,JONESBORO 6,-84.301431,33.52299,1073760,3.84,454,063JB06,063JB06,JB06,31,CLAYTON,63,white,98786,JONESBORO 6
83,UC032,-84.526731,33.550724,890832,0.14,1583,121UC032,121UC032,UC032,60,FULTON,121,black,49669,UC032
84,SC211,-84.50829,33.549134,890867,1.76,1526,121SC211,121SC211,SC211,60,FULTON,121,black,54300,SC211
85,JONESBORO 1,-84.413927,33.507094,898570,1.94,449,063JB01,063JB01,JB01,31,CLAYTON,63,black,39933,JONESBORO 1
86,PANHANDLE 1,-84.391763,33.428545,1053163,1.68,486,063PH1,063PH1,PH1,31,CLAYTON,63,black,71320,PANHANDLE 1
87,JONESBORO 13,-84.377235,33.483269,1053201,2.08,461,063JB13,063JB13,JB13,31,CLAYTON,63,black,61686,JONESBORO 13
88,LOVEJOY 4,-84.35843,33.459624,1053254,1.85,471,063LJ4,063LJ4,LJ4,31,CLAYTON,63,black,62823,LOVEJOY 4
89,LOVEJOY 5,-84.357755,33.470864,1053297,1.17,472,063LJ5,063LJ5,LJ5,31,CLAYTON,63,black,48898,LOVEJOY 5
90,PANHANDLE 2,-84.372511,33.389304,1044861,10.67,487,063PH2,063PH2,PH2,31,CLAYTON,63,black,71320,PANHANDLE 2
91,JONESBORO 4,-84.355442,33.542859,1067981,1.49,452,063JB04,063JB04,JB04,31,CLAYTON,63,black,37524,JONESBORO 4
92,LOVEJOY 3,-84.341349,33.440899,1068024,7.56,470,063LJ3,063LJ3,LJ3,31,CLAYTON,63,black,66907,LOVEJOY 3
93,LOVEJOY 1,-84.332556,33.485422,1068127,6.59,468,063LJ1,063LJ1,LJ1,31,CLAYTON,63,black,50463,LOVEJOY 1
94,LOVEJOY 2,-84.320598,33.46344,1068221,4.84,469,063LJ2,063LJ2,LJ2,31,CLAYTON,63,black,59069,LOVEJOY 2
95,JONESBORO 5,-84.33999,33.507286,1068289,1.42,453,063JB05,063JB05,JB05,31,CLAYTON,63,black,62825,JONESBORO 5
96,JONESBORO 14,-84.313769,33.504988,1068337,3.61,462,063JB14,063JB14,JB14,31,CLAYTON,63,black,66969,JONESBORO 14
97,BAYCREEK I,-83.939766,33.929071,5075546,4.55,1804,135147,135147,147,67,GWINNETT,135,,90842,BAYCREEK I
98,BAYCREEK C,-83.89402,33.908235,5075606,7.52,1737,13580,13580,80,67,GWINNETT,135,,84393,BAYCREEK C
99,LAWRENCEVILLE I,-84.000855,33.983475,5075667,2.27,1747,13590,13590,90,67,GWINNETT,135,,57021,LAWRENCEVILLE I
100,LAWRENCEVILLE H,-83.995415,34.003176,5075729,2.33,1742,13585,13585,85,67,GWINNETT,135,white,88378,LAWRENCEVILLE H
101,LAWRENCEVILLE K,-83.998291,34.012533,5075788,1.38,1789,135132,135132,132,67,GWINNETT,135,white,87845,LAWRENCEVILLE K
102,LAWRENCEVILLE D,-83.984011,33.963757,5075831,4.06,1717,13560,13560,60,67,GWINNETT,135,,62617,LAWRENCEVILLE D
103,LAWRENCEVILLE C,-83.970625,33.994598,5075925,3.18,1699,13542,13542,42,67,GWINNETT,135,white,86150,LAWRENCEVILLE C
104,PUCKETTS A,-83.947983,34.11105,5219882,4.27,1666,1359,1359,9,67,GWINNETT,135,white,80975,PUCKETTS A
105,PUCKETTS C,-83.915244,34.098268,5220026,4.39,1792,135135,135135,135,67,GWINNETT,135,white,90506,PUCKETTS C
106,DACULA,-83.909174,33.988066,5093428,6.33,1660,1353,1353,3,67,GWINNETT,135,white,88376,DACULA
107,ROCKYCREEK C,-83.923654,34.017241,5093509,2.43,1809,135152,135152,152,67,GWINNETT,135,white,92688,ROCKYCREEK C
108,ROCKYCREEK B,-83.931929,34.03743,5093552,2.39,1794,135137,135137,137,67,GWINNETT,135,white,80511,ROCKYCREEK B
109,PUCKETTS D,-83.933201,34.072773,5093594,3.01,1811,135154,135154,154,67,GWINNETT,135,white,80791,PUCKETTS D
110,DUNCANS A,-83.912696,34.0587,5093659,3.03,1665,1358,1358,8,67,GWINNETT,135,white,110889,DUNCANS A
111,DUNCANS C,-83.89702,34.054992,5093729,1.6,1670,13513,13513,13,67,GWINNETT,135,white,111087,DUNCANS C
112,RW09,-84.399146,34.095595,5093769,4.15,1479,121RW09,121RW09,RW09,60,FULTON,121,white,176443,RW09
113,BAYCREEK E,-83.941644,33.844308,5066269,3.41,1765,135108,135108,108,67,GWINNETT,135,,80886,BAYCREEK E
114,BAYCREEK G,-83.929223,33.864246,5066342,5.08,1802,135145,135145,145,67,GWINNETT,135,white,76761,BAYCREEK G
115,BAYCREEK H,-83.902771,33.880432,5066508,7.92,1803,135146,135146,146,67,GWINNETT,135,white,82443,BAYCREEK H
116,BAYCREEK D,-83.945516,33.907265,5066591,3.41,1748,13591,13591,91,67,GWINNETT,135,white,94098,BAYCREEK D
117,HARBINS B,-83.862177,33.977662,5521053,11.28,1790,135133,135133,133,67,GWINNETT,135,white,82440,HARBINS B
118,ROCKYCREEK A,-83.88194,34.032044,5521161,7.04,1685,13528,13528,28,67,GWINNETT,135,white,103858,ROCKYCREEK A
119,DUNCANS B,-83.864431,34.068628,5521221,6.29,1786,135129,135129,129,67,GWINNETT,135,white,111273,DUNCANS B
120,DUNCANS D,-83.863742,34.095493,5646016,7.06,1696,13539,13539,39,67,GWINNETT,135,white,111722,DUNCANS D
121,ROCKBRIDGE F,-84.009025,33.788995,4973944,4.4,1761,135104,135104,104,67,GWINNETT,135,black,74483,ROCKBRIDGE F
122,ROCKBRIDGE D,-84.004061,33.81197,4974009,3.91,1733,13576,13576,76,67,GWINNETT,135,black,74483,ROCKBRIDGE D
123,BERKSHIRE G,-84.131472,33.847377,4974227,1.42,1709,13552,13552,52,67,GWINNETT,135,white,86326,BERKSHIRE G
124,HARBINS A,-83.871234,33.939382,5511983,13.74,1658,1351,1351,1,67,GWINNETT,135,white,77447,HARBINS A
125,HARBINS C,-83.836708,33.919105,5512082,5.93,1808,135151,135151,151,67,GWINNETT,135,white,77448,HARBINS C
126,WILLEO 01,-84.423609,34.052388,4313752,1.3,649,067WL01,067WL01,WL01,33,COBB,67,white,136873,WILEO 01
127,RW07B,-84.324908,34.032819,4785216,0.25,1477,121RW07B,121RW07B,RW07B,60,FULTON,121,hispanic,45170,RW07B
128,AP03,-84.325145,34.039265,4785253,0.45,1380,121AP03,121AP03,AP03,60,FULTON,121,,57454,AP03
129,RW05,-84.324558,34.051177,4785283,2.73,1474,121RW05,121RW05,RW05,60,FULTON,121,,58003,RW05
130,AP021,-84.312914,34.078535,4785367,1.4,1377,121AP021,121AP021,AP021,60,FULTON,121,white,110781,AP021
131,RW06,-84.297732,34.018804,4785430,1.25,1475,121RW06,121RW06,RW06,60,FULTON,121,white,93606,RW06
132,RW13,-84.295779,34.029101,4785484,2.31,1484,121RW13,121RW13,RW13,60,FULTON,121,white,103843,RW13
133,AP01D,-84.295067,34.042311,4785583,1.55,1375,121AP01D,121AP01D,AP01D,60,FULTON,121,white,81158,AP01D
134,AP02B,-84.310052,34.048381,4785645,0.86,1379,121AP02B,121AP02B,AP02B,60,FULTON,121,,61654,AP02B
135,AP022,-84.305656,34.064377,4785688,1.73,1378,121AP022,121AP022,AP022,60,FULTON,121,,61655,AP022
136,AP01B,-84.283598,34.064004,4785752,0.81,1373,121AP01B,121AP01B,AP01B,60,FULTON,121,,84909,AP01B
137,RIVERDALE 1,-84.440382,33.579641,4036274,1.44,488,063RD01,063RD01,RD01,31,CLAYTON,63,black,59697,RIVERDALE 1
138,RIVERDALE 3,-84.422169,33.573945,4036334,1.45,490,063RD03,063RD03,RD03,31,CLAYTON,63,black,48284,RIVERDALE 3
139,OAK 4,-84.437928,33.59782,4036418,1.21,485,063OAK4,063OAK4,OAK4,31,CLAYTON,63,black,50172,OAK 4
140,OAK 2,-84.434929,33.613379,4036474,1.01,483,063OAK2,063OAK2,OAK2,31,CLAYTON,63,black,46756,OAK 2
141,RIVERDALE 10,-84.417643,33.589509,4036533,0.88,497,063RD10,063RD10,RD10,31,CLAYTON,63,black,31847,RIVERDALE 10
142,OAK 3,-84.415014,33.60369,4036579,2.26,484,063OAK3,063OAK3,OAK3,31,CLAYTON,63,black,34426,OAK 3
143,CP06,-84.466553,33.626154,4036644,0.76,1410,121CP06,121CP06,CP06,60,FULTON,121,white,57248,CP06
144,CP05B,-84.470204,33.642279,4036697,0.25,1409,121CP05B,121CP05B,CP05B,60,FULTON,121,black,35056,CP05B
145,CP07D,-84.47517,33.648865,4036726,0.08,1413,121CP07D,121CP07D,CP07D,60,FULTON,121,black,35016,CP07D
146,RW08,-84.352761,34.040834,4770756,1.28,1478,121RW08,121RW08,RW08,60,FULTON,121,white,104907,RW08
147,RW18,-84.373642,34.065298,4770800,1.38,1488,121RW18,121RW18,RW18,60,FULTON,121,white,152029,RW18
148,RW16,-84.345043,34.055381,4770852,1.48,1486,121RW16,121RW16,RW16,60,FULTON,121,white,110849,RW16
149,RW12,-84.352773,34.067943,4770890,2.4,1483,121RW12,121RW12,RW12,60,FULTON,121,white,113046,RW12
150,DUNWOODY LIBRARY (DU,-84.338873,33.949218,4770952,1.08,836,089DI,089DI,DI,44,DEKALB,89,white,159717,DUNWOODY LIBRARY
151,AUSTIN,-84.334767,33.961998,4771006,1.23,789,089AD,089AD,AD,44,DEKALB,89,white,157989,AUSTIN
152,MOUNT VERNON EAST (D,-84.314016,33.958536,4771060,1.09,897,089MQ,089MQ,MQ,44,DEKALB,89,white,146753,MT. VERNON EAST
153,SS15B,-84.34093,34.003053,4771112,0.4,1561,121SS15B,121SS15B,SS15B,60,FULTON,121,,72017,SS15B
154,SS17,-84.324683,33.98054,4771146,3.47,1563,121SS17,121SS17,SS17,60,FULTON,121,white,46878,SS17
155,OAK 1,-84.435718,33.62999,4044457,6.92,482,063OAK1,063OAK1,OAK1,31,CLAYTON,63,black,40769,OAK 1
156,CP02,-84.440803,33.654142,4044614,1.09,1405,121CP02,121CP02,CP02,60,FULTON,121,,79794,CP02
157,CP01B,-84.440342,33.665841,4044714,0.15,1404,121CP01B,121CP01B,CP01B,60,FULTON,121,,79794,CP01B
158,VININGS 01,-84.461098,33.876215,4251043,1.39,644,067VG01,067VG01,VG01,33,COBB,67,white,88765,VININGS 01
159,09F,-84.433335,33.819852,4251121,1.1,1319,12109F,12109F,09F,60,FULTON,121,white,92955,09F
160,08N2,-84.425378,33.839926,4251171,0.38,1312,12108N2,12108N2,08N2,60,FULTON,121,white,221381,08N2
161,08N1,-84.420403,33.846338,4251207,0.49,1311,12108N1,12108N1,08N1,60,FULTON,121,white,221299,08N1
162,08F1,-84.413028,33.833215,4251244,1.45,1303,12108F1,12108F1,08F1,60,FULTON,121,white,226070,08F1
163,08A,-84.43356,33.867326,4251295,3.25,1298,12108A,12108A,08A,60,FULTON,121,white,263565,08A
164,08D,-84.417564,33.853201,4251371,0.94,1301,12108D,12108D,08D,60,FULTON,121,white,255725,08D
165,CHATTAHOOCHEE 01,-84.457603,33.896425,4259115,2.4,520,067CA01,067CA01,CA01,33,COBB,67,,67115,CHATTAHOOCHEE 01
166,TERRELL MILL 01,-84.470318,33.927989,4259191,1.3,641,067TM01,067TM01,TM01,33,COBB,67,,62734,TERRELL MILL 01
167,SOPE CREEK 02,-84.452979,33.921501,4259309,2.85,637,067SO02,067SO02,SO02,33,COBB,67,white,109556,SOPE CREEK 02
168,SS09A,-84.424039,33.893253,4259387,4.12,1550,121SS09A,121SS09A,SS09A,60,FULTON,121,white,66325,SS09A
169,SOPE CREEK 03,-84.428157,33.934308,4259455,2.49,638,067SO03,067SO03,SO03,33,COBB,67,white,166386,SOPE CREEK 03
170,SS16,-84.42564,33.919113,4259505,2.56,1562,121SS16,121SS16,SS16,60,FULTON,121,,58034,SS16
171,AP09A,-84.227887,34.069329,4848415,2.19,1387,121AP09A,121AP09A,AP09A,60,FULTON,121,white,105645,AP09A
172,PINCKNEYVILLE X,-84.205905,33.979859,4848474,1.83,1778,135121,135121,121,67,GWINNETT,135,white,112622,PINCKNEYVILLE X
173,PINCKNEYVILLE H,-84.194517,33.970846,4848523,4.79,1697,13540,13540,40,67,GWINNETT,135,,88833,PINCKNEYVILLE H
174,JC12,-84.206987,34.007542,4848626,3.34,1439,121JC12,121JC12,JC12,60,FULTON,121,white,170409,JC12
175,PINCKNEYVILLE T,-84.175581,33.959707,4848690,1.89,1756,13599,13599,99,67,GWINNETT,135,,63661,PINCKNEYVILLE T
176,SS15A,-84.344869,33.993121,4763972,0.66,1560,121SS15A,121SS15A,SS15A,60,FULTON,121,black,44353,SS15A
177,ROSWELL 01,-84.408797,34.016183,4764015,2.48,621,067RW01,067RW01,RW01,33,COBB,67,white,135308,ROSWELL 01
178,RW02,-84.384016,34.017737,4764088,2.53,1471,121RW02,121RW02,RW02,60,FULTON,121,white,142982,RW02
179,RW10,-84.379036,34.034394,4764155,2.2,1480,121RW10,121RW10,RW10,60,FULTON,121,white,121373,RW10
180,RW15,-84.399448,34.069489,4764210,2.27,1485,121RW15,121RW15,RW15,60,FULTON,121,white,166033,RW15
181,RW01,-84.39219,34.048882,4764273,4.01,1470,121RW01,121RW01,RW01,60,FULTON,121,white,108603,RW01
182,RW03,-84.345525,34.019241,4764348,3.03,1472,121RW03,121RW03,RW03,60,FULTON,121,,71633,RW03
183,SUWANEE G,-84.100103,34.039223,5034183,1.9,1812,135155,135155,155,67,GWINNETT,135,white,120739,SUWANEE G
184,SUWANEE H,-84.096244,34.072325,5034227,3.29,1797,135140,135140,140,67,GWINNETT,135,white,145658,SUWANEE H
185,MARTINS A,-84.069189,33.953299,5034287,1.72,1674,13517,13517,17,67,GWINNETT,135,,59083,MARTINS A
186,GOODWINS C,-84.057523,33.974932,5034337,3.72,1734,13577,13577,77,67,GWINNETT,135,,67035,GOODWINS C
187,GOODWINS E,-84.057196,34.004603,5034415,2.8,1754,13597,13597,97,67,GWINNETT,135,,83664,GOODWINS E
188,LOST MOUNTAIN 02,-84.709,33.979067,3958663,2.52,567,067LM02,067LM02,LM02,33,COBB,67,white,132393,LOST MOUNTAIN 02
189,FORD 01,-84.729969,33.997522,3958718,2.33,547,067FR01,067FR01,FR01,33,COBB,67,white,140268,FORD 01
190,DURHAM 01,-84.71637,34.009995,3958775,3.18,532,067DU01,067DU01,DU01,33,COBB,67,white,122343,DURHAM 01
191,KEMP 03,-84.690827,33.960121,3958825,5.54,563,067KP03,067KP03,KP03,33,COBB,67,white,123383,KEMP 03
192,FREY 01,-84.691036,34.011281,3958891,2.45,548,067FY01,067FY01,FY01,33,COBB,67,white,121066,FREY 01
193,LOST MOUNTAIN 04,-84.680409,33.992351,3958944,2.02,569,067LM04,067LM04,LM04,33,COBB,67,white,130492,LOST MOUNTAIN 04
194,MARS HILL 01,-84.717024,34.050692,3958991,9.31,593,067MS01,067MS01,MS01,33,COBB,67,white,105760,MARS HILL 01
195,LEWIS 01,-84.67707,34.022724,3959109,1.48,570,067LW01,067LW01,LW01,33,COBB,67,white,99747,LEWIS 01
196,SUWANEE E,-84.078209,34.069911,5047868,2.27,1788,135131,135131,131,67,GWINNETT,135,white,145658,SUWANEE E
197,SUWANEE A,-84.067873,34.062538,5047916,2.21,1661,1354,1354,4,67,GWINNETT,135,white,100037,SUWANEE A
198,GOODWINS F,-84.030806,34.02297,5047982,2.17,1755,13598,13598,98,67,GWINNETT,135,white,86616,GOODWINS F
199,SUWANEE F,-84.03603,34.051166,5048051,2.76,1799,135142,135142,142,67,GWINNETT,135,,108954,SUWANEE F
200,SUWANEE B,-84.045245,34.065038,5048109,2.84,1757,135100,135100,100,67,GWINNETT,135,,108992,SUWANEE B
201,CATES C,-83.99964,33.835527,5048163,2.38,1687,13530,13530,30,67,GWINNETT,135,,70953,CATES C
202,GOODWINS B,-84.007983,34.026836,5084595,2.13,1727,13570,13570,70,67,GWINNETT,135,white,102252,GOODWINS B
203,HOG MOUNTAIN A,-84.010818,34.043409,5084641,2.75,1683,13526,13526,26,67,GWINNETT,135,,82901,HOG MOUNTAIN A
204,HOG MOUNTAIN D,-83.97442,34.026829,5084696,2.16,1688,13531,13531,31,67,GWINNETT,135,white,89986,HOG MOUNTAIN D
205,HOG MOUNTAIN C,-83.965332,34.048441,5084745,4.43,1793,135136,135136,136,67,GWINNETT,135,white,80519,HOG MOUNTAIN C
206,PUCKETTS E,-83.963805,34.07324,5084801,4.87,1724,13567,13567,67,67,GWINNETT,135,white,80968,PUCKETTS E
207,LAWRENCEVILLE F,-83.940836,33.947792,5084859,2.41,1728,13571,13571,71,67,GWINNETT,135,,80776,LAWRENCEVILLE F
208,LAWRENCEVILLE M,-83.950761,33.968097,5084911,4.5,1801,135144,135144,144,67,GWINNETT,135,,70796,LAWRENCEVILLE M
209,HOG MOUNTAIN B,-83.94491,34.006311,5084980,5.63,1684,13527,13527,27,67,GWINNETT,135,white,86588,HOG MOUNTAIN B
210,FULLERS PARK 01,-84.458508,33.97283,4302647,1.83,546,067FP01,067FP01,FP01,33,COBB,67,white,130850,FULLERS PARK 01
211,SEWELL MILL 01,-84.473507,33.984565,4302716,1.87,626,067SM01,067SM01,SM01,33,COBB,67,white,125454,SEWELL MILL 01
212,MURDOCK 01,-84.459981,33.999092,4302796,1.94,577,067MD01,067MD01,MD01,33,COBB,67,white,126857,MURDOCK 01
213,MT BETHEL 04,-84.431381,33.950979,4302856,1.99,597,067MT04,067MT04,MT04,33,COBB,67,white,209538,MOUNT BETHEL 04
214,EASTSIDE 01,-84.44201,33.967311,4302911,1.67,534,067EA01,067EA01,EA01,33,COBB,67,white,122972,EASTSIDE 01
215,DODGEN 01,-84.441494,33.987296,4302972,1.19,531,067DO01,067DO01,DO01,33,COBB,67,white,135135,DODGEN 01
216,CHESTNUT RIDGE 01,-84.438354,34.00919,4303023,1.43,527,067CR01,067CR01,CR01,33,COBB,67,white,126045,CHESTNUT RIDGE 01
217,ROSWELL 02,-84.427386,33.997122,4303089,1.67,622,067RW02,067RW02,RW02,33,COBB,67,white,153556,ROSWELL 02
218,WADE GREEN 02,-84.602921,34.069793,4189043,1.96,648,067WG02,067WG02,WG02,33,COBB,67,white,84696,WADE GREEN 02
219,BIG SHANTY 02,-84.575688,34.060179,4189087,1.11,513,067BG02,067BG02,BG02,33,COBB,67,white,101215,BIG SHANTY 02
220,PITNER 01,-84.58174,34.067419,4189152,1.03,618,067PT01,067PT01,PT01,33,COBB,67,white,111668,PITNER 01
221,CHALKER 01,-84.564126,34.03207,4189207,3.75,523,067CK01,067CK01,CK01,33,COBB,67,white,57427,CHALKER 01
222,PALMER 01,-84.554521,34.050555,4189282,1.55,614,067PR01,067PR01,PR01,33,COBB,67,white,87389,PALMER 01
223,BELLS FERRY 03,-84.542925,34.065707,4189336,3.58,511,067BF03,067BF03,BF03,33,COBB,67,white,77375,BELLS FERRY 03
224,03E,-84.418239,33.75904,4088718,0.37,1237,12103E,12103E,03E,60,FULTON,121,black,19653,03E
225,04J,-84.412182,33.752113,4088790,0.22,1256,12104J,12104J,04J,60,FULTON,121,black,25242,04J
226,03L,-84.421584,33.767943,4088850,0.27,1242,12103L,12103L,03L,60,FULTON,121,black,60667,03L
227,03M,-84.423386,33.780201,4088903,0.71,1243,12103M,12103M,03M,60,FULTON,121,white,57334,03M
228,03N,-84.411942,33.770675,4088960,0.69,1244,12103N,12103N,03N,60,FULTON,121,black,29787,03N
229,09G1,-84.430944,33.801497,4089035,0.57,1320,12109G1,12109G1,09G1,60,FULTON,121,white,67895,09G
230,09G2,-84.4208,33.797636,4089071,1.26,1321,12109G2,12109G2,09G2,60,FULTON,121,white,67895,09G
231,09H,-84.411375,33.796656,4089133,0.44,1322,12109H,12109H,09H,60,FULTON,121,white,67895,09H
232,08M,-84.394108,33.839419,4709230,1.06,1310,12108M,12108M,08M,60,FULTON,121,white,135365,08M
233,07J,-84.382552,33.81739,4709303,0.58,1295,12107J,12107J,07J,60,FULTON,121,white,125829,07J
234,07H,-84.378635,33.825608,4709350,0.45,1294,12107H,12107H,07H,60,FULTON,121,white,129059,07H
235,08G,-84.388631,33.835623,4709398,0.57,1305,12108G,12108G,08G,60,FULTON,121,white,118764,08G
236,08C,-84.401736,33.85729,4709445,2.09,1300,12108C,12108C,08C,60,FULTON,121,white,256389,08C
237,08B,-84.394352,33.871859,4709523,2.0,1299,12108B,12108B,08B,60,FULTON,121,white,245507,08B
238,06I,-84.364924,33.821998,4709617,0.53,1280,12106I,12106I,06I,60,FULTON,121,,69900,06I
239,MT BETHEL 01,-84.395725,33.97583,4756800,3.24,595,067MT01,067MT01,MT01,33,COBB,67,white,157721,MOUNT BETHEL 01
240,SS18B,-84.393249,33.951927,4756865,0.25,1565,121SS18B,121SS18B,SS18B,60,FULTON,121,white,90477,SS18B
241,TIMBER RIDGE 01,-84.395725,33.992232,4756891,1.22,642,067TR01,067TR01,TR01,33,COBB,67,white,157506,TIMBER RIDGE 01
242,SS02A,-84.376187,33.952069,4756935,0.51,1537,121SS02A,121SS02A,SS02A,60,FULTON,121,white,90477,SS02A
243,SS19B,-84.374428,33.962241,4756981,1.08,1567,121SS19B,121SS19B,SS19B,60,FULTON,121,white,77423,SS19B
244,SS19A,-84.365838,33.974792,4757024,1.02,1566,121SS19A,121SS19A,SS19A,60,FULTON,121,,66247,SS19A
245,SS29B,-84.348017,33.96059,4757069,0.0,1573,121SS29B,121SS29B,SS29B,60,FULTON,121,,103129,SS29B
246,SS26,-84.357644,33.964765,4757085,0.76,1571,121SS26,121SS26,SS26,60,FULTON,121,,57995,SS26
247,SS20,-84.347043,33.974123,4757134,0.94,1568,121SS20,121SS20,SS20,60,FULTON,121,,68393,SS20
248,SS22,-84.365395,33.990901,4757210,2.37,1569,121SS22,121SS22,SS22,60,FULTON,121,,52899,SS22
249,RW11A,-84.373684,34.00573,4757297,1.34,1481,121RW11A,121RW11A,RW11A,60,FULTON,121,white,92566,RW11A
250,RW19,-84.367485,34.08442,5102293,1.11,1489,121RW19,121RW19,RW19,60,FULTON,121,white,187821,RW19
251,ML012,-84.372264,34.106976,5102342,1.35,1450,121ML012,121ML012,ML012,60,FULTON,121,white,177525,ML012
252,ML01B,-84.382109,34.094615,5102394,1.22,1451,121ML01B,121ML01B,ML01B,60,FULTON,121,white,178143,ML01B
253,AP04A,-84.345066,34.08037,5102464,0.89,1381,121AP04A,121AP04A,AP04A,60,FULTON,121,white,138431,AP04A
254,ML011,-84.347562,34.100939,5102527,3.24,1449,121ML011,121ML011,ML011,60,FULTON,121,white,177524,ML011
255,AP04B,-84.333793,34.08048,5102671,0.34,1382,121AP04B,121AP04B,AP04B,60,FULTON,121,white,177524,AP04B
256,05A2,-84.353678,33.748659,4587698,0.61,1267,12105A2,12105A2,05A2,60,FULTON,121,white,74509,05A2
257,03G,-84.410247,33.759052,4587787,0.17,1239,12103G,12103G,03G,60,FULTON,121,black,15389,03G
258,03T,-84.402884,33.756784,4587836,0.5,1248,12103T,12103T,03T,60,FULTON,121,black,44311,03T
259,03P2,-84.401394,33.766841,4587898,0.16,1246,12103P2,12103P2,03P2,60,FULTON,121,black,21209,03P2
260,04F,-84.394276,33.76589,4587937,0.36,1253,12104F,12104F,04F,60,FULTON,121,white,49896,04F
261,03P1A,-84.406157,33.783645,4587984,0.62,1245,12103P1A,12103P1A,03P1A,60,FULTON,121,white,53680,03P1A
262,03I,-84.39805,33.777881,4588058,0.83,1241,12103I,12103I,03I,60,FULTON,121,,66113,03I
263,AP06,-84.321023,34.08888,5109990,0.92,1384,121AP06,121AP06,AP06,60,FULTON,121,white,111870,AP06
264,AP07B,-84.29905,34.09922,5110054,1.46,1386,121AP07B,121AP07B,AP07B,60,FULTON,121,white,138287,AP07B
265,ML023,-84.334549,34.117182,5110147,2.68,1454,121ML023,121ML023,ML023,60,FULTON,121,white,177681,ML023
266,ML022,-84.337451,34.135967,5110196,0.52,1453,121ML022,121ML022,ML022,60,FULTON,121,white,190427,ML022
267,AP10,-84.301656,34.090183,5110217,0.49,1389,121AP10,121AP10,AP10,60,FULTON,121,white,169333,AP10
268,ML04A,-84.300007,34.105971,5110267,2.57,1457,121ML04A,121ML04A,ML04A,60,FULTON,121,white,163189,ML04A
269,AP07A,-84.281571,34.084175,5110337,1.99,1385,121AP07A,121AP07A,AP07A,60,FULTON,121,white,90764,AP07A
270,ML024,-84.310935,34.120405,5110420,0.38,1455,121ML024,121ML024,ML024,60,FULTON,121,white,190426,ML024
271,ML04B,-84.293299,34.128102,5110447,2.47,1458,121ML04B,121ML04B,ML04B,60,FULTON,121,white,177112,ML04B
272,ML021,-84.341939,34.156331,5123124,6.61,1452,121ML021,121ML021,ML021,60,FULTON,121,white,187591,ML021
273,ML03,-84.310187,34.149948,5123250,7.55,1456,121ML03,121ML03,ML03,60,FULTON,121,white,190427,ML03
274,ML07A,-84.299411,34.174482,5123328,2.07,1467,121ML07A,121ML07A,ML07A,60,FULTON,121,white,190427,ML07A
275,ML05B,-84.279867,34.146,5123375,0.73,1461,121ML05B,121ML05B,ML05B,60,FULTON,121,white,190427,ML05B
276,12B,-84.410269,33.711331,4572674,0.89,1356,12112B,12112B,12B,60,FULTON,121,black,48162,12B
277,12S,-84.397299,33.711078,4572745,0.4,1370,12112S,12112S,12S,60,FULTON,121,black,37724,12S
278,01J,-84.386071,33.713954,4572780,0.91,1214,12101J,12101J,01J,60,FULTON,121,black,30444,01J
279,01C1,-84.378539,33.707748,4572853,0.89,1206,12101C1,12101C1,01C1,60,FULTON,121,black,38173,01C
280,12A,-84.409794,33.720577,4572959,0.38,1355,12112A,12112A,12A,60,FULTON,121,black,48162,12A
281,12K,-84.407193,33.729878,4573012,0.97,1366,12112K,12112K,12K,60,FULTON,121,black,29682,12K
282,12N,-84.396434,33.724458,4573078,0.3,1369,12112N,12112N,12N,60,FULTON,121,black,28004,12N
283,04B,-84.408462,33.746221,4573125,0.3,1250,12104B,12104B,04B,60,FULTON,121,black,43957,04B
284,SUGAR HILL D,-83.994067,34.127357,5212434,7.22,1712,13555,13555,55,67,GWINNETT,135,white,64396,SUGAR HILL D
285,PUCKETTS B,-83.975293,34.092423,5212593,2.46,1759,135102,135102,102,67,GWINNETT,135,white,79498,PUCKETTS B
286,SUGAR HILL A,-84.004072,34.085777,5207290,7.72,1681,13524,13524,24,67,GWINNETT,135,,73604,SUGAR HILL A
287,10K,-84.461741,33.731909,4070117,0.86,1337,12110K,12110K,10K,60,FULTON,121,black,40334,10K
288,10G,-84.472453,33.739592,4070173,0.96,1333,12110G,12110G,10G,60,FULTON,121,black,38163,10G
289,11H,-84.4544,33.727563,4070229,0.72,1348,12111H,12111H,11H,60,FULTON,121,black,44749,11H
290,10J,-84.455447,33.745965,4070283,1.18,1336,12110J,12110J,10J,60,FULTON,121,black,27505,10J
291,12L,-84.436306,33.708018,4070328,0.96,1367,12112L,12112L,12L,60,FULTON,121,black,24448,12L
292,12G,-84.412527,33.693179,4070388,0.2,1362,12112G,12112G,12G,60,FULTON,121,black,23800,12G
293,12D,-84.414225,33.700408,4070426,0.61,1358,12112D,12112D,12D,60,FULTON,121,black,23984,12D
294,SUGAR HILL G,-84.065435,34.107623,5189844,1.68,1798,135141,135141,141,67,GWINNETT,135,white,111178,SUGAR HILL G
295,SUGAR HILL B,-84.050458,34.124547,5189918,5.86,1682,13525,13525,25,67,GWINNETT,135,white,80193,SUGAR HILL B
296,SUGAR HILL E,-84.029024,34.088917,5190056,2.68,1746,13589,13589,89,67,GWINNETT,135,white,88062,SUGAR HILL E
297,SUGAR HILL C,-84.056681,34.147271,5190127,6.69,1711,13554,13554,54,67,GWINNETT,135,white,83876,SUGAR HILL C
298,MP01,-84.412741,34.082708,4466510,0.49,1468,121MP01,121MP01,MP01,60,FULTON,121,white,175478,MP01
299,SUWANEE D,-84.094819,34.100833,5176207,4.02,1787,135130,135130,130,67,GWINNETT,135,white,111176,SUWANEE D
300,DICKERSON 01,-84.419275,33.97891,4309882,1.64,528,067DC01,067DC01,DC01,33,COBB,67,white,132366,DICKERSON 01
301,SANDY PLAINS 01,-84.472938,34.018931,4309943,1.45,623,067SA01,067SA01,SA01,33,COBB,67,white,126620,SANDY PLAINS 01
302,POPE 01,-84.454683,34.0286,4310004,1.5,613,067PP01,067PP01,PP01,33,COBB,67,white,133844,POPE 01
303,MABRY 01,-84.464111,34.054137,4310058,0.81,575,067MB01,067MB01,MB01,33,COBB,67,white,151583,MABRY 01
304,DAVIS 01,-84.473852,34.068223,4310099,1.07,533,067DV01,067DV01,DV01,33,COBB,67,white,107699,DAVIS 01
305,GARRISON MILL 01,-84.445684,34.046329,4310135,1.44,549,067GM01,067GM01,GM01,33,COBB,67,white,106741,GARRISON MILL 01
306,POST OAK 01,-84.443693,34.06545,4310182,2.77,612,067PO01,067PO01,PO01,33,COBB,67,white,138681,POST OAK 01
307,HIGHTOWER 01,-84.434188,34.020762,4310243,2.12,553,067HT01,067HT01,HT01,33,COBB,67,white,145838,HIGHTOWER 01
308,SHALLOWFORD FALLS 01,-84.427314,34.037244,4310313,1.73,624,067SF01,067SF01,SF01,33,COBB,67,white,137689,SHALLOWFORD FALL 01
309,ML05A,-84.279138,34.100141,5133692,0.02,1460,121ML05A,121ML05A,ML05A,60,FULTON,121,white,169334,ML05A
310,ML06A,-84.263121,34.096625,5133717,0.97,1463,121ML06A,121ML06A,ML06A,60,FULTON,121,white,89105,ML06A
311,AP12B,-84.249914,34.086896,5133795,2.54,1391,121AP12B,121AP12B,AP12B,60,FULTON,121,white,163711,AP12B
312,ML05C,-84.270109,34.121746,5133844,2.47,1462,121ML05C,121ML05C,ML05C,60,FULTON,121,white,131507,ML05C
313,ML04C,-84.279346,34.132764,5133912,0.22,1459,121ML04C,121ML04C,ML04C,60,FULTON,121,white,184433,ML04C
314,ML071,-84.268444,34.144168,5133935,0.12,1465,121ML071,121ML071,ML071,60,FULTON,121,white,190427,ML071
315,ML06B,-84.262491,34.114306,5133960,0.88,1464,121ML06B,121ML06B,ML06B,60,FULTON,121,white,87754,ML06B
316,SS09B,-84.399409,33.8999,4721384,2.94,1551,121SS09B,121SS09B,SS09B,60,FULTON,121,white,107793,SS09B
317,SS13B,-84.383597,33.885008,4721461,0.39,1558,121SS13B,121SS13B,SS13B,60,FULTON,121,white,170781,SS13B
318,SS11D,-84.383955,33.894409,4721504,0.12,1555,121SS11D,121SS11D,SS11D,60,FULTON,121,,92761,SS11D
319,SS11B,-84.383281,33.904991,4721528,0.47,1553,121SS11B,121SS11B,SS11B,60,FULTON,121,,92760,SS11B
320,SS06,-84.395445,33.924376,4721564,1.13,1542,121SS06,121SS06,SS06,60,FULTON,121,white,69192,SS06
321,SS05,-84.3996,33.935374,4721614,1.06,1541,121SS05,121SS05,SS05,60,FULTON,121,,58602,SS05
322,SS18A,-84.394036,33.946726,4721657,0.5,1564,121SS18A,121SS18A,SS18A,60,FULTON,121,,71783,SS18A
323,SS31,-84.386823,33.917186,4721692,0.62,1574,121SS31,121SS31,SS31,60,FULTON,121,white,69229,SS31
324,SS03,-84.382813,33.936423,4721728,0.68,1539,121SS03,121SS03,SS03,60,FULTON,121,white,69193,SS03
325,SS13A,-84.374886,33.887882,4721768,0.53,1557,121SS13A,121SS13A,SS13A,60,FULTON,121,white,94140,SS13A
326,SS11A,-84.372715,33.902129,4721812,0.91,1552,121SS11A,121SS11A,SS11A,60,FULTON,121,white,98018,SS11A
327,SS11C,-84.375632,33.911516,4721860,0.09,1554,121SS11C,121SS11C,SS11C,60,FULTON,121,,101716,SS11C
328,SS14,-84.36115,33.882644,4721892,0.75,1559,121SS14,121SS14,SS14,60,FULTON,121,white,162671,SS14
329,08J,-84.414291,33.814655,4090002,0.85,1307,12108J,12108J,08J,60,FULTON,121,white,138801,08J
330,FOREST PARK 4,-84.352714,33.603331,4549249,1.41,446,063FP4,063FP4,FP4,31,CLAYTON,63,,48873,FOREST PARK 4
331,FOREST PARK 1,-84.378898,33.633242,4549326,4.55,443,063FP1,063FP1,FP1,31,CLAYTON,63,black,37380,FOREST PARK 1
332,HP01,-84.409322,33.660872,4549411,2.41,1425,121HP01,121HP01,HP01,60,FULTON,121,,52696,HP01
333,12E1,-84.408787,33.684043,4549506,1.04,1359,12112E1,12112E1,12E1,60,FULTON,121,black,22402,12E1
334,AP05,-84.225598,34.085251,5144364,2.81,1383,121AP05,121AP05,AP05,60,FULTON,121,white,158709,AP05
335,ML072,-84.268418,34.167069,5144483,3.1,1466,121ML072,121ML072,ML072,60,FULTON,121,white,190427,ML072
336,AP09B,-84.203962,34.080154,5144618,0.27,1388,121AP09B,121AP09B,AP09B,60,FULTON,121,white,115719,AP09B
337,CHAMBLEE (CHA),-84.302634,33.891483,4749370,3.86,811,089CE,089CE,CE,44,DEKALB,89,,73394,CHAMBLEE
338,HUNTLEY HILLS ELEM (,-84.302372,33.914675,4749471,0.99,860,089HF,089HF,HF,44,DEKALB,89,,65928,HUNTLEY HILLS ELEM
339,PEACHTREE MIDDLE (DU,-84.305223,33.928326,4749522,0.85,914,089PB,089PB,PB,44,DEKALB,89,,59632,PEACHTREE MIDDLE
340,DUNWOODY ELEM (DUN),-84.309234,33.942006,4749572,1.18,834,089DG,089DG,DG,44,DEKALB,89,white,145869,DUNWOODY HIGH
341,CHESNUT ELEM (DUN),-84.292381,33.924025,4749626,0.67,814,089CH,089CH,CH,44,DEKALB,89,white,72004,CHESNUT ELEM
342,TILLY MILL ROAD (DUN,-84.2918,33.937376,4749683,0.74,961,089TG,089TG,TG,44,DEKALB,89,white,102101,TILLY MILL ROAD
343,MT BETHEL 03,-84.404395,33.958754,4749740,1.54,596,067MT03,067MT03,MT03,33,COBB,67,white,168311,MOUNT BETHEL 03
344,PEBBLEBROOK 01,-84.593152,33.797597,4003178,3.6,608,067PE01,067PE01,PE01,33,COBB,67,black,54717,PEBBLEBROOK 01
345,MABLETON 02,-84.594935,33.813625,4003261,2.97,572,067MA02,067MA02,MA02,33,COBB,67,,59046,MABLETON 02
346,BRYANT 02,-84.571926,33.769279,4003418,5.63,518,067BT02,067BT02,BT02,33,COBB,67,black,40853,BRYANT 02
347,RIVERSIDE 01,-84.552888,33.784762,4003495,1.5,620,067RS01,067RS01,RS01,33,COBB,67,black,46848,RIVERSIDE 01
348,AUSTELL 1A,-84.645381,33.820792,4095535,5.82,509,067AU1A,067AU1A,AU1A,33,COBB,67,black,59962,AUSTELL 1A
349,SC05D,-84.603187,33.640199,3991842,4.35,1500,121SC05D,121SC05D,SC05D,60,FULTON,121,black,87960,SC05D
350,UC02B,-84.569934,33.625834,3991934,0.95,1581,121UC02B,121UC02B,UC02B,60,FULTON,121,black,99633,UC02B
351,SC05B,-84.564705,33.637733,3991990,2.61,1499,121SC05B,121SC05B,SC05B,60,FULTON,121,black,101950,SC05B
352,SC08C,-84.546736,33.625496,3992064,0.02,1505,121SC08C,121SC08C,SC08C,60,FULTON,121,black,48657,SC08C
353,SC18B,-84.560095,33.656621,3992084,7.09,1523,121SC18B,121SC18B,SC18B,60,FULTON,121,black,101953,SC18B
354,CLARKDALE 01,-84.655703,33.842009,4101823,2.27,524,067CL01,067CL01,CL01,33,COBB,67,black,60280,CLARKDALE 01
355,POWDER SPRINGS 2A,-84.659795,33.865272,4101935,1.91,616,067PS2A,067PS2A,PS2A,33,COBB,67,black,66352,POWDER SPRINGS 2A
356,COOPER 01,-84.630909,33.852109,4102050,4.78,526,067CO01,067CO01,CO01,33,COBB,67,black,64283,COOPER 01
357,OREGON 02,-84.607514,33.876032,4102159,2.9,604,067OR02,067OR02,OR02,33,COBB,67,,89559,OREGON 02
358,SC13B,-84.641508,33.633276,3978694,7.41,1516,121SC13B,121SC13B,SC13B,60,FULTON,121,white,56422,SC13B
359,SC05A,-84.610267,33.622521,3978805,0.44,1498,121SC05A,121SC05A,SC05A,60,FULTON,121,white,58258,SC05A
360,SC13A,-84.62111,33.671418,3978839,7.58,1515,121SC13A,121SC13A,SC13A,60,FULTON,121,white,56422,SC13A
361,09K,-84.466068,33.791642,4084183,1.68,1324,12109K,12109K,09K,60,FULTON,121,black,31091,09K
362,09M,-84.471278,33.814167,4084259,1.67,1326,12109M,12109M,09M,60,FULTON,121,white,118699,09M
363,09E,-84.446352,33.786151,4084293,2.16,1318,12109E,12109E,09E,60,FULTON,121,black,42531,09E
364,09A,-84.446105,33.809213,4084366,2.57,1314,12109A,12109A,09A,60,FULTON,121,,100512,09A
365,04C,-84.440219,33.753445,4084426,0.13,1251,12104C,12104C,04C,60,FULTON,121,black,35651,04C
366,03A,-84.437945,33.760086,4084464,0.49,1233,12103A,12103A,03A,60,FULTON,121,black,27740,03A
367,03D,-84.427449,33.758457,4084507,0.32,1236,12103D,12103D,03D,60,FULTON,121,black,27340,03D
368,03B,-84.431268,33.765752,4084562,0.23,1234,12103B,12103B,03B,60,FULTON,121,black,27406,03B
369,09I,-84.438246,33.771867,4084596,0.77,1323,12109I,12109I,09I,60,FULTON,121,black,40775,09I
370,ACWORTH 1B,-84.672726,34.069206,3966274,2.97,506,067AC1B,067AC1B,AC1B,33,COBB,67,white,56038,ACWORTH 1B
371,MACLAND 01,-84.658106,33.888348,4108549,3.16,576,067MC01,067MC01,MC01,33,COBB,67,,70161,MACLAND 01
372,OREGON 05,-84.650382,33.911217,4108618,3.17,607,067OR05,067OR05,OR05,33,COBB,67,white,115053,OREGON 05
373,KEMP 02,-84.646818,33.938534,4108657,3.55,562,067KP02,067KP02,KP02,33,COBB,67,white,99899,KEMP 02
374,OREGON 04,-84.625963,33.888185,4108708,2.94,606,067OR04,067OR04,OR04,33,COBB,67,,67348,OREGON 04
375,DOWELL 01,-84.624354,33.911091,4108766,2.01,530,067DL01,067DL01,DL01,33,COBB,67,white,116142,DOWELL 01
376,CHEATHAM HILL 03,-84.608612,33.928532,4108814,4.74,522,067CH03,067CH03,CH03,33,COBB,67,white,101431,CHEATHAM HILL 03
377,MABLETON 01,-84.59611,33.832746,4108873,3.6,571,067MA01,067MA01,MA01,33,COBB,67,,76526,MABLETON 01
378,SWEETWATER 02,-84.602915,33.856324,4113705,1.81,640,067SW02,067SW02,SW02,33,COBB,67,black,48164,SWEETWATER 02
379,BIRNEY 02,-84.574664,33.856071,4113758,2.29,516,067BR02,067BR02,BR02,33,COBB,67,white,88901,BIRNEY 02
380,BIRNEY 01,-84.57873,33.872008,4113820,1.65,515,067BR01,067BR01,BR01,33,COBB,67,,81757,BIRNEY 01
381,MABLETON 03,-84.559154,33.829248,4113874,2.58,573,067MA03,067MA03,MA03,33,COBB,67,white,90712,MABLETON 03
382,MABLETON 04,-84.559575,33.842768,4113965,1.37,574,067MA04,067MA04,MA04,33,COBB,67,white,85874,MABLETON 04
383,ACWORTH 1A,-84.674357,34.046228,3963027,4.3,505,067AC1A,067AC1A,AC1A,33,COBB,67,white,86606,ACWORTH 1A
384,MCEACHERN 01,-84.697784,33.890269,3950623,4.37,578,067ME01,067ME01,ME01,33,COBB,67,,80636,MCEACHERN 01
385,LOST MOUNTAIN 01,-84.6832,33.920798,3950747,3.75,566,067LM01,067LM01,LM01,33,COBB,67,white,115676,LOST MOUNTAIN 01
386,OREGON 01,-84.672755,33.937124,3950803,1.75,603,067OR01,067OR01,OR01,33,COBB,67,white,113406,OREGON 01
387,VAUGHAN 01,-84.732897,33.962838,3950938,1.6,643,067VA01,067VA01,VA01,33,COBB,67,white,133633,VAUGHN 01
388,POWDER SPRINGS 1A,-84.702963,33.871015,3942237,2.95,615,067PS1A,067PS1A,PS1A,33,COBB,67,,72507,POWDER SPRINGS 1A
389,POWDER SPRINGS 3A,-84.679185,33.860082,3942396,2.36,617,067PS3A,067PS3A,PS3A,33,COBB,67,,69734,POWDER SPRINGS 3A
390,LOST MOUNTAIN 03,-84.711013,33.928397,3942492,5.62,568,067LM03,067LM03,LM03,33,COBB,67,white,127437,LOST MOUNTAIN 03
391,SWEETWATER 01,-84.712969,33.850652,3935449,3.61,639,067SW01,067SW01,SW01,33,COBB,67,,71456,SWEETWATER 01
392,CLARKDALE 02,-84.693974,33.82165,3935549,7.03,525,067CL02,067CL02,CL02,33,COBB,67,black,67228,CLARKDALE 02
393,MARIETTA 3A,-84.563198,33.943218,4136554,2.47,584,067MR3A,067MR3A,MR3A,33,COBB,67,,59452,MARIETTA 3A
394,HARRISON 01,-84.664712,33.977151,4136743,2.82,552,067HR01,067HR01,HR01,33,COBB,67,white,129495,HARRISON 01
395,KEMP 01,-84.648708,33.960879,4136802,1.19,561,067KP01,067KP01,KP01,33,COBB,67,white,115967,KEMP 01
396,MCCLURE 01,-84.667303,34.006225,4136843,1.24,580,067ML01,067ML01,ML01,33,COBB,67,white,98471,MCCLURE 01
397,NORTH COBB 01,-84.657599,34.046685,4154967,2.08,598,067NC01,067NC01,NC01,33,COBB,67,white,74359,NORTH COBB 01
398,SMYRNA 7B,-84.517888,33.829268,4193708,3.28,635,067SN7B,067SN7B,SN7B,33,COBB,67,,114849,SMYRNA 7B
399,SC14,-84.537335,33.757714,4060669,5.72,1517,121SC14,121SC14,SC14,60,FULTON,121,black,42668,SC14
400,HARMONY-LELAND 01,-84.54023,33.798325,4060753,4.58,551,067HL01,067HL01,HL01,33,COBB,67,,80364,HARMONY LELAND 01
401,LINDLEY 01,-84.520877,33.815065,4060829,4.56,565,067LI01,067LI01,LI01,33,COBB,67,,133845,LINDLEY 01
402,CP04,-84.460938,33.651967,4040235,0.54,1406,121CP04,121CP04,CP04,60,FULTON,121,black,36599,CP04
403,CP012,-84.463329,33.659815,4040285,0.86,1403,121CP012,121CP012,CP012,60,FULTON,121,,39986,CP012
404,EP03,-84.473502,33.677527,4040357,2.94,1421,121EP03,121EP03,EP03,60,FULTON,121,black,40753,EP03
405,CP011,-84.450961,33.662065,4040447,0.42,1402,121CP011,121CP011,CP011,60,FULTON,121,,40399,CP011
406,EP01,-84.455173,33.684303,4040501,2.41,1419,121EP01,121EP01,EP01,60,FULTON,121,black,42070,EP01
407,SC19B,-84.492382,33.627344,4024572,1.13,1525,121SC19B,121SC19B,SC19B,60,FULTON,121,black,47644,SC19B
408,EP04,-84.502927,33.648987,4024666,5.35,1422,121EP04,121EP04,EP04,60,FULTON,121,black,44235,EP04
409,CP051,-84.479158,33.637836,4024863,0.94,1407,121CP051,121CP051,CP051,60,FULTON,121,black,51275,CP051
410,CP07A,-84.481173,33.649177,4024913,0.22,1411,121CP07A,121CP07A,CP07A,60,FULTON,121,black,35016,CP07A
411,11P,-84.500807,33.683687,4024949,0.98,1353,12111P,12111P,11P,60,FULTON,121,black,45767,11P
412,SC10,-84.480494,33.608024,4019590,0.77,1512,121SC10,121SC10,SC10,60,FULTON,121,black,41164,SC10
413,CP081,-84.477997,33.617332,4019681,0.2,1414,121CP081,121CP081,CP081,60,FULTON,121,black,41166,CP081
414,UC01E,-84.539956,33.623582,4019733,0.77,1579,121UC01E,121UC01E,UC01E,60,FULTON,121,black,48657,UC01E
415,SC17A,-84.538871,33.627826,4019773,0.07,1519,121SC17A,121SC17A,SC17A,60,FULTON,121,black,48657,SC17A
416,SC17C,-84.519141,33.62265,4019795,1.47,1521,121SC17C,121SC17C,SC17C,60,FULTON,121,black,40697,SC17C
417,SC19A,-84.522643,33.633301,4019845,0.28,1524,121SC19A,121SC19A,SC19A,60,FULTON,121,black,39780,SC19A
418,SC18A,-84.536439,33.668751,4019893,1.24,1522,121SC18A,121SC18A,SC18A,60,FULTON,121,black,53108,SC18A
419,11E3,-84.510655,33.66453,4019936,1.29,1346,12111E3,12111E3,11E3,60,FULTON,121,black,50016,11E3
420,11E1,-84.523185,33.678439,4019988,1.84,1344,12111E1,12111E1,11E1,60,FULTON,121,black,51445,11E1
421,11E2,-84.508868,33.676282,4020043,0.42,1345,12111E2,12111E2,11E2,60,FULTON,121,black,51445,11E2
422,UC02A,-84.586326,33.597982,3985193,10.36,1580,121UC02A,121UC02A,UC02A,60,FULTON,121,black,58366,UC02A
423,SC08F,-84.547918,33.60913,3985484,0.82,1508,121SC08F,121SC08F,SC08F,60,FULTON,121,black,48657,SC08F
424,SC01B,-84.583671,33.695988,3997751,9.82,1495,121SC01B,121SC01B,SC01B,60,FULTON,121,black,87927,SC01B
425,SC02,-84.544804,33.712592,3997836,0.91,1496,121SC02,121SC02,SC02,60,FULTON,121,black,71485,SC02
426,SC16,-84.567316,33.723657,3997883,5.53,1518,121SC16,121SC16,SC16,60,FULTON,121,black,81562,SC16
427,BRYANT 01,-84.58589,33.783459,3997943,0.86,517,067BT01,067BT01,BT01,33,COBB,67,black,48001,BRYANT 01
428,11C,-84.529322,33.718855,4054803,2.37,1343,12111C,12111C,11C,60,FULTON,121,black,71432,11C
429,SC30A,-84.521879,33.726287,4054874,0.25,1534,121SC30A,121SC30A,SC30A,60,FULTON,121,black,71467,SC30A
430,10A,-84.524933,33.748727,4054898,1.9,1327,12110A,12110A,10A,60,FULTON,121,black,37740,10A
431,10C,-84.510978,33.740427,4054945,0.62,1329,12110C,12110C,10C,60,FULTON,121,black,29262,10C
432,11N,-84.500635,33.699456,4054976,1.27,1352,12111N,12111N,11N,60,FULTON,121,black,50322,11N
433,11M,-84.486597,33.70953,4055034,2.16,1351,12111M,12111M,11M,60,FULTON,121,black,52641,11M
434,SC30B,-84.507304,33.723953,4055093,1.12,1535,121SC30B,121SC30B,SC30B,60,FULTON,121,black,61707,SC30B
435,10L,-84.493475,33.735654,4055149,1.85,1338,12110L,12110L,10L,60,FULTON,121,black,72578,10L
436,10R,-84.493794,33.748656,4055221,0.23,1341,12110R,12110R,10R,60,FULTON,121,black,27503,10R
437,10B,-84.484655,33.726727,4055250,0.46,1328,12110B,12110B,10B,60,FULTON,121,black,72579,10B
438,10I,-84.475911,33.723295,4055289,0.21,1335,12110I,12110I,10I,60,FULTON,121,black,71919,10I
439,10H,-84.478932,33.750607,4055314,0.99,1334,12110H,12110H,10H,60,FULTON,121,black,31296,10H
440,EP02,-84.43151,33.682841,4048967,3.96,1420,121EP02,121EP02,EP02,60,FULTON,121,black,43866,EP02
441,11B,-84.528295,33.698179,4049172,3.16,1342,12111B,12111B,11B,60,FULTON,121,black,65759,11B
442,10D,-84.501753,33.757859,4065602,1.86,1330,12110D,12110D,10D,60,FULTON,121,black,26177,10D
443,10E,-84.494284,33.766458,4065666,0.58,1331,12110E,12110E,10E,60,FULTON,121,black,33518,10E
444,10P,-84.505086,33.774607,4065711,0.77,1340,12110P,12110P,10P,60,FULTON,121,black,32046,10P
445,09C,-84.486069,33.775869,4065744,1.14,1316,12109C,12109C,09C,60,FULTON,121,black,40447,09C
446,09B,-84.499966,33.79191,4065791,1.81,1315,12109B,12109B,09B,60,FULTON,121,black,35970,09B
447,09L,-84.481859,33.795696,4065829,1.78,1325,12109L,12109L,09L,60,FULTON,121,black,40094,09L
448,11R,-84.466404,33.701378,4065901,0.48,1354,12111R,12111R,11R,60,FULTON,121,black,21537,11R
449,11K,-84.464255,33.712833,4065949,1.29,1350,12111K,12111K,11K,60,FULTON,121,black,42006,11K
450,11G,-84.45343,33.705046,4066002,0.34,1347,12111G,12111G,11G,60,FULTON,121,black,25664,11G
451,12I,-84.448614,33.709768,4066041,0.2,1364,12112I,12112I,12I,60,FULTON,121,black,28534,12I
452,12C,-84.422395,33.711555,4074331,0.75,1357,12112C,12112C,12C,60,FULTON,121,black,41225,12C
453,04S,-84.442672,33.718506,4074413,0.62,1260,12104S,12104S,04S,60,FULTON,121,black,46545,04S
454,04X1,-84.438153,33.728948,4074471,0.5,1264,12104X1,12104X1,04X1,60,FULTON,121,black,35759,04X1
455,04M,-84.428662,33.718611,4074548,0.25,1259,12104M,12104M,04M,60,FULTON,121,black,21568,04M
456,04T,-84.432408,33.726616,4074582,0.34,1261,12104T,12104T,04T,60,FULTON,121,black,35386,04T
457,10M,-84.441541,33.737181,4074632,0.58,1339,12110M,12110M,10M,60,FULTON,121,black,36298,10M
458,04X2,-84.434448,33.742755,4074689,0.21,1265,12104X2,12104X2,04X2,60,FULTON,121,black,35959,04X2
459,04L,-84.427833,33.740861,4074744,0.47,1258,12104L,12104L,04L,60,FULTON,121,black,36129,04L
460,04D,-84.43485,33.750451,4074786,0.36,1252,12104D,12104D,04D,60,FULTON,121,black,35651,04D
461,04G,-84.423334,33.727054,4079016,0.27,1254,12104G,12104G,04G,60,FULTON,121,black,36778,04G
462,04A,-84.422095,33.750063,4079062,0.32,1249,12104A,12104A,04A,60,FULTON,121,black,30341,04A
463,04K,-84.418113,33.737365,4079117,0.63,1257,12104K,12104K,04K,60,FULTON,121,black,35074,04K
464,04W,-84.415463,33.747061,4079166,0.08,1263,12104W,12104W,04W,60,FULTON,121,black,38930,04W
465,10F,-84.475738,33.763457,4079200,0.49,1332,12110F,12110F,10F,60,FULTON,121,black,40447,10F
466,03S,-84.464991,33.763658,4079242,0.53,1247,12103S,12103S,03S,60,FULTON,121,black,35997,03S
467,09D,-84.46317,33.776097,4079308,0.82,1317,12109D,12109D,09D,60,FULTON,121,black,26088,09D
468,03C,-84.453328,33.758027,4079380,0.86,1235,12103C,12103C,03C,60,FULTON,121,black,39291,03C
469,03H,-84.450147,33.766318,4079432,0.33,1240,12103H,12103H,03H,60,FULTON,121,black,35997,03H
470,OREGON 03,-84.572739,33.917318,4124660,2.58,605,067OR03,067OR03,OR03,33,COBB,67,,56990,OREGON 03
471,MARIETTA 2A,-84.585693,33.945026,4124869,1.21,582,067MR2A,067MR2A,MR2A,33,COBB,67,white,89297,MARIETTA 2A
472,NORTON PARK 01,-84.551998,33.872292,4118021,2.34,600,067NP01,067NP01,NP01,33,COBB,67,,78399,NORTON PARK 01
473,FAIR OAKS 01,-84.590124,33.896813,4118177,2.5,542,067FO01,067FO01,FO01,33,COBB,67,,59273,FAIR OAKS 01
474,LASSITER 01,-84.481318,34.039339,4295661,1.89,564,067LA01,067LA01,LA01,33,COBB,67,white,135333,LASSSITER 01
475,KELL 01,-84.494086,34.069035,4295749,0.96,560,067KL01,067KL01,KL01,33,COBB,67,white,90600,KELL 01
476,ROCKY MOUNT 01,-84.486065,34.051547,4295798,1.7,619,067RM01,067RM01,RM01,33,COBB,67,white,107844,ROCKY MOUNTAIN 01
477,EASTSIDE 02,-84.472065,33.948547,4295865,2.12,535,067EA02,067EA02,EA02,33,COBB,67,white,103993,EASTSIDE 02
478,SOPE CREEK 01,-84.451267,33.956086,4295947,1.18,636,067SO01,067SO01,SO01,33,COBB,67,white,128431,SOPE CREEK 01
479,FAIR OAKS 02,-84.568461,33.891057,4129892,2.05,543,067FO02,067FO02,FO02,33,COBB,67,,52712,FAIR OAKS 02
480,FAIR OAKS 04,-84.550755,33.901982,4129965,1.38,544,067FO04,067FO04,FO04,33,COBB,67,,44912,FAIR OAKS 04
481,MARIETTA 2B,-84.573846,33.929326,4130048,1.94,583,067MR2B,067MR2B,MR2B,33,COBB,67,,65711,MARIETTA 2B
482,BELLS FERRY 02,-84.539568,34.027018,4289302,1.77,510,067BF02,067BF02,BF02,33,COBB,67,white,88512,BELLS FERRY 02
483,BLACKWELL 01,-84.52854,34.043702,4289361,1.73,519,067BW01,067BW01,BW01,33,COBB,67,white,92280,BLACKWELL 01
484,GRITTERS 01,-84.515088,34.020263,4289422,2.55,550,067GT01,067GT01,GT01,33,COBB,67,white,86430,GRITTERS 01
485,MCCLESKEY 01,-84.508707,34.047854,4289508,1.12,579,067MK01,067MK01,MK01,33,COBB,67,white,102494,MCCLESKEY 01
486,NICHOLSON 01,-84.509634,34.063028,4289568,1.92,601,067NS01,067NS01,NS01,33,COBB,67,white,98730,NICHOLSON 01
487,ADDISON 01,-84.500913,34.023824,4289645,1.31,508,067AD01,067AD01,AD01,33,COBB,67,white,96407,ADDISON 01
488,SIMPSON 01,-84.476019,34.032657,4289689,0.91,625,067SI01,067SI01,SI01,33,COBB,67,white,123586,SIMPSON 01
489,MARIETTA 6A,-84.505734,33.953753,4275541,1.28,590,067MR6A,067MR6A,MR6A,33,COBB,67,white,58686,MARIETTA 6A
490,MARIETTA 5B,-84.539954,33.977911,4263885,2.96,589,067MR5B,067MR5B,MR5B,33,COBB,67,white,71131,MARIETTA 5B
491,HAYES 01,-84.640818,34.005751,4144240,2.36,554,067HY01,067HY01,HY01,33,COBB,67,white,93193,HAYES 01
492,PINE MOUNTAIN 02,-84.613536,33.977743,4144356,3.46,611,067PM02,067PM02,PM02,33,COBB,67,white,86939,PINE MOUNTAIN 02
493,CHEATHAM HILL 02,-84.610787,33.957341,4144474,4.17,521,067CH02,067CH02,CH02,33,COBB,67,white,96504,CHEATHAM HILL 02
494,POWERS FERRY 01,-84.488189,33.94041,4244199,1.55,609,067PF01,067PF01,PF01,33,COBB,67,white,72146,POWERS FERRY 01
495,08E,-84.443838,33.840467,4244374,3.43,1302,12108E,12108E,08E,60,FULTON,121,white,269010,08E
496,VININGS 04,-84.466584,33.849377,4244438,2.37,647,067VG04,067VG04,VG04,33,COBB,67,white,126661,VININGS 04
497,MARIETTA 7A,-84.497718,33.92696,4237877,2.86,592,067MR7A,067MR7A,MR7A,33,COBB,67,,45574,MARIETTA 7A
498,FAIR OAKS 05,-84.540852,33.916296,4228140,1.39,545,067FO05,067FO05,FO05,33,COBB,67,,40611,FAIR OAKS 05
499,MARIETTA 1A,-84.52347,33.937428,4228201,3.25,581,067MR1A,067MR1A,MR1A,33,COBB,67,,44243,MARIETTA 1A
500,DOBBINS 01,-84.510584,33.912575,4221239,6.2,529,067DI01,067DI01,DI01,33,COBB,67,,48433,DOBBINS 01
501,SMYRNA 5A,-84.536544,33.889531,4213327,1.87,632,067SN5A,067SN5A,SN5A,33,COBB,67,,49751,SMYRNA 5A
502,SMYRNA 3A,-84.513744,33.888113,4213464,1.69,630,067SN3A,067SN3A,SN3A,33,COBB,67,,57525,SMYRNA 3A
503,MARIETTA 4C,-84.603176,33.9713,4167376,1.34,587,067MR4C,067MR4C,MR4C,33,COBB,67,white,74968,MARIETTA 4C
504,KENNESAW 3A,-84.60776,34.015513,4167456,3.12,557,067KE3A,067KE3A,KE3A,33,COBB,67,white,75715,KENNESAW 3A
505,MARIETTA 4A,-84.568416,33.964322,4171830,1.3,585,067MR4A,067MR4A,MR4A,33,COBB,67,white,83951,MARIETTA 4A
506,MARIETTA 5A,-84.531323,33.955179,4171900,1.45,588,067MR5A,067MR5A,MR5A,33,COBB,67,,54417,MARIETTA 5A
507,SMYRNA 7A,-84.533221,33.851146,4198264,2.33,634,067SN7A,067SN7A,SN7A,33,COBB,67,white,99052,SMYRNA 7A
508,SMYRNA 4A,-84.523884,33.868806,4198436,2.08,631,067SN4A,067SN4A,SN4A,33,COBB,67,white,88558,SMYRNA 4A
509,EAST PIEDMONT 01,-84.548278,34.005125,4184211,1.96,541,067EP01,067EP01,EP01,33,COBB,67,white,64825,EAST PIEDMONT 01
510,KENNESAW 1A,-84.600663,34.029865,4184291,1.28,555,067KE1A,067KE1A,KE1A,33,COBB,67,white,77015,KENNESAW 1A
511,BIG SHANTY 01,-84.587336,34.020082,4184445,5.31,512,067BG01,067BG01,BG01,33,COBB,67,white,69130,BIG SHANTY 01
512,MARIETTA 4B,-84.55539,33.974875,4178077,1.38,586,067MR4B,067MR4B,MR4B,33,COBB,67,white,65071,MARIETTA 4B
513,ELIZABETH 01,-84.567317,33.987748,4178201,3.08,536,067EL01,067EL01,EL01,33,COBB,67,white,68561,ELIZABETH 01
514,PINE MOUNTAIN 01,-84.637766,33.988346,4149489,2.24,610,067PM01,067PM01,PM01,33,COBB,67,white,114203,PINE MOUNTAIN 01
515,KENNESAW 2A,-84.627254,34.011028,4149561,1.75,556,067KE2A,067KE2A,KE2A,33,COBB,67,white,85698,KENNESAW 2A
516,MARS HILL 02,-84.655758,34.021719,4149702,1.47,594,067MS02,067MS02,MS02,33,COBB,67,white,98446,MARS HILL 02
517,ACWORTH 1C,-84.645713,34.060359,4160720,1.51,507,067AC1C,067AC1C,AC1C,33,COBB,67,white,79031,ACWORTH 1C
518,KENNESAW 4A,-84.62462,34.034172,4160870,1.73,558,067KE4A,067KE4A,KE4A,33,COBB,67,white,77266,KENNESAW 4A
519,KENNESAW 5A,-84.631951,34.052153,4160936,1.67,559,067KE5A,067KE5A,KE5A,33,COBB,67,white,79632,KENNESAW 5A
520,BAKER 01,-84.618241,34.063163,4161012,2.26,514,067BK01,067BK01,BK01,33,COBB,67,white,83133,BAKER 01
521,OAKDALE 01,-84.50535,33.84769,4203249,1.68,602,067OK01,067OK01,OK01,33,COBB,67,white,114410,OAKDALE 01
522,NICKAJACK 01,-84.481739,33.832632,4203435,2.03,599,067NJ01,067NJ01,NJ01,33,COBB,67,white,96528,NICKAJACK 01
523,SMYRNA 6A,-84.504954,33.862559,4208674,1.89,633,067SN6A,067SN6A,SN6A,33,COBB,67,white,117261,SMYRNA 6A
524,VININGS 03,-84.484364,33.851163,4208817,1.17,646,067VG03,067VG03,VG03,33,COBB,67,white,101153,VININGS 03
525,VININGS 02,-84.477908,33.869798,4208898,1.6,645,067VG02,067VG02,VG02,33,COBB,67,,85128,VININGS 02
526,SMYRNA 2A,-84.493565,33.88785,4231120,1.11,629,067SN2A,067SN2A,SN2A,33,COBB,67,,63168,SMYRNA 2A
527,SMYRNA 1A,-84.482406,33.88427,4231203,1.16,628,067SN1A,067SN1A,SN1A,33,COBB,67,,62805,SMYRNA 1A
528,MARIETTA 6B,-84.517156,33.985672,4269347,1.91,591,067MR6B,067MR6B,MR6B,33,COBB,67,white,84439,MARIETTA 6B
529,ELIZABETH 02,-84.522071,34.005485,4269518,1.63,537,067EL02,067EL02,EL02,33,COBB,67,white,71124,ELIZABETH 02
530,ELIZABETH 04,-84.503771,33.978561,4283556,1.46,539,067EL04,067EL04,EL04,33,COBB,67,white,69450,ELIZABETH 04
531,SEWELL MILL 03,-84.49,33.963906,4283656,2.39,627,067SM03,067SM03,SM03,33,COBB,67,white,77698,SEWELL MILL 03
532,ELIZABETH 03,-84.497528,33.997796,4283787,1.6,538,067EL03,067EL03,EL03,33,COBB,67,white,100849,ELIZABETH 03
533,ELIZABETH 05,-84.482195,34.003873,4283868,1.34,540,067EL05,067EL05,EL05,33,COBB,67,white,107569,ELIZABETH 05
534,SALEM MIDDLE,-84.165162,33.661422,4661356,4.37,948,089SM,089SM,SM,44,DEKALB,89,black,67964,SALEM MIDDLE
535,MILLER GROVE ROAD,-84.162638,33.682293,4661421,1.17,902,089MV,089MV,MV,44,DEKALB,89,black,79162,MILLER GROVE ROAD
536,COLUMBIA ELEM,-84.264773,33.717856,4661462,0.47,809,089CC,089CC,CC,44,DEKALB,89,black,37708,COLUMBIA ELEM
537,FLAT SHOALS LIBRARY,-84.2519,33.697689,4661502,0.83,850,089FL,089FL,FL,44,DEKALB,89,black,53082,FLAT SHOALS LIBRARY
538,COLUMBIA MIDDLE,-84.260121,33.70736,4661550,1.34,819,089CM,089CM,CM,44,DEKALB,89,black,48321,COLUMBIA MIDDLE
539,TONEY ELEM,-84.272787,33.726412,4661599,0.61,959,089TC,089TC,TC,44,DEKALB,89,black,31018,TONEY ELEM
540,KNOLLWOOD ELEM,-84.266517,33.745013,4661641,0.87,872,089KE,089KE,KE,44,DEKALB,89,black,58064,KNOLLWOOD ELEM
541,WADSWORTH ELEM,-84.259226,33.729569,4661698,1.03,964,089WA,089WA,WA,44,DEKALB,89,black,39815,WADSWORTH ELEM - 05
542,SNAPFINGER ELEM,-84.247039,33.72344,4661752,0.66,942,089SG,089SG,SG,44,DEKALB,89,black,49201,SNAPFINGER ELEM
543,PINCKNEYVILLE O,-84.218059,33.893151,4811515,1.28,1723,13566,13566,66,67,GWINNETT,135,hispanic,43949,PINCKNEYVILLE O
544,PINCKNEYVILLE F,-84.231177,33.919591,4811580,3.8,1695,13538,13538,38,67,GWINNETT,135,hispanic,48601,PINCKNEYVILLE F
545,PINCKNEYVILLE N,-84.243181,33.93847,4811658,3.16,1716,13559,13559,59,67,GWINNETT,135,,46957,PINCKNEYVILLE N
546,NORTH HAIRSTON,-84.20107,33.818045,4811745,0.73,906,089NC,089NC,NC,44,DEKALB,89,black,60236,NORTH HAIRSTON
547,BROCKETT ELEM,-84.201262,33.841876,4811793,2.4,799,089BF,089BF,BF,44,DEKALB,89,,58317,BROCKETT ELEM
548,LAWRENCEVILLE G,-84.028012,33.925902,5016710,1.53,1741,13584,13584,84,67,GWINNETT,135,,80120,LAWRENCEVILLE G
549,DULUTH K,-84.144654,33.954257,5016783,1.33,1807,135150,135150,150,67,GWINNETT,135,,33750,DULUTH K
550,DULUTH B,-84.127107,33.97823,5016839,2.54,1705,13548,13548,48,67,GWINNETT,135,,72921,DULUTH B
551,DULUTH G,-84.121069,34.008897,5016918,2.19,1753,13596,13596,96,67,GWINNETT,135,,110492,DULUTH G
552,MARTINS E,-84.108528,33.953062,5017020,2.38,1729,13572,13572,72,67,GWINNETT,135,,44527,MARTINS E
553,DULUTH F,-84.096686,33.974961,5024274,5.56,1752,13595,13595,95,67,GWINNETT,135,,80415,DULUTH F
554,DULUTH I,-84.106424,33.998548,5024380,3.52,1795,135138,135138,138,67,GWINNETT,135,,104633,DULUTH I
555,JC01,-84.140158,34.042485,5024448,4.76,1426,121JC01,121JC01,JC01,60,FULTON,121,,145436,JC01
556,DULUTH A,-84.127112,34.021336,5024510,3.0,1664,1357,1357,7,67,GWINNETT,135,white,98014,DULUTH A
557,MEMORIAL SOUTH,-84.217337,33.793985,4683409,0.69,894,089MN,089MN,MN,44,DEKALB,89,black,41417,MEMORIAL SOUTH
558,MEMORIAL NORTH,-84.226937,33.800989,4683453,1.39,893,089MM,089MM,MM,44,DEKALB,89,black,43097,MEMORIAL NORTH
559,WESLEY CHAPEL LIBRAR,-84.2129,33.696998,4683534,1.37,965,089WB,089WB,WB,44,DEKALB,89,black,56502,WESLEY CHAPEL LIBRAR
560,SNAPFINGER ROAD S,-84.195342,33.693125,4683587,1.3,954,089SS,089SS,SS,44,DEKALB,89,black,60566,SNAPFINGER ROAD SOUT
561,MCWILLIAMS,-84.184057,33.696223,4683656,1.27,886,089MF,089MF,MF,44,DEKALB,89,black,65251,MCWILLIAMS
562,MIDDLE GROVE MIDDLE,-84.182102,33.714401,4683697,2.57,889,089MI,089MI,MI,44,DEKALB,89,black,47983,MIDDLE GROVE MIDDLE
563,BETHUNE MIDDLE,-84.204368,33.720716,4683741,1.96,805,089BM,089BM,BM,44,DEKALB,89,black,53747,BETHUNE MIDDLE
564,STONE MOUNTAIN ELEM,-84.144465,33.80684,4897053,5.86,939,089SD,089SD,SD,44,DEKALB,89,black,71286,STONE MOUNTAIN ELEM
565,WYNBROOKE ELEM,-84.116967,33.793819,4897167,2.38,973,089WN,089WN,WN,44,DEKALB,89,black,73882,WYNBROOKE ELEM
566,STEPHENSON MIDDLE,-84.113632,33.774819,4897210,1.98,955,089ST,089ST,ST,44,DEKALB,89,black,77019,STEPHENSON MIDDLE
567,SOUTH DESHON,-84.090648,33.773062,4897257,1.16,950,089SO,089SO,SO,44,DEKALB,89,black,76661,SOUTH DESHON
568,GARNERS D,-84.090116,33.79932,4897294,3.52,1721,13564,13564,64,67,GWINNETT,135,black,68808,GARNERS D
569,VALLEY BROOK,-84.265693,33.814388,4677935,0.4,963,089VB,089VB,VB,44,DEKALB,89,,47316,VALLEY BROOK
570,SHAW-ROBERT SHAW ELE,-84.255262,33.795291,4677979,1.8,938,089SC,089SC,SC,44,DEKALB,89,black,53268,SHAW-ROBERT SHAW ELE
571,COVINGTON HWY,-84.2465,33.767044,4678058,0.34,826,089CT,089CT,CT,44,DEKALB,89,black,27600,COVINGTON HWY LIBRAR
572,ROWLAND ELEM,-84.232608,33.762977,4678088,1.71,928,089RG,089RG,RG,44,DEKALB,89,black,35326,ROWLAND ELEM
573,DUNAIRE ELEM,-84.230787,33.779088,4678163,1.04,832,089DE,089DE,DE,44,DEKALB,89,black,58731,DUNAIRE ELEM
574,ALLGOOD ELEM,-84.214289,33.778461,4678212,1.09,786,089AA,089AA,AA,44,DEKALB,89,black,63471,ALLGOOD ELEM
575,INDIAN CREEK ELEM,-84.242465,33.793917,4678268,0.92,865,089IB,089IB,IB,44,DEKALB,89,black,37167,INDIAN CREEK ELEM
576,CLARKSTON (CLA),-84.240287,33.810683,4678332,1.08,817,089CK,089CK,CK,44,DEKALB,89,black,37306,CLARKSTON
577,CATES A,-84.006342,33.86585,5054602,2.18,1667,13510,13510,10,67,GWINNETT,135,white,93438,CATES A
578,CATES L,-83.989203,33.856531,5054671,2.62,1738,13581,13581,81,67,GWINNETT,135,,70051,CATES L
579,BAYCREEK J,-83.969437,33.842918,5054739,3.19,1813,135156,135156,156,67,GWINNETT,135,,80793,BAYCREEK J
580,BAYCREEK B,-83.958311,33.818352,5054799,5.78,1698,13541,13541,41,67,GWINNETT,135,,78720,BAYCREEK B
581,BAYCREEK F,-83.966384,33.876994,5054869,2.91,1791,135134,135134,134,67,GWINNETT,135,white,76728,BAYCREEK F
582,CATES N,-84.005707,33.892057,5054950,1.75,1751,13594,13594,94,67,GWINNETT,135,white,101025,CATES N
583,BAYCREEK A,-83.984568,33.886278,5055013,1.65,1662,1355,1355,5,67,GWINNETT,135,white,89086,BAYCREEK A
584,MARTINS F,-84.128335,33.936982,4995527,1.51,1743,13586,13586,86,67,GWINNETT,135,,48606,MARTINS F
585,BERKSHIRE F,-84.108402,33.903998,4995571,1.55,1691,13534,13534,34,67,GWINNETT,135,,58238,BERKSHIRE F
586,BERKSHIRE O,-84.093258,33.884626,4995638,1.8,1776,135119,135119,119,67,GWINNETT,135,white,82742,BERKSHIRE O
587,MARTINS C,-84.085203,33.907288,4995707,1.85,1676,13519,13519,19,67,GWINNETT,135,,59659,MARTINS C
588,MARTINS D,-84.110919,33.931292,4995759,1.14,1700,13543,13543,43,67,GWINNETT,135,,52116,MARTINS D
589,MARTINS I,-84.094209,33.929527,4995799,1.78,1773,135116,135116,116,67,GWINNETT,135,,62145,MARTINS I
590,MARTINS J,-84.090758,33.947576,4995851,1.38,1774,135117,135117,117,67,GWINNETT,135,,47118,MARTINS J
591,ROCKBRIDGE E,-84.059384,33.82737,4995902,2.01,1745,13588,13588,88,67,GWINNETT,135,black,56859,ROCKBRIDGE E
592,SS12,-84.357793,33.898676,4726963,1.85,1556,121SS12,121SS12,SS12,60,FULTON,121,white,124374,SS12
593,SS07C,-84.372563,33.915285,4727036,0.33,1545,121SS07C,121SS07C,SS07C,60,FULTON,121,white,108524,SS07C
594,SS07B,-84.372491,33.921941,4727078,0.29,1544,121SS07B,121SS07B,SS07B,60,FULTON,121,white,108524,SS07B
595,SS07A,-84.373003,33.931061,4727115,0.62,1543,121SS07A,121SS07A,SS07A,60,FULTON,121,white,84328,SS07A
596,SS08B,-84.363227,33.923809,4727143,0.25,1547,121SS08B,121SS08B,SS08B,60,FULTON,121,white,108524,SS08B
597,SS02B,-84.377516,33.945907,4727163,0.26,1538,121SS02B,121SS02B,SS02B,60,FULTON,121,white,90477,SS02B
598,SS08C,-84.362713,33.931465,4727200,0.19,1548,121SS08C,121SS08C,SS08C,60,FULTON,121,white,84329,SS08C
599,SS04,-84.36471,33.944139,4727222,1.07,1540,121SS04,121SS04,SS04,60,FULTON,121,,74517,SS04
600,SS08A,-84.358972,33.915373,4727266,0.53,1546,121SS08A,121SS08A,SS08A,60,FULTON,121,white,108525,SS08A
601,SS08D,-84.353232,33.925848,4727313,0.64,1549,121SS08D,121SS08D,SS08D,60,FULTON,121,white,108525,SS08D
602,SS29A,-84.352959,33.945296,4727353,1.01,1572,121SS29A,121SS29A,SS29A,60,FULTON,121,,103129,SS29A
603,LAVISTA,-84.333706,33.821794,4727400,0.79,876,089LC,089LC,LC,44,DEKALB,89,,91469,LAVISTA
604,06J,-84.367944,33.787433,4606138,0.9,1281,12106J,12106J,06J,60,FULTON,121,,45081,06J
605,06E,-84.371141,33.805188,4606213,0.48,1276,12106E,12106E,06E,60,FULTON,121,white,72178,06E
606,06Q,-84.370297,33.813982,4606254,0.22,1285,12106Q,12106Q,06Q,60,FULTON,121,white,74875,06Q
607,06S,-84.357599,33.797854,4606291,0.92,1287,12106S,12106S,06S,60,FULTON,121,white,59200,06S
608,06H,-84.352953,33.786613,4606367,0.35,1279,12106H,12106H,06H,60,FULTON,121,white,59582,06H
609,06D,-84.356571,33.812625,4606414,1.23,1275,12106D,12106D,06D,60,FULTON,121,white,71373,06D
610,MCNAIR HIGH,-84.340492,33.712446,4606485,2.58,882,089MB,089MB,MB,44,DEKALB,89,black,66331,MCNAIR HIGH
611,LITHONIA HIGH,-84.131001,33.722165,4890864,0.99,879,089LH,089LH,LH,44,DEKALB,89,black,55563,LITHONIA HIGH
612,REDAN-TROTTI LIBRARY,-84.129531,33.735019,4890917,2.06,929,089RH,089RH,RH,44,DEKALB,89,black,49647,REDAN-TROTTI LIBRARY
613,WOODROW ROAD,-84.113372,33.689885,4890970,6.7,966,089WD,089WD,WD,44,DEKALB,89,black,56197,WOODROW ROAD
614,LITHONIA (LIT),-84.106531,33.71254,4891022,0.9,877,089LD,089LD,LD,44,DEKALB,89,black,48247,LITHONIA
615,STONEVIEW ELEM,-84.097567,33.707611,4891088,2.9,947,089SL,089SL,SL,44,DEKALB,89,black,43697,STONEVIEW ELEM
616,PRINCETON ELEM,-84.114905,33.747357,4891184,1.92,915,089PC,089PC,PC,44,DEKALB,89,black,72649,PRINCETON ELEM
617,REDAN ELEM,-84.13214,33.75757,4891226,1.41,924,089RC,089RC,RC,44,DEKALB,89,black,72655,REDAN ELEM
618,STEPHENSON HIGH,-84.138719,33.779194,4891275,1.68,957,089SV,089SV,SV,44,DEKALB,89,black,72877,STEPHENSON HIGH
619,08L,-84.396986,33.809376,4597308,0.66,1309,12108L,12108L,08L,60,FULTON,121,white,87289,08L
620,02W,-84.389319,33.789206,4597358,0.06,1232,12102W,12102W,02W,60,FULTON,121,white,87766,02W
621,03F,-84.393855,33.792444,4597386,0.43,1238,12103F,12103F,03F,60,FULTON,121,white,86784,03F
622,02A,-84.383459,33.784314,4597453,0.16,1219,12102A,12102A,02A,60,FULTON,121,white,46303,02A
623,06R,-84.382597,33.790353,4597491,0.32,1286,12106R,12106R,06R,60,FULTON,121,hispanic,37734,06R
624,06N,-84.385809,33.80838,4597545,0.54,1284,12106N,12106N,06N,60,FULTON,121,white,109896,06N
625,06L2,-84.382051,33.801497,4597585,0.51,1283,12106L2,12106L2,06L2,60,FULTON,121,white,87766,06L2
626,02S,-84.372008,33.755457,4597635,0.16,1231,12102S,12102S,02S,60,FULTON,121,,57249,02S
627,05J,-84.374938,33.762702,4597696,0.06,1272,12105J,12105J,05J,60,FULTON,121,black,42941,05J
628,01I,-84.386463,33.752339,4592246,0.07,1213,12101I,12101I,01I,60,FULTON,121,black,34378,01I
629,02B,-84.388058,33.76283,4592277,0.48,1220,12102B,12102B,02B,60,FULTON,121,,57686,02B
630,05C,-84.383313,33.753563,4592355,0.03,1269,12105C,12105C,05C,60,FULTON,121,black,34376,05C
631,05K,-84.379627,33.758482,4592382,0.28,1273,12105K,12105K,05K,60,FULTON,121,black,30532,05K
632,05D,-84.385139,33.759415,4592445,0.07,1270,12105D,12105D,05D,60,FULTON,121,,52260,05D
633,05F,-84.380417,33.763086,4592483,0.05,1271,12105F,12105F,05F,60,FULTON,121,white,29512,05F
634,02L2,-84.389061,33.779087,4592512,0.19,1230,12102L2,12102L2,02L2,60,FULTON,121,white,100864,02L2
635,02C,-84.379216,33.768023,4592556,0.16,1221,12102C,12102C,02C,60,FULTON,121,white,29512,02C
636,02L1,-84.384,33.776382,4592598,0.27,1229,12102L1,12102L1,02L1,60,FULTON,121,hispanic,45188,02L1
637,02K,-84.37949,33.776936,4592656,0.13,1228,12102K,12102K,02K,60,FULTON,121,,42950,02K
638,08P,-84.403035,33.796607,4592696,0.44,1313,12108P,12108P,08P,60,FULTON,121,white,67895,08P
639,08K,-84.404921,33.810063,4592741,0.38,1308,12108K,12108K,08K,60,FULTON,121,white,138803,08K
640,CROSSROADS,-84.18436,33.747837,4690405,0.93,822,089CP,089CP,CP,44,DEKALB,89,black,57954,CROSSROADS
641,FAIRINGTON ELEM,-84.161957,33.695721,4690467,1.32,843,089FA,089FA,FA,44,DEKALB,89,black,48858,FAIRINGTON ELEM
642,PANOLA ROAD,-84.157397,33.711517,4690508,1.4,922,089PR,089PR,PR,44,DEKALB,89,black,39873,PANOLA ROAD
643,PANOLA WAY ELEM,-84.177392,33.72981,4690550,0.86,920,089PI,089PI,PI,44,DEKALB,89,black,65558,PANOLA WAY ELEM
644,YOUNG ROAD,-84.178867,33.739106,4690597,0.88,974,089YA,089YA,YA,44,DEKALB,89,black,65615,YOUNG ROAD
645,REDAN MIDDLE,-84.167238,33.746602,4690649,0.85,934,089RM,089RM,RM,44,DEKALB,89,black,50272,REDAN MIDDLE
646,MARBUT ELEM,-84.155061,33.72534,4690721,1.08,883,089MC,089MC,MC,44,DEKALB,89,black,55545,MARBUT ELEM
647,REDAN ROAD,-84.152469,33.737961,4690767,1.11,932,089RK,089RK,RK,44,DEKALB,89,black,55080,REDAN ROAD
648,WOODRIDGE ELEM,-84.20399,33.752846,4690820,1.29,968,089WG,089WG,WG,44,DEKALB,89,black,51184,WOODRIDGE ELEM
649,ROWLAND ROAD,-84.206141,33.769152,4690872,1.17,931,089RJ,089RJ,RJ,44,DEKALB,89,black,63090,ROWLAND ROAD
650,WHITE OAK,-84.187656,33.755388,4696274,0.78,971,089WK,089WK,WK,44,DEKALB,89,black,47216,WHITE OAK
651,FREEDOM MIDDLE,-84.187059,33.782573,4696314,1.46,851,089FM,089FM,FM,44,DEKALB,89,black,56095,FREEDOM MIDDLE
652,PINE LAKE (PIN),-84.206069,33.790641,4696390,0.26,916,089PE,089PE,PE,44,DEKALB,89,black,42070,PINE LAKE
653,HAMBRICK ELEM,-84.207567,33.807434,4696424,1.35,857,089HA,089HA,HA,44,DEKALB,89,black,50233,HAMBRICK ELEM
654,ROCKBRIDGE ELEM,-84.195845,33.794479,4696487,1.32,926,089RE,089RE,RE,44,DEKALB,89,black,41197,ROCKBRIDGE ELEM
655,STONE MILL ELEM,-84.187094,33.812217,4696569,1.03,945,089SJ,089SJ,SJ,44,DEKALB,89,black,36927,STONE MILL ELEM
656,MILLER-ELDRIDGE L MI,-84.174509,33.766149,4696648,1.08,881,089MA,089MA,MA,44,DEKALB,89,black,61031,MILLER-ELDRIDGE L. M
657,GARNERS B,-84.087915,33.818971,4987496,2.92,1702,13545,13545,45,67,GWINNETT,135,black,73877,GARNERS B
658,BERKSHIRE D,-84.104362,33.868565,4987574,1.32,1689,13532,13532,32,67,GWINNETT,135,white,97661,BERKSHIRE D
659,BERKSHIRE A,-84.147468,33.890827,4987634,2.04,1668,13511,13511,11,67,GWINNETT,135,,48747,BERKSHIRE A
660,BERKSHIRE P,-84.132885,33.901654,4987692,1.5,1777,135120,135120,120,67,GWINNETT,135,,60881,BERKSHIRE P
661,BERKSHIRE M,-84.117912,33.886332,4987743,1.75,1766,135109,135109,109,67,GWINNETT,135,white,98089,BERKSHIRE M
662,PINCKNEYVILLE Q,-84.140657,33.932237,4987808,1.43,1731,13574,13574,74,67,GWINNETT,135,,45760,PINCKNEYVILLE Q
663,BERKSHIRE L,-84.117803,33.915835,4987842,1.52,1760,135103,135103,103,67,GWINNETT,135,,51231,BERKSHIRE L
664,GARNERS F,-84.123094,33.835845,4980233,1.18,1775,135118,135118,118,67,GWINNETT,135,white,82412,GARNERS F
665,BERKSHIRE N,-84.146505,33.856993,4980290,2.11,1769,135112,135112,112,67,GWINNETT,135,white,77794,BERKSHIRE N
666,BERKSHIRE E,-84.138924,33.874281,4980373,1.33,1690,13533,13533,33,67,GWINNETT,135,white,91737,BERKSHIRE E
667,BERKSHIRE J,-84.118557,33.867613,4980424,1.49,1749,13592,13592,92,67,GWINNETT,135,white,101415,BERKSHIRE J
668,GARNERS C,-84.107355,33.83058,4980490,1.43,1706,13549,13549,49,67,GWINNETT,135,white,80846,GARNERS C
669,GARNERS A,-84.099541,33.847041,4980560,2.31,1671,13514,13514,14,67,GWINNETT,135,white,106134,GARNERS A
670,FERNBANK ELEM,-84.323733,33.777888,4627282,1.58,844,089FB,089FB,FB,44,DEKALB,89,white,198544,FERNBANK ELEM
671,EMORY SOUTH,-84.34054,33.789554,4627356,0.88,841,089EG,089EG,EG,44,DEKALB,89,white,119116,EMORY SOUTH
672,JOHNSON ESTATES (ATL,-84.343961,33.799783,4627411,0.36,866,089JA,089JA,JA,44,DEKALB,89,white,36435,JOHNSON ESTATES
673,BRIAR VISTA ELEM,-84.33933,33.812715,4627457,0.99,796,089BC,089BC,BC,44,DEKALB,89,white,88264,BRIAR VISTA ELEM
674,DRUID HILLS HIGH,-84.321985,33.792256,4627524,1.08,835,089DH,089DH,DH,44,DEKALB,89,white,134869,DRUID HILLS HIGH
675,EMORY ROAD,-84.318838,33.800614,4627581,0.95,842,089ER,089ER,ER,44,DEKALB,89,white,61829,EMORY ROAD
676,LAVISTA ROAD,-84.318832,33.811639,4627620,1.1,875,089LB,089LB,LB,44,DEKALB,89,white,75148,LAVISTA ROAD
677,STN MTN MIDDLE,-84.192264,33.826777,4817585,1.83,944,089SI,089SI,SI,44,DEKALB,89,black,44447,STONE MOUNTAIN MIDDL
678,TUCKER,-84.206665,33.867491,4817650,2.02,960,089TF,089TF,TF,44,DEKALB,89,white,96314,TUCKER
679,HUGH HOWELL,-84.174077,33.839565,4817717,2.91,861,089HG,089HG,HG,44,DEKALB,89,,86195,HUGH HOWELL
680,SMOKE RISE,-84.150837,33.836852,4817787,2.57,943,089SH,089SH,SH,44,DEKALB,89,white,117152,SMOKE RISE ELEM
681,BERKSHIRE B,-84.180053,33.874024,4817852,2.64,1669,13512,13512,12,67,GWINNETT,135,,60552,BERKSHIRE B
682,BERKSHIRE Q,-84.152988,33.869626,4817922,1.23,1805,135148,135148,148,67,GWINNETT,135,,73174,BERKSHIRE Q
683,SOUTH HAIRSTON,-84.178184,33.774884,4702609,1.44,956,089SU,089SU,SU,44,DEKALB,89,black,60509,SOUTH HAIRSTON
684,PANOLA,-84.154931,33.755779,4702679,1.59,919,089PH,089PH,PH,44,DEKALB,89,black,63450,PANOLA
685,SHADOW ROCK ELEM,-84.148671,33.771162,4702748,1.7,946,089SK,089SK,SK,44,DEKALB,89,black,72872,SHADOW ROCK ELEM
686,STONE MTN CHAMPION (,-84.176904,33.79759,4702799,0.74,951,089SP,089SP,SP,44,DEKALB,89,black,43995,STONE MOUNTAIN CHAMP
687,STONE MTN LIBRARY (S,-84.169476,33.807007,4702875,0.89,952,089SQ,089SQ,SQ,44,DEKALB,89,black,64377,STONE MOUNTAIN LIBRA
688,08H,-84.397448,33.823236,4702953,0.85,1306,12108H,12108H,08H,60,FULTON,121,white,226996,08H
689,DULUTH D,-84.149037,33.978742,4854352,2.69,1714,13557,13557,57,67,GWINNETT,135,,68527,DULUTH D
690,DULUTH E,-84.160272,33.992787,4854461,1.94,1739,13582,13582,82,67,GWINNETT,135,,68022,DULUTH E
691,DULUTH C,-84.163502,34.006078,4854529,1.46,1713,13556,13556,56,67,GWINNETT,135,,60812,DULUTH C
692,JC11,-84.211127,34.025211,4854595,2.8,1438,121JC11,121JC11,JC11,60,FULTON,121,white,122981,JC11
693,JC09,-84.211753,34.041762,4854652,1.03,1436,121JC09,121JC09,JC09,60,FULTON,121,white,120359,JC09
694,JC07,-84.192639,34.036961,4854703,1.95,1434,121JC07,121JC07,JC07,60,FULTON,121,white,126839,JC07
695,AP12D,-84.281549,34.072502,4790699,0.56,1392,121AP12C,121AP12C,AP12C,60,FULTON,121,,85109,AP12D
696,SHAMROCK,-84.273525,33.81789,4790744,0.67,949,089SN,089SN,SN,44,DEKALB,89,white,75154,SHAMROCK
697,NORTHLAKE,-84.269875,33.831343,4790786,0.58,907,089ND,089ND,ND,44,DEKALB,89,white,110455,NORTHLAKE
698,BRIARLAKE ELEM,-84.266286,33.846199,4790847,0.9,797,089BD,089BD,BD,44,DEKALB,89,white,155996,BRIARLAKE ELEM
699,REHOBOTH,-84.256803,33.830827,4790927,1.51,925,089RD,089RD,RD,44,DEKALB,89,white,97723,REHOBOTH
700,WARREN TECH,-84.267249,33.880649,4790997,1.46,969,089WI,089WI,WI,44,DEKALB,89,,56205,WARREN TECH
701,BERKSHIRE H,-84.171195,33.893782,4828933,1.32,1722,13565,13565,65,67,GWINNETT,135,,58383,BERKSHIRE H
702,PINCKNEYVILLE Y,-84.170676,33.90581,4828997,1.18,1780,135123,135123,123,67,GWINNETT,135,hispanic,43085,PINCKNEYVILLE Y
703,PINCKNEYVILLE D,-84.178931,33.916927,4829077,1.44,1680,13523,13523,23,67,GWINNETT,135,,44776,PINCKNEYVILLE D
704,PINCKNEYVILLE K,-84.15347,33.920317,4829148,3.01,1715,13558,13558,58,67,GWINNETT,135,,49756,PINCKNEYVILLE K
705,PINCKNEYVILLE I,-84.162747,33.943836,4829228,1.48,1707,13550,13550,50,67,GWINNETT,135,,61858,PINCKNEYVILLE I
706,WINTERS CHAPEL (DUN),-84.276714,33.947656,4829298,0.83,972,089WL,089WL,WL,44,DEKALB,89,white,126049,WINTERS CHAPEL
707,PINCKNEYVILLE U,-84.264419,33.955078,4829341,0.86,1758,135101,135101,101,67,GWINNETT,135,,62044,PINCKNEYVILLE U
708,MIDVALE ROAD,-84.248129,33.860517,4795561,1.14,903,089MW,089MW,MW,44,DEKALB,89,white,94871,MIDVALE ROAD
709,HENDERSON MILL ELEM,-84.261587,33.866488,4795638,1.58,859,089HC,089HC,HC,44,DEKALB,89,white,86202,HENDERSON MILL ELEM
710,MONTREAL,-84.244704,33.829842,4795697,1.28,891,089MK,089MK,MK,44,DEKALB,89,white,82430,MONTREAL
711,JOLLY ELEM,-84.230368,33.817995,4795749,0.69,867,089JB,089JB,JB,44,DEKALB,89,black,43895,JOLLY ELEM
712,IDLEWOOD ELEM,-84.218017,33.824492,4795815,0.78,864,089IA,089IA,IA,44,DEKALB,89,black,62406,IDLEWOOD ELEM
713,BROCKETT,-84.226917,33.840211,4795869,1.59,801,089BH,089BH,BH,44,DEKALB,89,,70612,BROCKETT
714,WOODWARD ELEM (BHAVN,-84.340788,33.835729,4732722,0.84,970,089WJ,089WJ,WJ,44,DEKALB,89,,91628,WOODWARD ELEM
715,CROSS KEYS HIGH (BHA,-84.340471,33.845902,4732788,0.56,821,089CO,089CO,CO,44,DEKALB,89,,103435,CROSS KEYS HIGH
716,HARRIS-MARGARET HARR,-84.327291,33.828673,4732847,0.88,863,089HI,089HI,HI,44,DEKALB,89,white,84529,HARRIS-MARGARET HARR
717,BRIARCLIFF,-84.315439,33.827853,4732907,0.97,800,089BG,089BG,BG,44,DEKALB,89,white,82487,BRIARCLIFF
718,MONTCLAIR ELEM,-84.321033,33.844431,4732971,0.65,890,089MJ,089MJ,MJ,44,DEKALB,89,hispanic,53960,MONTCLAIR ELEM
719,BRIARWOOD (BHAVN),-84.331409,33.849882,4733030,0.59,798,089BE,089BE,BE,44,DEKALB,89,hispanic,83551,BRIARWOOD
720,BROOKHAVEN (BHAVN),-84.334149,33.862313,4733080,0.75,802,089BI,089BI,BI,44,DEKALB,89,white,123167,BROOKHAVEN
721,SILVER LAKE (BHAVN),-84.341025,33.870325,4733144,1.34,940,089SE,089SE,SE,44,DEKALB,89,white,120886,SILVER LAKE
722,SKYLAND (BHAVN),-84.319985,33.858057,4733206,0.74,941,089SF,089SF,SF,44,DEKALB,89,,101731,SKYLAND
723,ASHFORD PARK ELEM (B,-84.3189,33.870252,4738859,0.96,787,089AB,089AB,AB,44,DEKALB,89,white,121469,ASHFORD PARK ELEM
724,OAK GROVE ELEM,-84.297351,33.842375,4738917,1.02,909,089OA,089OA,OA,44,DEKALB,89,white,102700,OAK GROVE ELEM
725,CORALWOOD,-84.289549,33.819083,4738971,1.22,828,089CW,089CW,CW,44,DEKALB,89,white,88732,CORALWOOD
726,SAGAMORE HILLS ELEM,-84.295573,33.830635,4739038,1.42,936,089SA,089SA,SA,44,DEKALB,89,white,152270,SAGAMORE HILLS ELEM
727,LAKESIDE HIGH,-84.281876,33.845874,4739106,1.45,874,089LA,089LA,LA,44,DEKALB,89,white,127376,LAKESIDE HIGH
728,DRESDEN ELEM,-84.302799,33.861299,4739180,2.26,831,089DC,089DC,DC,44,DEKALB,89,hispanic,54242,DRESDEN ELEM
729,HAWTHORNE ELEM,-84.280465,33.863615,4739248,1.7,858,089HB,089HB,HB,44,DEKALB,89,white,89142,HAWTHORNE ELEM
730,CLIFTON ELEM,-84.29813,33.696185,4617252,0.78,818,089CL,089CL,CL,44,DEKALB,89,black,57071,CLIFTON ELEM
731,CEDAR GROVE MIDDLE,-84.289842,33.689163,4617298,2.16,824,089CR,089CR,CR,44,DEKALB,89,black,60412,CEDAR GROVE MIDDLE
732,FLAT SHOALS,-84.281159,33.701692,4617343,0.66,848,089FJ,089FJ,FJ,44,DEKALB,89,black,49299,FLAT SHOALS
733,FLAT SHOALS ELEM,-84.287864,33.709615,4617386,0.93,845,089FC,089FC,FC,44,DEKALB,89,black,40205,FLAT SHOALS ELEM
734,MCNAIR ACADEMY,-84.303517,33.733243,4617435,1.0,896,089MP,089MP,MP,44,DEKALB,89,black,63298,MCNAIR ACADEMY
735,EAST LAKE (ATL),-84.302771,33.746718,4617526,1.13,837,089EA,089EA,EA,44,DEKALB,89,black,79382,EAST LAKE ELEM
736,MCNAIR MIDDLE,-84.295232,33.728316,4617646,1.05,884,089MD,089MD,MD,44,DEKALB,89,black,60027,MCNAIR MIDDLE
737,OAKHURST (DEC),-84.305496,33.759202,4631418,0.68,911,089OK,089OK,OK,44,DEKALB,89,white,106164,OAKHURST
738,RENFROE MIDDLE (DEC),-84.296688,33.76234,4631496,0.43,935,089RN,089RN,RN,44,DEKALB,89,white,106721,RENFROE MIDDLE
739,PONCE DE LEON (DEC),-84.305173,33.771421,4631548,0.53,918,089PG,089PG,PG,44,DEKALB,89,white,91336,PONCE DE LEON
740,CLAIREMONT EAST (DEC,-84.304832,33.781406,4631608,0.68,827,089CV,089CV,CV,44,DEKALB,89,white,94575,CLAIREMONT EAST
741,WINNONA PARK ELEM (D,-84.287465,33.762485,4631668,0.63,967,089WF,089WF,WF,44,DEKALB,89,white,107682,WINNONA PARK ELEM
742,GLENNWOOD (DEC),-84.289878,33.774946,4631725,0.6,852,089GA,089GA,GA,44,DEKALB,89,white,109095,GLENNWOOD - 04
743,CLAIREMONT WEST (DEC,-84.289747,33.78356,4631808,0.64,815,089CI,089CI,CI,44,DEKALB,89,white,109860,CLAIREMONT WEST
744,12M,-84.381151,33.654236,4555864,1.39,1368,12112M,12112M,12M,60,FULTON,121,black,32997,12M
745,12J,-84.390024,33.669247,4555934,1.35,1365,12112J,12112J,12J,60,FULTON,121,black,32930,12J
746,12H,-84.38726,33.682784,4555987,1.6,1363,12112H,12112H,12H,60,FULTON,121,black,32339,12H
747,FOREST PARK 2,-84.351018,33.636569,4556054,1.73,444,063FP2,063FP2,FP2,31,CLAYTON,63,black,36140,FOREST PARK 2
748,12T,-84.36283,33.665718,4556112,3.14,1371,12112T,12112T,12T,60,FULTON,121,black,32949,12T
749,MORROW 2,-84.335286,33.582724,4556176,1.51,474,063MO2,063MO2,MO2,31,CLAYTON,63,black,47053,MORROW 2
750,MORROW 7,-84.312424,33.5778,4556252,0.71,479,063MO7,063MO7,MO7,31,CLAYTON,63,black,46943,MORROW 7
751,GLENHAVEN,-84.214533,33.750735,4672335,0.82,853,089GB,089GB,GB,44,DEKALB,89,black,51183,GLENHAVEN
752,AVONDALE HIGH,-84.277544,33.761473,4672384,1.28,793,089AI,089AI,AI,44,DEKALB,89,white,86539,AVONDALE HIGH
753,AVONDALE (AVO),-84.264422,33.769317,4672469,1.13,790,089AE,089AE,AE,44,DEKALB,89,white,74514,AVONDALE
754,MIDWAY ELEM,-84.257707,33.754387,4672551,1.11,895,089MO,089MO,MO,44,DEKALB,89,black,55244,MIDWAY ELEM
755,COVINGTON,-84.25239,33.777194,4672625,0.63,794,089CU,089CU,CU,44,DEKALB,89,black,45725,COVINGTON
756,NORTH DECATUR,-84.27448,33.787647,4672674,1.31,905,089NB,089NB,NB,44,DEKALB,89,,57972,NORTH DECATUR
757,MCLENDON,-84.268858,33.801872,4672746,1.0,885,089ME,089ME,ME,44,DEKALB,89,,47316,MCLENDON
758,LAKE CITY,-84.326793,33.604587,4561396,2.81,467,063LC1,063LC1,LC1,31,CLAYTON,63,,50361,LAKE CITY
759,MORROW 4,-84.307703,33.568255,4561486,1.59,476,063MO4,063MO4,MO4,31,CLAYTON,63,black,47832,MORROW 4
760,MORROW 9,-84.295622,33.564323,4561560,0.47,481,063MO9,063MO9,MO9,31,CLAYTON,63,black,44338,MORROW 9
761,MORROW 6,-84.282563,33.580495,4561609,1.74,478,063MO6,063MO6,MO6,31,CLAYTON,63,black,58798,MORROW 6
762,MORROW 3,-84.310832,33.593845,4561684,2.08,475,063MO3,063MO3,MO3,31,CLAYTON,63,,50130,MORROW 3
763,PEACHCREST ELEM,-84.24751,33.749312,4666668,0.81,913,089PA,089PA,PA,44,DEKALB,89,black,45137,PEACHCREST ELEM
764,MATHIS-BOB MATHIS EL,-84.237642,33.690825,4666735,1.36,898,089MR,089MR,MR,44,DEKALB,89,black,59521,MATHIS-BOB MATHIS EL
765,RAINBOW ELEM,-84.233882,33.70657,4666782,1.61,923,089RA,089RA,RA,44,DEKALB,89,black,56147,RAINBOW ELEM
766,KELLEY CHAPEL ROAD,-84.222258,33.686477,4666851,0.62,870,089KC,089KC,KC,44,DEKALB,89,black,56502,KELLEY CHAPEL ROAD
767,COLUMBIA DRIVE,-84.239845,33.731059,4666889,0.88,807,089CA,089CA,CA,44,DEKALB,89,black,49146,COLUMBIA DRIVE
768,AUSTIN DRIVE,-84.237524,33.746876,4666940,0.9,856,089AF,089AF,AF,44,DEKALB,89,black,42576,AUSTIN DRIVE
769,CANBY LANE ELEM,-84.226678,33.718544,4666989,1.08,808,089CB,089CB,CB,44,DEKALB,89,black,44949,CANBY LANE ELEM
770,SNAPFINGER ROAD N,-84.223283,33.730469,4667042,0.87,953,089SR,089SR,SR,44,DEKALB,89,black,44471,SNAPFINGER ROAD NORT
771,GLENWOOD ROAD,-84.215508,33.739972,4667102,1.28,788,089GF,089GF,GF,44,DEKALB,89,black,46753,GLENWOOD ROAD
772,MORROW 1,-84.327146,33.630422,4567873,4.44,473,063MO1,063MO1,MO1,31,CLAYTON,63,,40974,MORROW 1
773,BOULDERCREST ROAD,-84.327204,33.663052,4567958,4.24,804,089BL,089BL,BL,44,DEKALB,89,black,67348,BOULDERCREST RD
774,ELLENWOOD,-84.286998,33.621959,4568027,7.63,442,063EW1,063EW1,EW1,31,CLAYTON,63,black,56862,ELLENWOOD
775,CEDAR GROVE SOUTH,-84.293881,33.654045,4568108,2.6,825,089CS,089CS,CS,44,DEKALB,89,black,65998,CEDAR GROVE SOUTH
776,CEDAR GROVE ELEM,-84.290427,33.674468,4568167,2.59,810,089CD,089CD,CD,44,DEKALB,89,black,67577,CEDAR GROVE ELEM
777,12F,-84.396314,33.69814,4568220,0.94,1361,12112F,12112F,12F,60,FULTON,121,black,38291,12F
778,04V,-84.398548,33.739158,4578327,0.69,1262,12104V,12104V,04V,60,FULTON,121,black,24285,04V
779,04I,-84.394054,33.750387,4578393,0.54,1255,12104I,12104I,04I,60,FULTON,121,black,53217,04I
780,01F,-84.391781,33.72881,4578482,0.26,1210,12101F,12101F,01F,60,FULTON,121,black,25282,01F
781,01G,-84.383671,33.729883,4578530,0.47,1211,12101G,12101G,01G,60,FULTON,121,black,44017,01G
782,01D,-84.387801,33.737852,4578582,0.3,1208,12101D,12101D,01D,60,FULTON,121,black,52036,01D
783,01H,-84.384611,33.745479,4578632,0.2,1212,12101H,12101H,01H,60,FULTON,121,black,24479,01H
784,05B,-84.378288,33.750851,4578695,0.28,1268,12105B,12105B,05B,60,FULTON,121,black,37228,05B
785,01S,-84.368871,33.689188,4578756,1.34,1217,12101S,12101S,01S,60,FULTON,121,black,36673,01S
786,01C2,-84.37018,33.701981,4578796,0.37,1207,12101C2,12101C2,01C2,60,FULTON,121,black,35120,01C
787,01T,-84.364306,33.713725,4583119,0.98,1218,12101T,12101T,01T,60,FULTON,121,,55133,01T
788,01P,-84.355319,33.693201,4583173,0.7,1215,12101P,12101P,01P,60,FULTON,121,black,39242,01P
789,01R,-84.358221,33.704079,4583228,0.63,1216,12101R,12101R,01R,60,FULTON,121,black,20891,01R
790,01E,-84.374861,33.735327,4583279,0.89,1209,12101E,12101E,01E,60,FULTON,121,white,90784,01E
791,01A,-84.365323,33.737601,4583365,0.66,1204,12101A,12101A,01A,60,FULTON,121,white,92952,01A
792,05A1,-84.365233,33.748268,4583439,0.52,1266,12105A1,12105A1,05A1,60,FULTON,121,black,39463,05A1
793,01B,-84.357124,33.726589,4583505,1.37,1205,12101B,12101B,01B,60,FULTON,121,,80095,01B
794,KELLEY LAKE ELEM,-84.285241,33.719607,4622472,1.15,868,089KA,089KA,KA,44,DEKALB,89,black,41734,KELLEY LAKE ELEM
795,CANDLER,-84.27996,33.740323,4622523,1.21,823,089CQ,089CQ,CQ,44,DEKALB,89,black,48441,CANDLER
796,COAN MIDDLE (ATL),-84.340131,33.755913,4622583,0.84,820,089CN,089CN,CN,44,DEKALB,89,white,56069,COAN MIDDLE
797,EPWORTH (ATL),-84.332575,33.765974,4622648,0.95,839,089EE,089EE,EE,44,DEKALB,89,white,64047,EPWORTH
798,LIN-MARY LIN ELEM (A,-84.341754,33.773407,4622721,0.75,878,089LE,089LE,LE,44,DEKALB,89,white,59997,LIN-MARY LIN ELEM
799,BOULEVARD (ATL),-84.320499,33.75494,4622800,1.04,795,089BB,089BB,BB,44,DEKALB,89,white,52449,BOULEVARD
800,MEADOWVIEW ELEM,-84.328354,33.689158,4611685,4.23,892,089ML,089ML,ML,44,DEKALB,89,black,53920,MEADOWVIEW ELEM
801,GRESHAM ROAD,-84.318506,33.712584,4611767,1.33,854,089GC,089GC,GC,44,DEKALB,89,black,55032,GRESHAM ROAD
802,BURGESS ELEM (ATL),-84.335662,33.731354,4611813,0.98,806,089BR,089BR,BR,44,DEKALB,89,white,56858,BURGESS ELEM
803,METROPOLITAN (ATL),-84.338274,33.744526,4611903,0.96,900,089MT,089MT,MT,44,DEKALB,89,white,55994,METROPOLITAN
804,PINEY GROVE,-84.321618,33.733307,4611984,0.9,921,089PN,089PN,PN,44,DEKALB,89,black,49885,PINEY GROVE
805,TERRY MILL,-84.314873,33.730993,4612062,0.89,958,089TA,089TA,TA,44,DEKALB,89,black,49803,TERRY MILL ELEM
806,02G,-84.365517,33.758668,4601476,0.4,1226,12102G,12102G,02G,60,FULTON,121,black,59375,02G
807,02D,-84.368689,33.766719,4601560,0.49,1222,12102D,12102D,02D,60,FULTON,121,black,51385,02D
808,02F2,-84.370219,33.772225,4601610,0.11,1225,12102F2,12102F2,02F2,60,FULTON,121,hispanic,27533,02F2
809,02J,-84.373904,33.777532,4601645,0.27,1227,12102J,12102J,02J,60,FULTON,121,hispanic,27533,02J
810,06G,-84.36785,33.776666,4601688,0.13,1278,12106G,12106G,06G,60,FULTON,121,hispanic,27533,06G
811,06B,-84.362328,33.778048,4601724,0.23,1274,12106B,12106B,06B,60,FULTON,121,white,75487,06B
812,02E,-84.355081,33.760105,4601767,0.35,1223,12102E,12102E,02E,60,FULTON,121,black,25350,02E
813,02F1,-84.356061,33.769396,4601824,0.49,1224,12102F1,12102F1,02F1,60,FULTON,121,white,42909,02F1
814,06F,-84.353638,33.778007,4601885,0.34,1277,12106F,12106F,06F,60,FULTON,121,white,58946,06F
815,06L1,-84.377565,33.795436,4601934,0.28,1282,12106L1,12106L1,06L1,60,FULTON,121,white,87765,06L1
816,RW17,-84.321171,34.011535,4778422,1.3,1487,121RW17,121RW17,RW17,60,FULTON,121,white,100437,RW17
817,RW04,-84.314805,34.000226,4778464,1.15,1473,121RW04,121RW04,RW04,60,FULTON,121,white,100437,RW04
818,KINGSLEY ELEM (DUN),-84.293009,33.951567,4778505,1.12,869,089KB,089KB,KB,44,DEKALB,89,white,131053,KINGSLEY ELEM
819,SS01,-84.293504,33.970527,4778554,2.22,1536,121SS01,121SS01,SS01,60,FULTON,121,white,136488,SS01
820,RW20,-84.302976,33.994317,4778664,1.64,1490,121RW20,121RW20,RW20,60,FULTON,121,white,141846,RW20
821,RW21A,-84.282165,33.985302,4778745,1.86,1491,121RW21A,121RW21A,RW21A,60,FULTON,121,white,163434,RW21
822,RW22A,-84.286786,34.005441,4778812,1.32,1493,121RW22A,121RW22A,RW22A,60,FULTON,121,white,96248,RW22A
823,RW07A,-84.324233,34.027766,4778879,0.29,1476,121RW07A,121RW07A,RW07A,60,FULTON,121,hispanic,45163,RW07A
824,DORAVILLE NORTH (DOR,-84.27401,33.9128,4805805,3.2,829,089DA,089DA,DA,44,DEKALB,89,,51380,DORAVILLE NORTH
825,OAKCLIFF ELEM,-84.260282,33.898434,4805902,1.76,910,089OB,089OB,OB,44,DEKALB,89,hispanic,48825,OAKCLIFF ELEM
826,NORTH PEACHTREE (DUN,-84.276045,33.933854,4805984,0.91,908,089NF,089NF,NF,44,DEKALB,89,,68242,NORTH PEACHTREE
827,PINCKNEYVILLE E,-84.259302,33.9425,4806030,1.16,1694,13537,13537,37,67,GWINNETT,135,,49915,PINCKNEYVILLE E
828,EMBRY HILLS,-84.235428,33.885409,4806087,0.92,838,089EC,089EC,EC,44,DEKALB,89,,72769,EMBRY HILLS
829,PLEASANTDALE ELEM,-84.234993,33.894367,4806150,1.23,917,089PF,089PF,PF,44,DEKALB,89,,42765,PLEASANTDALE ELEM
830,SS25,-84.274736,33.96969,4835460,1.12,1570,121SS25,121SS25,SS25,60,FULTON,121,white,240757,SS25
831,PINCKNEYVILLE P,-84.251739,33.964549,4835516,0.8,1730,13573,13573,73,67,GWINNETT,135,white,89159,PINCKNEYVILLE P
832,PINCKNEYVILLE A1,-84.24972,33.976078,4835564,1.56,1783,135126,135126,126,67,GWINNETT,135,white,157289,PINCKNEYVILLE A1
833,RW21B,-84.264739,33.980749,4835631,0.19,1492,121RW21B,121RW21B,RW21B,60,FULTON,121,white,215870,RW21
834,JC19,-84.262354,34.004263,4835652,1.89,1448,121JC19,121JC19,JC19,60,FULTON,121,white,116523,JC19
835,JC13A,-84.247062,34.005427,4835716,2.0,1440,121JC13A,121JC13A,JC13A,60,FULTON,121,white,215884,JC13A
836,PINCKNEYVILLE C,-84.231966,33.965097,4835774,1.44,1679,13522,13522,22,67,GWINNETT,135,white,112593,PINCKNEYVILLE C
837,PINCKNEYVILLE Z,-84.238793,33.993406,4835844,0.87,1782,135125,135125,125,67,GWINNETT,135,white,157519,PINCKNEYVILLE Z
838,PINCKNEYVILLE L,-84.23544,33.984981,4835886,1.27,1719,13562,13562,62,67,GWINNETT,135,white,158449,PINCKNEYVILLE L
839,JC13B,-84.231016,34.008754,4835947,0.3,1441,121JC13B,121JC13B,JC13B,60,FULTON,121,white,215885,JC13B
840,PINCKNEYVILLE M,-84.21761,33.993946,4835980,1.64,1720,13563,13563,63,67,GWINNETT,135,white,174588,PINCKNEYVILLE M
841,PINCKNEYVILLE B,-84.19785,33.894625,4823170,1.59,1678,13521,13521,21,67,GWINNETT,135,hispanic,48705,PINCKNEYVILLE B
842,PINCKNEYVILLE J,-84.207779,33.906958,4823245,1.66,1708,13551,13551,51,67,GWINNETT,135,hispanic,41192,PINCKNEYVILLE J
843,PINCKNEYVILLE V,-84.185983,33.888375,4823305,0.88,1770,135113,135113,113,67,GWINNETT,135,,58325,PINCKNEYVILLE V
844,PINCKNEYVILLE W,-84.210254,33.937335,4823352,2.86,1771,135114,135114,114,67,GWINNETT,135,,68796,PINCKNEYVILLE W
845,PINKCNEYVILLE A,-84.193206,33.93357,4823455,1.43,1677,13520,13520,20,67,GWINNETT,135,hispanic,48121,PINCKNEYVILLE A
846,PINCKNEYVILLE S,-84.183979,33.943882,4823532,1.95,1744,13587,13587,87,67,GWINNETT,135,,73037,PINCKNEYVILLE S
847,EVANSDALE ELEM,-84.243814,33.88018,4800437,0.98,840,089EF,089EF,EF,44,DEKALB,89,white,77401,EVANSDALE ELEM
848,MIDVALE ELEM,-84.229115,33.862513,4800523,1.24,888,089MH,089MH,MH,44,DEKALB,89,white,99403,MIDVALE ELEM
849,TUCKER LIBRARY,-84.216258,33.854494,4800586,2.11,962,089TH,089TH,TH,44,DEKALB,89,white,86583,TUCKER LIBRARY
850,LIVSEY ELEM,-84.224582,33.875863,4800677,0.56,880,089LV,089LV,LV,44,DEKALB,89,white,96227,LIVSEY ELEM
851,DORAVILLE SOUTH (DOR,-84.27671,33.892536,4800733,0.83,830,089DB,089DB,DB,44,DEKALB,89,,50535,DORAVILLE SOUTH
852,JC18A,-84.272023,34.013673,4842527,1.25,1446,121JC18A,121JC18A,JC18A,60,FULTON,121,white,98820,JC18A
853,JC18B,-84.271535,34.02989,4842566,0.07,1447,121JC18B,121JC18B,JC18B,60,FULTON,121,white,117149,JC18B
854,JC17,-84.266284,34.033245,4842586,0.11,1445,121JC17,121JC17,JC17,60,FULTON,121,white,117142,JC17
855,AP01C,-84.265376,34.040528,4842615,1.02,1374,121AP01C,121AP01C,AP01C,60,FULTON,121,white,111815,AP01C
856,JC16,-84.260468,34.028738,4842682,0.73,1444,121JC16,121JC16,JC16,60,FULTON,121,white,117148,JC16
857,AP01A,-84.265349,34.056049,4842734,2.51,1372,121AP01A,121AP01A,AP01A,60,FULTON,121,white,116185,AP01A
858,AP13,-84.253225,34.051989,4842823,0.97,1394,121AP13,121AP13,AP13,60,FULTON,121,white,140031,AP13
859,AP12A,-84.2578,34.068591,4842858,0.43,1390,121AP12A,121AP12A,AP12A,60,FULTON,121,,97284,AP12A
860,JC14,-84.239965,34.025424,4842896,1.07,1442,121JC14,121JC14,JC14,60,FULTON,121,white,215884,JC14
861,AP14,-84.244471,34.042087,4842934,1.04,1395,121AP14,121AP14,AP14,60,FULTON,121,white,118228,AP14
862,JC15,-84.241201,34.03859,4843023,0.36,1443,121JC15,121JC15,JC15,60,FULTON,121,white,127036,JC15
863,JC10,-84.225303,34.052775,4843058,0.99,1437,121JC10,121JC10,JC10,60,FULTON,121,white,111750,JC10
864,ASHFORD DUNWOODY RD,-84.334289,33.886062,4743709,1.5,791,089AG,089AG,AG,44,DEKALB,89,white,138754,ASHFORD DUNWOODY RD
865,ASHFORD PARKSIDE (BH,-84.333885,33.897336,4743771,1.09,792,089AH,089AH,AH,44,DEKALB,89,white,94373,ASHFORD PARKSIDE
866,MONTGOMERY  (BHAVN),-84.333864,33.912354,4743841,1.46,901,089MU,089MU,MU,44,DEKALB,89,white,59718,MONTGOMERY ELEM
867,KITTREDGE ELEM (BHAV,-84.319461,33.906658,4743895,0.95,873,089KG,089KG,KG,44,DEKALB,89,white,64576,KITTREDGE ELEM
868,GEORGETOWN SQ (DUN),-84.33076,33.925049,4743959,1.54,855,089GD,089GD,GD,44,DEKALB,89,white,93518,GEORGETOWN SQUARE
869,DUNWOODY (DUN),-84.338665,33.93393,4744017,0.88,833,089DF,089DF,DF,44,DEKALB,89,,103704,DUNWOODY
870,MOUNT VERNON WEST (D,-84.324463,33.942471,4744072,1.03,899,089MS,089MS,MS,44,DEKALB,89,white,135705,MT. VERNON WEST
871,07F,-84.372674,33.833348,4714689,0.77,1293,12107F,12107F,07F,60,FULTON,121,white,120758,07F
872,07D,-84.371626,33.843678,4714751,0.88,1291,12107D,12107D,07D,60,FULTON,121,white,131764,07D
873,07N,-84.360961,33.827791,4714827,0.23,1297,12107N,12107N,07N,60,FULTON,121,,52523,07N
874,07M,-84.355458,33.840843,4714872,0.47,1296,12107M,12107M,07M,60,FULTON,121,,77244,07M
875,07E,-84.352512,33.834789,4714932,0.54,1292,12107E,12107E,07E,60,FULTON,121,white,126115,07E
876,07A,-84.372887,33.859661,4714981,1.62,1288,12107A,12107A,07A,60,FULTON,121,white,157276,07A
877,07C,-84.355929,33.85447,4715062,0.65,1290,12107C,12107C,07C,60,FULTON,121,white,176043,07C
878,07B,-84.359473,33.870572,4715111,1.73,1289,12107B,12107B,07B,60,FULTON,121,white,199294,07B
879,MILLER GROVE HIGH,-84.137552,33.710534,4884809,0.96,904,089MZ,089MZ,MZ,44,DEKALB,89,black,39873,MILLER GROVE MIDDLE
880,ROCK CHAPEL ROAD,-84.072671,33.73293,4907197,7.93,933,089RL,089RL,RL,44,DEKALB,89,black,55589,ROCK CHAPEL ROAD
881,ROCK CHAPEL ELEM,-84.079439,33.754844,4907383,5.04,927,089RF,089RF,RF,44,DEKALB,89,black,69754,ROCK CHAPEL ELEM
882,ROCKBRIDGE ROAD,-84.078159,33.777473,4907423,1.97,930,089RI,089RI,RI,44,DEKALB,89,black,76356,ROCKBRIDGE ROAD
883,ROCKBRIDGE G,-84.037607,33.773784,4907477,5.22,1779,135122,135122,122,67,GWINNETT,135,black,66881,ROCKBRIDGE G
884,CATES B,-84.068775,33.892026,5010476,1.01,1686,13529,13529,29,67,GWINNETT,135,white,105833,CATES B
885,CATES K,-84.053448,33.905025,5010538,1.34,1736,13579,13579,79,67,GWINNETT,135,white,105832,CATES K
886,MARTINS K,-84.063249,33.916053,5010590,2.37,1796,135139,135139,139,67,GWINNETT,135,,60154,MARTINS K
887,MARTINS H,-84.065501,33.933957,5010640,2.53,1772,135115,135115,115,67,GWINNETT,135,,62549,MARTINS H
888,CATES I,-84.045991,33.885003,5010700,1.67,1725,13568,13568,68,67,GWINNETT,135,white,104667,CATES I
889,CATES M,-84.031347,33.900597,5010776,1.73,1750,13593,13593,93,67,GWINNETT,135,white,115555,CATES M
890,LAWRENCEVILLE J,-84.03956,33.918613,5010842,0.89,1784,135127,135127,127,67,GWINNETT,135,,60407,LAWRENCEVILLE J
891,MARTINS B,-84.048703,33.945623,5010881,1.47,1675,13518,13518,18,67,GWINNETT,135,,59237,MARTINS B
892,CATES J,-84.081568,33.852482,5002283,2.2,1726,13569,13569,69,67,GWINNETT,135,white,103561,CATES J
893,CATES E,-84.069481,33.861392,5002342,2.06,1693,13536,13536,36,67,GWINNETT,135,white,101285,CATES E
894,CATES O,-84.074946,33.881339,5002405,0.88,1764,135107,135107,107,67,GWINNETT,135,white,105700,CATES O
895,CATES D,-84.052127,33.862419,5002457,2.75,1692,13535,13535,35,67,GWINNETT,135,white,95189,CATES D
896,ROCKBRIDGE B,-84.044193,33.835099,5002539,2.01,1701,13544,13544,44,67,GWINNETT,135,black,69315,ROCKBRIDGE B
897,CATES H,-84.025306,33.84276,5002592,2.41,1710,13553,13553,53,67,GWINNETT,135,black,55325,CATES H
898,CATES F,-84.027764,33.862885,5002671,1.2,1703,13546,13546,46,67,GWINNETT,135,white,112113,CATES F
899,CATES G,-84.027018,33.880431,5002721,2.09,1704,13547,13547,47,67,GWINNETT,135,white,112113,CATES G
900,LAWRENCEVILLE L,-84.010162,33.9153,5060326,2.01,1800,135143,135143,143,67,GWINNETT,135,,79124,LAWRENCEVILLE L
901,LAWRENCEVILLE E,-84.010547,33.945939,5060402,1.82,1718,13561,13561,61,67,GWINNETT,135,,53880,LAWRENCEVILLE E
902,LAWRENCEVILLE N,-84.007381,33.933924,5060464,1.21,1810,135153,135153,153,67,GWINNETT,135,,65770,LAWRENCEVILLE N
903,LAWRENCEVILLE B,-83.987772,33.916718,5060536,2.59,1673,13516,13516,16,67,GWINNETT,135,,84147,LAWRENCEVILLE B
904,BAYCREEK K,-83.971527,33.901098,5060594,2.33,1735,13578,13578,78,67,GWINNETT,135,white,80066,BAYCREEK K
905,LAWRENCEVILLE A,-83.981726,33.940228,5060650,2.73,1672,13515,13515,15,67,GWINNETT,135,,54894,LAWRENCEVILLE A
906,MARTINS G,-84.025771,33.953661,5041393,2.37,1767,135110,135110,110,67,GWINNETT,135,,62952,MARTINS G
907,GOODWINS G,-84.028009,33.974058,5041451,0.84,1781,135124,135124,124,67,GWINNETT,135,,70959,GOODWINS G
908,GOODWINS I,-84.048988,33.980741,5041507,0.83,1806,135149,135149,149,67,GWINNETT,135,white,93855,GOODWINS I
909,GOODWINS A,-84.037325,33.986155,5041556,1.51,1663,1356,1356,6,67,GWINNETT,135,white,82916,GOODWINS A
910,GOODWINS H,-84.041445,34.013866,5041625,1.18,1785,135128,135128,128,67,GWINNETT,135,white,72928,GOODWINS H
911,GOODWINS D,-84.023554,33.99821,5041693,1.94,1740,13583,13583,83,67,GWINNETT,135,white,83704,GOODWINS D
912,SUWANEE C,-84.07353,34.02765,5041762,5.7,1763,135106,135106,106,67,GWINNETT,135,,104351,SUWANEE C
913,SUGAR HILL F,-84.056475,34.094975,5184155,2.74,1762,135105,135105,105,67,GWINNETT,135,white,111801,SUGAR HILL F
