ID,DATA,CTYSOSID,PRECINCT_I,PRECINCT_N,COUNTY_NUM,COUNTY_NAM,FIPS2,2012_preci,avg_income,race
878486.0,1603.0,121UC032,UC032,UC032,60,FULTON,121,747.0,40264.0,black
878520.0,1547.0,121SC211,SC211,SC211,60,FULTON,121,695.0,56727.0,black
853191.0,1548.0,121SC212,SC212,SC212,60,FULTON,121,696.0,40211.0,black
853309.0,1454.0,121FA01B,FA01B,FA01B,60,FULTON,121,608.0,40243.0,black
844264.0,1453.0,121FA01A,FA01A,FA01A,60,FULTON,121,607.0,66492.0,black
4976877.0,1457.0,121JC02,JC02,JC02,60,FULTON,121,611.0,117237.0,white
4977085.0,870.0,089FG,FG,FLAT ROCK ELEM,44,DEKALB,89,272.0,63003.0,black
4977119.0,835.0,089CF,CF,CANDLER-MURPHEY CANDLER ELEM,44,DEKALB,89,236.0,62992.0,black
836565.0,1491.0,121PA01,PA01,PA01,60,FULTON,121,645.0,40648.0,
1047777.0,479.0,063JB17,JB17,JONESBORO 17,31,CLAYTON,63,23.0,42415.0,black
1047839.0,464.0,063JB02,JB02,JONESBORO 2,31,CLAYTON,63,8.0,48911.0,black
1047888.0,510.0,063RD09,RD09,RIVERDALE 9,31,CLAYTON,63,54.0,52196.0,black
1047947.0,478.0,063JB16,JB16,JONESBORO 16,31,CLAYTON,63,22.0,44644.0,black
1048007.0,506.0,063RD05,RD05,RIVERDALE 5,31,CLAYTON,63,50.0,49601.0,black
1048062.0,465.0,063JB03,JB03,JONESBORO 3,31,CLAYTON,63,9.0,49749.0,black
1048163.0,472.0,063JB10,JB10,JONESBORO 10,31,CLAYTON,63,16.0,42891.0,black
1048228.0,471.0,063JB09,JB09,JONESBORO 9,31,CLAYTON,63,15.0,36321.0,
4752225.0,935.0,089OV,OV,OAK VIEW ELEM,44,DEKALB,89,337.0,51276.0,black
4752290.0,885.0,089HH,HH,HARRIS-NARVIE J. HARRIS ELEM,44,DEKALB,89,287.0,61401.0,black
4752358.0,872.0,089FK,FK,FLAKES MILL FIRE STATION,44,DEKALB,89,274.0,78747.0,black
4752408.0,869.0,089FE,FE,FLAT SHOALS PARKWAY,44,DEKALB,89,271.0,67909.0,black
4752472.0,836.0,089CG,CG,CHAPEL HILL ELEM,44,DEKALB,89,237.0,69569.0,black
4743397.0,470.0,063JB08,JB08,JONESBORO 8,31,CLAYTON,63,14.0,47459.0,black
4743462.0,494.0,063MO8,MO8,MORROW 8,31,CLAYTON,63,38.0,60025.0,black
4743511.0,491.0,063MO5,MO5,MORROW 5,31,CLAYTON,63,35.0,62479.0,black
4646566.0,508.0,063RD07,RD07,RIVERDALE 7,31,CLAYTON,63,52.0,41924.0,black
4646631.0,459.0,063FP3,FP3,FOREST PARK 3,31,CLAYTON,63,3.0,40214.0,black
4646732.0,507.0,063RD06,RD06,RIVERDALE 6,31,CLAYTON,63,51.0,38543.0,black
4646805.0,477.0,063JB15,JB15,JONESBORO 15,31,CLAYTON,63,21.0,41310.0,black
4646876.0,461.0,063FP5,FP5,FOREST PARK 5,31,CLAYTON,63,5.0,38031.0,
4646946.0,462.0,063FP6,FP6,FOREST PARK 6,31,CLAYTON,63,6.0,44360.0,
4640815.0,505.0,063RD04,RD04,RIVERDALE 4,31,CLAYTON,63,49.0,51116.0,black
4123627.0,509.0,063RD08,RD08,RIVERDALE 8,31,CLAYTON,63,53.0,65003.0,black
4123721.0,502.0,063RD01,RD01,RIVERDALE 1,31,CLAYTON,63,46.0,61449.0,black
4123781.0,504.0,063RD03,RD03,RIVERDALE 3,31,CLAYTON,63,48.0,50131.0,black
4123865.0,499.0,063OAK4,OAK4,OAK 4,31,CLAYTON,63,43.0,47995.0,black
4123921.0,497.0,063OAK2,OAK2,OAK 2,31,CLAYTON,63,41.0,47505.0,black
4123980.0,511.0,063RD10,RD10,RIVERDALE 10,31,CLAYTON,63,55.0,36016.0,black
4124027.0,498.0,063OAK3,OAK3,OAK 3,31,CLAYTON,63,42.0,38539.0,black
4124092.0,1427.0,121CP06,CP06,CP06,60,FULTON,121,584.0,57702.0,white
4118051.0,1371.0,12111J,11J,11J,60,FULTON,121,533.0,35689.0,black
4118101.0,1450.0,121EP10B,EP10B,EP10B,60,FULTON,121,604.0,53673.0,black
4118148.0,1550.0,121SC23A,SC23A,SC23A,60,FULTON,121,697.0,55638.0,black
4118217.0,512.0,063RD11,RD11,RIVERDALE 11,31,CLAYTON,63,56.0,67740.0,black
4118281.0,1552.0,121SC27,SC27,SC27,60,FULTON,121,699.0,41364.0,black
4118330.0,1432.0,121CP083,CP083,CP083,60,FULTON,121,588.0,42614.0,black
4102005.0,1553.0,121SC29A,SC29A,SC29A,60,FULTON,121,700.0,40339.0,black
4102052.0,1551.0,121SC23B,SC23B,SC23B,60,FULTON,121,698.0,57864.0,black
4102083.0,1532.0,121SC09B,SC09B,SC09B,60,FULTON,121,681.0,40395.0,black
4102134.0,1535.0,121SC11B,SC11B,SC11B,60,FULTON,121,684.0,54614.0,black
4102180.0,1534.0,121SC11A,SC11A,SC11A,60,FULTON,121,683.0,54551.0,black
4102272.0,1604.0,121UC033,UC033,UC033,60,FULTON,121,748.0,43303.0,black
4102305.0,1528.0,121SC08D,SC08D,SC08D,60,FULTON,121,677.0,40826.0,black
4102329.0,1596.0,121UC01B,UC01B,UC01B,60,FULTON,121,743.0,40409.0,black
4102402.0,1531.0,121SC09A,SC09A,SC09A,60,FULTON,121,680.0,41222.0,black
4102449.0,1533.0,121SC10,SC10,SC10,60,FULTON,121,682.0,42571.0,black
4102539.0,1430.0,121CP081,CP081,CP081,60,FULTON,121,587.0,42597.0,black
4095998.0,1595.0,121UC01A,UC01A,UC01A,60,FULTON,121,742.0,52129.0,black
4096061.0,1602.0,121UC031,UC031,UC031,60,FULTON,121,746.0,49883.0,black
4096147.0,1529.0,121SC08E,SC08E,SC08E,60,FULTON,121,678.0,52344.0,black
4096175.0,1554.0,121SC29B,SC29B,SC29B,60,FULTON,121,701.0,52104.0,black
4096338.0,1526.0,121SC08B,SC08B,SC08B,60,FULTON,121,675.0,44242.0,black
4061416.0,1523.0,121SC07A,SC07A,SC07A,60,FULTON,121,674.0,72219.0,black
3975344.0,1415.0,121CH03,CH03,CH03,60,FULTON,121,574.0,35022.0,white
3975483.0,1414.0,121CH02,CH02,CH02,60,FULTON,121,573.0,34988.0,white
3975541.0,1413.0,121CH01,CH01,CH01,60,FULTON,121,572.0,35067.0,white
3975586.0,1520.0,121SC04,SC04,SC04,60,FULTON,121,671.0,43601.0,white
1061171.0,480.0,063JB18,JB18,JONESBORO 18,31,CLAYTON,63,24.0,56380.0,black
1061250.0,473.0,063JB11,JB11,JONESBORO 11,31,CLAYTON,63,17.0,70799.0,black
1061344.0,469.0,063JB07,JB07,JONESBORO 7,31,CLAYTON,63,13.0,63803.0,black
1061410.0,468.0,063JB06,JB06,JONESBORO 6,31,CLAYTON,63,12.0,95494.0,white
785561.0,1418.0,121CH05,CH05,CH05,60,FULTON,121,576.0,35023.0,white
785734.0,1416.0,121CH04A,CH04A,CH04A,60,FULTON,121,575.0,35107.0,white
894105.0,503.0,063RD02,RD02,RIVERDALE 2,31,CLAYTON,63,47.0,45682.0,black
894162.0,474.0,063JB12,JB12,JONESBORO 12,31,CLAYTON,63,18.0,51060.0,black
894197.0,513.0,063RD12,RD12,RIVERDALE 12,31,CLAYTON,63,57.0,55731.0,black
886223.0,463.0,063JB01,JB01,JONESBORO 1,31,CLAYTON,63,7.0,54801.0,black
1040813.0,500.0,063PH1,PH1,PANHANDLE 1,31,CLAYTON,63,44.0,73155.0,black
1040851.0,475.0,063JB13,JB13,JONESBORO 13,31,CLAYTON,63,19.0,62975.0,black
1040904.0,485.0,063LJ4,LJ4,LOVEJOY 4,31,CLAYTON,63,29.0,57914.0,black
1040947.0,486.0,063LJ5,LJ5,LOVEJOY 5,31,CLAYTON,63,30.0,53662.0,black
1032511.0,501.0,063PH2,PH2,PANHANDLE 2,31,CLAYTON,63,45.0,73153.0,black
1055631.0,466.0,063JB04,JB04,JONESBORO 4,31,CLAYTON,63,10.0,37116.0,black
1055674.0,484.0,063LJ3,LJ3,LOVEJOY 3,31,CLAYTON,63,28.0,68385.0,black
1055777.0,482.0,063LJ1,LJ1,LOVEJOY 1,31,CLAYTON,63,26.0,54255.0,black
1055871.0,483.0,063LJ2,LJ2,LOVEJOY 2,31,CLAYTON,63,27.0,55644.0,black
1055939.0,467.0,063JB05,JB05,JONESBORO 5,31,CLAYTON,63,11.0,69130.0,black
1055987.0,476.0,063JB14,JB14,JONESBORO 14,31,CLAYTON,63,20.0,72645.0,black
5193620.0,1681.0,1353,3,003 DACULA,67,GWINNETT,135,828.0,84350.0,white
5193700.0,1830.0,135152,152,152 ROCKYCREEK C,67,GWINNETT,135,808.0,87631.0,white
5193744.0,1815.0,135137,137,137 ROCKYCREEK B,67,GWINNETT,135,791.0,75888.0,white
5193786.0,1832.0,135154,154,154 PUCKETTS D,67,GWINNETT,135,810.0,81967.0,white
5193851.0,1686.0,1358,8,008 DUNCANS A,67,GWINNETT,135,883.0,108937.0,white
5193921.0,1691.0,13513,13,013 DUNCANS C,67,GWINNETT,135,783.0,107643.0,white
5193961.0,1500.0,121RW09,RW09,RW09,60,FULTON,121,654.0,166018.0,white
5615331.0,1679.0,1351,1,001 HARBINS A,67,GWINNETT,135,749.0,75541.0,white
5615430.0,1829.0,135151,151,151 HARBINS C,67,GWINNETT,135,807.0,75551.0,white
5624401.0,1811.0,135133,133,133 HARBINS B,67,GWINNETT,135,787.0,79589.0,white
5624509.0,1706.0,13528,28,028 ROCKYCREEK A,67,GWINNETT,135,826.0,99931.0,white
5624569.0,1807.0,135129,129,129 DUNCANS B,67,GWINNETT,135,782.0,110362.0,white
5321570.0,1687.0,1359,9,009 PUCKETTS A,67,GWINNETT,135,894.0,86571.0,white
5321714.0,1813.0,135135,135,135 PUCKETTS C,67,GWINNETT,135,789.0,96220.0,white
5755581.0,1717.0,13539,39,039 DUNCANS D,67,GWINNETT,135,838.0,117338.0,white
5175736.0,1825.0,135147,147,147 BAYCREEK I,67,GWINNETT,135,802.0,86566.0,
5175796.0,1758.0,13580,80,080 BAYCREEK C,67,GWINNETT,135,884.0,84838.0,
5175857.0,1768.0,13590,90,090 LAWRENCEVILLE I,67,GWINNETT,135,895.0,59442.0,
5175919.0,1763.0,13585,85,085 LAWRENCEVILLE H,67,GWINNETT,135,889.0,87028.0,white
5175978.0,1810.0,135132,132,132 LAWRENCEVILLE K,67,GWINNETT,135,786.0,90438.0,white
5176021.0,1738.0,13560,60,060 LAWRENCEVILLE D,67,GWINNETT,135,862.0,59518.0,
5176115.0,1720.0,13542,42,042 LAWRENCEVILLE C,67,GWINNETT,135,842.0,87110.0,white
5166459.0,1786.0,135108,108,108 BAYCREEK E,67,GWINNETT,135,759.0,81303.0,white
5166532.0,1823.0,135145,145,145 BAYCREEK G,67,GWINNETT,135,800.0,78362.0,white
5166698.0,1824.0,135146,146,146 BAYCREEK H,67,GWINNETT,135,801.0,88016.0,white
5166781.0,1769.0,13591,91,091 BAYCREEK D,67,GWINNETT,135,896.0,94778.0,white
5082626.0,1730.0,13552,52,052 BERKSHIRE G,67,GWINNETT,135,853.0,93235.0,white
5082685.0,1796.0,135118,118,118 GARNERS F,67,GWINNETT,135,770.0,80776.0,white
5082742.0,1790.0,135112,112,112 BERKSHIRE N,67,GWINNETT,135,764.0,82753.0,white
4412449.0,642.0,067SF01,SF01,SHALLOWFORD FALLS 01,33,COBB,67,181.0,148135.0,white
4412509.0,663.0,067TT01,TT01,TRITT 01,33,COBB,67,202.0,144498.0,white
4412562.0,671.0,067WL01,WL01,WILLEO 01,33,COBB,67,210.0,142353.0,white
4867080.0,1589.0,121SS22,SS22,SS22,60,FULTON,121,736.0,50658.0,
4867167.0,1502.0,121RW11A,RW11A,RW11A,60,FULTON,121,656.0,97188.0,white
4867222.0,1580.0,121SS15A,SS15A,SS15A,60,FULTON,121,727.0,45791.0,black
4867265.0,1493.0,121RW02,RW02,RW02,60,FULTON,121,647.0,127282.0,white
4867332.0,1501.0,121RW10,RW10,RW10,60,FULTON,121,655.0,119088.0,white
4867387.0,1507.0,121RW15,RW15,RW15,60,FULTON,121,660.0,166797.0,white
4867450.0,1492.0,121RW01,RW01,RW01,60,FULTON,121,646.0,115974.0,white
4867525.0,1494.0,121RW03,RW03,RW03,60,FULTON,121,648.0,75499.0,
4859265.0,612.0,067MT03,MT03,MT BETHEL 03,33,COBB,67,151.0,156901.0,white
4859314.0,611.0,067MT01,MT01,MT BETHEL 01,33,COBB,67,150.0,152625.0,white
4859379.0,1585.0,121SS18B,SS18B,SS18B,60,FULTON,121,732.0,100689.0,white
4859405.0,662.0,067TR01,TR01,TIMBER RIDGE 01,33,COBB,67,201.0,153922.0,white
4859449.0,639.0,067RW01,RW01,ROSWELL 01,33,COBB,67,178.0,128827.0,white
4859499.0,1558.0,121SS02A,SS02A,SS02A,60,FULTON,121,705.0,100683.0,white
4859545.0,1587.0,121SS19B,SS19B,SS19B,60,FULTON,121,734.0,79361.0,white
4859588.0,1586.0,121SS19A,SS19A,SS19A,60,FULTON,121,733.0,62939.0,
4859633.0,1593.0,121SS29B,SS29B,SS29B,60,FULTON,121,740.0,103805.0,white
4859649.0,1591.0,121SS26,SS26,SS26,60,FULTON,121,738.0,56852.0,
4859698.0,1588.0,121SS20,SS20,SS20,60,FULTON,121,735.0,68820.0,
4811627.0,1335.0,12108M,08M,08M,60,FULTON,121,498.0,138528.0,white
4811700.0,1318.0,12107J,07J,07J,60,FULTON,121,482.0,116188.0,white
4811748.0,1317.0,12107H,07H,07H,60,FULTON,121,481.0,113285.0,white
4811796.0,1330.0,12108G,08G,08G,60,FULTON,121,493.0,120699.0,white
4811843.0,1325.0,12108C,08C,08C,60,FULTON,121,489.0,240648.0,white
4811921.0,2911.0,12108B,08B,08B,60,FULTON,121,488.0,210066.0,white
4874044.0,1499.0,121RW08,RW08,RW08,60,FULTON,121,653.0,110477.0,white
4874087.0,1510.0,121RW18,RW18,RW18,60,FULTON,121,663.0,137974.0,white
4874140.0,1508.0,121RW16,RW16,RW16,60,FULTON,121,661.0,105083.0,white
4874177.0,1504.0,121RW12A,RW12A,RW12A,60,FULTON,121,657.0,107076.0,white
4874234.0,1505.0,121RW12B,RW12B,RW12B,60,FULTON,121,658.0,101424.0,white
4874267.0,859.0,089DI,DI,DUNWOODY LIBRARY,44,DEKALB,89,261.0,165825.0,white
4874321.0,812.0,089AD,AD,AUSTIN,44,DEKALB,89,213.0,170720.0,white
4874376.0,919.0,089MQ,MQ,MT. VERNON EAST,44,DEKALB,89,322.0,160926.0,white
4874427.0,1581.0,121SS15B,SS15B,SS15B,60,FULTON,121,728.0,68215.0,white
4874461.0,1583.0,121SS17,SS17,SS17,60,FULTON,121,730.0,46682.0,white
4887679.0,1498.0,121RW07,RW07,RW07,60,FULTON,121,652.0,44898.0,hispanic
4887722.0,1399.0,121AP03,AP03,AP03,60,FULTON,121,559.0,60386.0,
4887752.0,2910.0,121RW12B,RW12B,RW12B,60,FULTON,121,658.0,101424.0,white
4887776.0,1496.0,121RW05,RW05,RW05,60,FULTON,121,650.0,61676.0,
4887860.0,1396.0,121AP021,AP021,AP021,60,FULTON,121,556.0,96833.0,white
4887924.0,1497.0,121RW06,RW06,RW06,60,FULTON,121,651.0,91284.0,white
4887977.0,1506.0,121RW13,RW13,RW13,60,FULTON,121,659.0,109743.0,white
4888077.0,1394.0,121AP01D,AP01D,AP01D,60,FULTON,121,555.0,88568.0,white
4888139.0,1398.0,121AP02B,AP02B,AP02B,60,FULTON,121,558.0,67794.0,white
4888181.0,1397.0,121AP022,AP022,AP022,60,FULTON,121,557.0,67786.0,white
4133893.0,1442.0,121EP071,EP071,EP071,60,FULTON,121,596.0,46343.0,black
4133957.0,496.0,063OAK1,OAK1,OAK 1,31,CLAYTON,63,40.0,39880.0,black
4134114.0,1422.0,121CP02,CP02,CP02,60,FULTON,121,580.0,70777.0,
4134213.0,1421.0,121CP01B,CP01B,CP01B,60,FULTON,121,579.0,71343.0,
4950918.0,1409.0,121AP12A,AP12A,AP12A,60,FULTON,121,569.0,89684.0,white
4950983.0,1411.0,121AP13,AP13,AP13,60,FULTON,121,570.0,129749.0,white
4951017.0,1472.0,121JC14,JC14,JC14,60,FULTON,121,626.0,253596.0,white
4951056.0,1412.0,121AP14,AP14,AP14,60,FULTON,121,571.0,127972.0,white
4951145.0,1473.0,121JC15,JC15,JC15,60,FULTON,121,627.0,137213.0,white
4951180.0,1467.0,121JC10,JC10,JC10,60,FULTON,121,621.0,119267.0,white
4951237.0,1406.0,121AP09A,AP09A,AP09A,60,FULTON,121,566.0,108953.0,white
4951296.0,1799.0,135121,121,121 PINCKNEYVILLE X,67,GWINNETT,135,774.0,117246.0,white
4964523.0,1734.0,13556,56,056 DULUTH C,67,GWINNETT,135,857.0,66304.0,white
4964589.0,1468.0,121JC11,JC11,JC11,60,FULTON,121,622.0,113186.0,white
4964646.0,1466.0,121JC09,JC09,JC09,60,FULTON,121,620.0,110320.0,white
4964697.0,1464.0,121JC07,JC07,JC07,60,FULTON,121,618.0,126300.0,white
4964759.0,1465.0,121JC08,JC08,JC08,60,FULTON,121,619.0,138461.0,white
4964821.0,1462.0,121JC05,JC05,JC05,60,FULTON,121,616.0,100992.0,white
4964864.0,1461.0,121JC04B,JC04B,JC04B,60,FULTON,121,615.0,121194.0,white
4964889.0,1458.0,121JC03A,JC03A,JC03A,60,FULTON,121,612.0,101116.0,white
4964919.0,1460.0,121JC04A,JC04A,JC04A,60,FULTON,121,614.0,164014.0,white
4964961.0,1459.0,121JC03B,JC03B,JC03B,60,FULTON,121,613.0,100880.0,white
4964990.0,1463.0,121JC06,JC06,JC06,60,FULTON,121,617.0,138446.0,white
4965032.0,1789.0,135111,111,111 DULUTH H,67,GWINNETT,135,763.0,78608.0,white
4348333.0,1327.0,12108E,08E,08E,60,FULTON,121,491.0,223069.0,white
4348397.0,668.0,067VG04,VG04,VININGS 04,33,COBB,67,207.0,138019.0,white
4348483.0,665.0,067VG01,VG01,VININGS 01,33,COBB,67,204.0,80903.0,white
4348561.0,1344.0,12109F,09F,09F,60,FULTON,121,507.0,91165.0,white
4348611.0,1337.0,12108N2,08N2,08N2,60,FULTON,121,500.0,208585.0,white
4348647.0,1336.0,12108N1,08N1,08N1,60,FULTON,121,499.0,208265.0,white
4348683.0,1328.0,12108F1,08F1,08F1,60,FULTON,121,492.0,210923.0,white
4348735.0,1323.0,12108A,08A,08A,60,FULTON,121,487.0,266714.0,white
4356189.0,1326.0,12108D,08D,08D,60,FULTON,121,490.0,264893.0,white
4356235.0,534.0,067CA01,CA01,CHATTAHOOCHEE 01,33,COBB,67,73.0,66735.0,
4356340.0,661.0,067TM01,TM01,TERRELL MILL 01,33,COBB,67,200.0,64916.0,
4356457.0,656.0,067SO02,SO02,SOPE CREEK 02,33,COBB,67,195.0,107920.0,white
4362150.0,1570.0,121SS09,SS09,SS09,60,FULTON,121,717.0,69614.0,
4362218.0,657.0,067SO03,SO03,SOPE CREEK 03,33,COBB,67,196.0,146647.0,white
4362270.0,1582.0,121SS16,SS16,SS16,60,FULTON,121,729.0,59461.0,
4362318.0,604.0,067MR5A,MR5A,MARIETTA 5A,33,COBB,67,143.0,51583.0,
5134143.0,1456.0,121JC01,JC01,JC01,60,FULTON,121,610.0,135059.0,white
5134205.0,1685.0,1357,7,007 DULUTH A,67,GWINNETT,135,872.0,95294.0,white
5134369.0,1833.0,135155,155,155 SUWANEE G,67,GWINNETT,135,811.0,117052.0,white
5134413.0,1818.0,135140,140,140 SUWANEE H,67,GWINNETT,135,795.0,141303.0,white
5134473.0,1695.0,13517,17,017 MARTINS A,67,GWINNETT,135,814.0,60507.0,
5147993.0,1784.0,135106,106,106 SUWANEE C,67,GWINNETT,135,757.0,98622.0,white
5148059.0,1809.0,135131,131,131 SUWANEE E,67,GWINNETT,135,785.0,141298.0,white
5148107.0,1682.0,1354,4,004 SUWANEE A,67,GWINNETT,135,839.0,101057.0,white
5148173.0,1776.0,13598,98,098 GOODWINS F,67,GWINNETT,135,903.0,81563.0,white
5148242.0,1820.0,135142,142,142 SUWANEE F,67,GWINNETT,135,797.0,113240.0,white
5148300.0,1778.0,135100,100,100 SUWANEE B,67,GWINNETT,135,751.0,113293.0,white
5148354.0,1708.0,13530,30,030 CATES C,67,GWINNETT,135,829.0,67276.0,
5184786.0,1748.0,13570,70,070 GOODWINS B,67,GWINNETT,135,873.0,98960.0,white
5184832.0,1704.0,13526,26,026 HOG MOUNTAIN A,67,GWINNETT,135,824.0,79532.0,white
5184887.0,1709.0,13531,31,031 HOG MOUNTAIN D,67,GWINNETT,135,830.0,84718.0,white
5184936.0,1814.0,135136,136,136 HOG MOUNTAIN C,67,GWINNETT,135,790.0,75888.0,white
5184992.0,1745.0,13567,67,067 PUCKETTS E,67,GWINNETT,135,869.0,86443.0,white
5185050.0,1749.0,13571,71,071 LAWRENCEVILLE F,67,GWINNETT,135,874.0,74203.0,
5185102.0,1822.0,135144,144,144 LAWRENCEVILLE M,67,GWINNETT,135,799.0,66072.0,
5185171.0,1705.0,13527,27,027 HOG MOUNTAIN B,67,GWINNETT,135,825.0,87792.0,white
5202500.0,1511.0,121RW19,RW19,RW19,60,FULTON,121,664.0,163677.0,white
5202549.0,1481.0,121ML01B,ML01B,ML01B,60,FULTON,121,635.0,165480.0,white
5202620.0,1480.0,121ML012,ML012,ML012,60,FULTON,121,634.0,154045.0,white
5202671.0,1400.0,121AP04A,AP04A,AP04A,60,FULTON,121,560.0,124588.0,white
5202735.0,1479.0,121ML011,ML011,ML011,60,FULTON,121,633.0,153817.0,white
5202879.0,1401.0,121AP04B,AP04B,AP04B,60,FULTON,121,561.0,153895.0,white
4694626.0,1250.0,12102B,02B,02B,60,FULTON,121,414.0,58125.0,
4694702.0,1297.0,12105C,05C,05C,60,FULTON,121,461.0,46713.0,black
4694737.0,1251.0,12102C,02C,02C,60,FULTON,121,415.0,28755.0,white
4694786.0,1259.0,12102L2,02L2,02L2,60,FULTON,121,423.0,88072.0,white
4694831.0,1258.0,12102L1,02L1,02L1,60,FULTON,121,422.0,53181.0,hispanic
4694889.0,1306.0,12106K,06K,06K,60,FULTON,121,470.0,52425.0,
4694929.0,1338.0,12108P,08P,08P,60,FULTON,121,501.0,75640.0,white
4694981.0,1333.0,12108K,08K,08K,60,FULTON,121,496.0,141258.0,white
4695027.0,1334.0,12108L,08L,08L,60,FULTON,121,497.0,85663.0,white
4400435.0,560.0,067FP01,FP01,FULLERS PARK 01,33,COBB,67,99.0,136145.0,white
4400504.0,644.0,067SM01,SM01,SEWELL MILL 01,33,COBB,67,183.0,114784.0,white
4400583.0,593.0,067MD01,MD01,MURDOCK 01,33,COBB,67,132.0,124587.0,white
4400643.0,613.0,067MT04,MT04,MT BETHEL 04,33,COBB,67,152.0,173161.0,white
4400698.0,548.0,067EA01,EA01,EASTSIDE 01,33,COBB,67,87.0,132482.0,white
4400759.0,542.0,067DC01,DC01,DICKERSON 01,33,COBB,67,81.0,134977.0,white
4400819.0,545.0,067DO01,DO01,DODGEN 01,33,COBB,67,84.0,125279.0,white
4406881.0,541.0,067CR01,CR01,CHESTNUT RIDGE 01,33,COBB,67,80.0,128597.0,white
4406946.0,640.0,067RW02,RW02,ROSWELL 02,33,COBB,67,179.0,153230.0,white
4407003.0,641.0,067SA01,SA01,SANDY PLAINS 01,33,COBB,67,180.0,109204.0,white
4407065.0,630.0,067PP01,PP01,POPE 01,33,COBB,67,169.0,115263.0,white
4407118.0,591.0,067MB01,MB01,MABRY 01,33,COBB,67,130.0,137690.0,white
4407159.0,547.0,067DV01,DV01,DAVIS 01,33,COBB,67,86.0,103145.0,white
4407196.0,563.0,067GM01,GM01,GARRISON MILL 01,33,COBB,67,102.0,111733.0,white
4407243.0,629.0,067PO01,PO01,POST OAK 01,33,COBB,67,168.0,137366.0,white
4407304.0,567.0,067HT01,HT01,HIGHTOWER 01,33,COBB,67,106.0,133473.0,white
4689886.0,1295.0,12105A2,05A2,05A2,60,FULTON,121,459.0,67795.0,black
4689975.0,1268.0,12103G,03G,03G,60,FULTON,121,432.0,17020.0,black
4690024.0,1277.0,12103T,03T,03T,60,FULTON,121,441.0,43261.0,black
4690086.0,1274.0,12103P2,03P2,03P2,60,FULTON,121,438.0,28561.0,black
4690125.0,1249.0,12102A,02A,02A,60,FULTON,121,413.0,52347.0,white
4690172.0,1273.0,12103P1,03P1,03P1,60,FULTON,121,437.0,55430.0,white
4690246.0,1262.0,12102X,02X,02X,60,FULTON,121,426.0,60674.0,white
5210088.0,1403.0,121AP06,AP06,AP06,60,FULTON,121,563.0,97642.0,white
5210152.0,1405.0,121AP07B,AP07B,AP07B,60,FULTON,121,565.0,129501.0,white
5210245.0,1483.0,121ML02B,ML02B,ML02B,60,FULTON,121,637.0,176259.0,white
5210305.0,1408.0,121AP10,AP10,AP10,60,FULTON,121,568.0,158669.0,white
5210355.0,1404.0,121AP07A,AP07A,AP07A,60,FULTON,121,564.0,90769.0,white
5210438.0,1485.0,121ML04,ML04,ML04,60,FULTON,121,639.0,165279.0,white
4163711.0,1370.0,12111H,11H,11H,60,FULTON,121,532.0,45824.0,black
4163774.0,1357.0,12110J,10J,10J,60,FULTON,121,519.0,29343.0,black
4163819.0,1437.0,121EP03,EP03,EP03,60,FULTON,121,591.0,49166.0,black
4163868.0,1387.0,12112L,12L,12L,60,FULTON,121,548.0,24758.0,black
4163928.0,1438.0,121EP04,EP04,EP04,60,FULTON,121,592.0,28209.0,white
4164009.0,1384.0,12112G,12G,12G,60,FULTON,121,545.0,25997.0,black
4164046.0,1380.0,12112D,12D,12D,60,FULTON,121,542.0,26172.0,black
5223283.0,1482.0,121ML02A,ML02A,ML02A,60,FULTON,121,636.0,209918.0,white
5223412.0,1484.0,121ML03,ML03,ML03,60,FULTON,121,638.0,224689.0,white
5223491.0,1488.0,121ML07A,ML07A,ML07A,60,FULTON,121,642.0,224846.0,white
4675026.0,1378.0,12112B,12B,12B,60,FULTON,121,540.0,57822.0,black
4675097.0,1389.0,12112S,12S,12S,60,FULTON,121,550.0,42937.0,black
4675132.0,1244.0,12101J,01J,01J,60,FULTON,121,408.0,33628.0,black
4675205.0,1238.0,12101C1,01C1,01C1,60,FULTON,121,402.0,37301.0,black
4675311.0,1377.0,12112A,12A,12A,60,FULTON,121,539.0,57958.0,black
4675364.0,1282.0,12104E,04E,04E,60,FULTON,121,446.0,28806.0,black
4675430.0,1284.0,12104H2,04H2,04H2,60,FULTON,121,448.0,26122.0,black
4675477.0,1280.0,12104B,04B,04B,60,FULTON,121,444.0,46607.0,black
4182724.0,1267.0,12103E,03E,03E,60,FULTON,121,431.0,21002.0,black
4182796.0,1278.0,12103U,03U,03U,60,FULTON,121,442.0,29458.0,black
4182855.0,1270.0,12103L,03L,03L,60,FULTON,121,434.0,54863.0,black
4182909.0,1271.0,12103M,03M,03M,60,FULTON,121,435.0,59903.0,white
4182966.0,1272.0,12103N,03N,03N,60,FULTON,121,436.0,33667.0,black
4183077.0,1346.0,12109G2,09G2,09G2,60,FULTON,121,508.0,75620.0,white
4183139.0,1332.0,12108J,08J,08J,60,FULTON,121,495.0,141326.0,white
5314122.0,1733.0,13555,55,055 SUGAR HILL D,67,GWINNETT,135,856.0,61732.0,white
5314281.0,1780.0,135102,102,102 PUCKETTS B,67,GWINNETT,135,753.0,82505.0,white
5308978.0,1702.0,13524,24,024 SUGAR HILL A,67,GWINNETT,135,822.0,71805.0,white
5234896.0,1487.0,121ML06,ML06,ML06,60,FULTON,121,641.0,89433.0,white
5234963.0,1486.0,121ML05,ML05,ML05,60,FULTON,121,640.0,135763.0,white
5235046.0,1402.0,121AP05,AP05,AP05,60,FULTON,121,562.0,154278.0,white
4045713.0,562.0,067FY01,FY01,FREY 01,33,COBB,67,101.0,122735.0,white
4045765.0,585.0,067LM04,LM04,LOST MOUNTAIN 04,33,COBB,67,124.0,130324.0,white
4045813.0,609.0,067MS01,MS01,MARS HILL 01,33,COBB,67,148.0,87730.0,white
4045931.0,586.0,067LW01,LW01,LEWIS 01,33,COBB,67,125.0,92366.0,white
4278274.0,569.0,067KE1A,KE1A,KENNESAW 1A,33,COBB,67,108.0,67986.0,white
4278390.0,526.0,067BG01,BG01,BIG SHANTY 01,33,COBB,67,65.0,73774.0,white
4278570.0,670.0,067WG02,WG02,WADE GREEN 02,33,COBB,67,209.0,87709.0,white
4278622.0,669.0,067WG01,WG01,WADE GREEN 01,33,COBB,67,208.0,91104.0,white
5292259.0,1819.0,135141,141,141 SUGAR HILL G,67,GWINNETT,135,796.0,115827.0,white
5292332.0,1703.0,13525,25,025 SUGAR HILL B,67,GWINNETT,135,823.0,77710.0,white
5292470.0,1767.0,13589,89,089 SUGAR HILL E,67,GWINNETT,135,893.0,90340.0,white
5292542.0,1732.0,13554,54,054 SUGAR HILL C,67,GWINNETT,135,855.0,80352.0,white
4566615.0,1490.0,121MP01,MP01,MP01,60,FULTON,121,644.0,176675.0,white
5244698.0,1489.0,121ML07B,ML07B,ML07B,60,FULTON,121,643.0,224858.0,white
5244797.0,1407.0,121AP09B,AP09B,AP09B,60,FULTON,121,567.0,123345.0,white
5278104.0,1808.0,135130,130,130 SUWANEE D,67,GWINNETT,135,784.0,115738.0,white
4651601.0,460.0,063FP4,FP4,FOREST PARK 4,31,CLAYTON,63,4.0,45909.0,black
4651678.0,457.0,063FP1,FP1,FOREST PARK 1,31,CLAYTON,63,1.0,39772.0,black
4651763.0,1455.0,121HP01,HP01,HP01,60,FULTON,121,609.0,50207.0,white
4651858.0,1381.0,12112E1,12E1,12E1,60,FULTON,121,543.0,24544.0,black
4823402.0,1312.0,12107B,07B,07B,60,FULTON,121,476.0,203391.0,white
4823480.0,1571.0,121SS10,SS10,SS10,60,FULTON,121,718.0,100160.0,white
4823562.0,1578.0,121SS13B,SS13B,SS13B,60,FULTON,121,725.0,186364.0,white
4823596.0,1575.0,121SS11D,SS11D,SS11D,60,FULTON,121,722.0,87220.0,white
4823620.0,1573.0,121SS11B,SS11B,SS11B,60,FULTON,121,720.0,87294.0,white
4823656.0,1563.0,121SS06,SS06,SS06,60,FULTON,121,710.0,66080.0,white
4823706.0,1562.0,121SS05,SS05,SS05,60,FULTON,121,709.0,59825.0,
4823749.0,1584.0,121SS18A,SS18A,SS18A,60,FULTON,121,731.0,76773.0,white
4823784.0,1594.0,121SS31,SS31,SS31,60,FULTON,121,741.0,66076.0,white
4823820.0,1560.0,121SS03,SS03,SS03,60,FULTON,121,707.0,66092.0,white
4823860.0,1577.0,121SS13A,SS13A,SS13A,60,FULTON,121,724.0,96280.0,white
4031354.0,632.0,067PS1A,PS1A,POWDER SPRINGS 1A,33,COBB,67,171.0,72739.0,white
4031518.0,634.0,067PS3A,PS3A,POWDER SPRINGS 3A,33,COBB,67,173.0,71280.0,
4031610.0,584.0,067LM03,LM03,LOST MOUNTAIN 03,33,COBB,67,123.0,121507.0,white
4031662.0,594.0,067ME01,ME01,MCEACHERN 01,33,COBB,67,133.0,74844.0,white
4039973.0,582.0,067LM01,LM01,LOST MOUNTAIN 01,33,COBB,67,121.0,111910.0,white
4040028.0,619.0,067OR01,OR01,OREGON 01,33,COBB,67,158.0,109205.0,white
4040164.0,664.0,067VA01,VA01,VAUGHAN 01,33,COBB,67,203.0,123422.0,white
4040206.0,637.0,067RR01,RR01,RED ROCK 01,33,COBB,67,176.0,125449.0,white
4040271.0,583.0,067LM02,LM02,LOST MOUNTAIN 02,33,COBB,67,122.0,142786.0,white
4040326.0,561.0,067FR01,FR01,FORD 01,33,COBB,67,100.0,142126.0,white
4040383.0,546.0,067DU01,DU01,DURHAM 01,33,COBB,67,85.0,125833.0,white
4040433.0,579.0,067KP03,KP03,KEMP 03,33,COBB,67,118.0,137711.0,white
4288287.0,654.0,067SN7B,SN7B,SMYRNA 7B,33,COBB,67,193.0,112470.0,white
4177761.0,1347.0,12109K,09K,09K,60,FULTON,121,509.0,30510.0,black
4177837.0,1349.0,12109M,09M,09M,60,FULTON,121,511.0,116890.0,white
4177872.0,1343.0,12109E,09E,09E,60,FULTON,121,506.0,39766.0,black
4177944.0,1339.0,12109A,09A,09A,60,FULTON,121,502.0,92584.0,
4178004.0,1263.0,12103A,03A,03A,60,FULTON,121,427.0,30253.0,black
4178070.0,1266.0,12103D,03D,03D,60,FULTON,121,430.0,27475.0,black
4178125.0,1264.0,12103B,03B,03B,60,FULTON,121,428.0,29368.0,black
4178159.0,1275.0,12103R,03R,03R,60,FULTON,121,439.0,39493.0,black
4049866.0,519.0,067AC1A,AC1A,ACWORTH 1A,33,COBB,67,58.0,89520.0,white
4053113.0,520.0,067AC1B,AC1B,ACWORTH 1B,33,COBB,67,59.0,52656.0,white
4090211.0,625.0,067PE01,PE01,PEBBLEBROOK 01,33,COBB,67,164.0,52855.0,black
4090293.0,588.0,067MA02,MA02,MABLETON 02,33,COBB,67,127.0,55164.0,black
4090452.0,532.0,067BT02,BT02,BRYANT 02,33,COBB,67,71.0,42908.0,black
4090529.0,638.0,067RS01,RS01,RIVERSIDE 01,33,COBB,67,177.0,52382.0,black
4154062.0,581.0,067LI01,LI01,LINDLEY 01,33,COBB,67,120.0,135298.0,white
4154228.0,1352.0,12110D,10D,10D,60,FULTON,121,514.0,28495.0,black
4154291.0,1353.0,12110E,10E,10E,60,FULTON,121,515.0,35188.0,black
4154336.0,1360.0,12110P,10P,10P,60,FULTON,121,522.0,31346.0,black
4154369.0,1341.0,12109C,09C,09C,60,FULTON,121,504.0,42863.0,black
4154416.0,1340.0,12109B,09B,09B,60,FULTON,121,503.0,32759.0,black
4078786.0,1601.0,121UC02B,UC02B,UC02B,60,FULTON,121,745.0,98982.0,black
4078842.0,1522.0,121SC05B,SC05B,SC05B,60,FULTON,121,673.0,96073.0,black
4078947.0,1527.0,121SC08C,SC08C,SC08C,60,FULTON,121,676.0,57699.0,black
4078967.0,1544.0,121SC18B,SC18B,SC18B,60,FULTON,121,692.0,100837.0,black
4195314.0,538.0,067CL01,CL01,CLARKDALE 01,33,COBB,67,77.0,64970.0,black
4195428.0,633.0,067PS2A,PS2A,POWDER SPRINGS 2A,33,COBB,67,172.0,66110.0,
4195510.0,540.0,067CO01,CO01,COOPER 01,33,COBB,67,79.0,67193.0,black
4195617.0,592.0,067MC01,MC01,MACLAND 01,33,COBB,67,131.0,71150.0,
4195687.0,623.0,067OR05,OR05,OREGON 05,33,COBB,67,162.0,100999.0,white
4229032.0,621.0,067OR03,OR03,OREGON 03,33,COBB,67,160.0,55770.0,
4229247.0,566.0,067HR01,HR01,HARRISON 01,33,COBB,67,105.0,134778.0,white
4229306.0,577.0,067KP01,KP01,KEMP 01,33,COBB,67,116.0,128193.0,white
4229347.0,596.0,067ML01,ML01,MCCLURE 01,33,COBB,67,135.0,93575.0,white
4206469.0,530.0,067BR02,BR02,BIRNEY 02,33,COBB,67,69.0,86068.0,white
4206531.0,529.0,067BR01,BR01,BIRNEY 01,33,COBB,67,68.0,77787.0,
4206585.0,589.0,067MA03,MA03,MABLETON 03,33,COBB,67,128.0,100218.0,white
4206676.0,590.0,067MA04,MA04,MABLETON 04,33,COBB,67,129.0,96620.0,white
4024440.0,658.0,067SW01,SW01,SWEETWATER 01,33,COBB,67,197.0,74956.0,
4024539.0,539.0,067CL02,CL02,CLARKDALE 02,33,COBB,67,78.0,68217.0,black
4065532.0,1537.0,121SC13B,SC13B,SC13B,60,FULTON,121,686.0,47825.0,white
4065643.0,1521.0,121SC05A,SC05A,SC05A,60,FULTON,121,672.0,57790.0,white
4065678.0,1536.0,121SC13A,SC13A,SC13A,60,FULTON,121,685.0,47676.0,white
4188788.0,523.0,067AU1A,AU1A,AUSTELL 1A,33,COBB,67,62.0,61033.0,black
4247668.0,614.0,067NC01,NC01,NORTH COBB 01,33,COBB,67,153.0,76091.0,white
4144157.0,1365.0,12111C,11C,11C,60,FULTON,121,527.0,63953.0,black
4144236.0,1555.0,121SC30A,SC30A,SC30A,60,FULTON,121,702.0,70808.0,black
4144260.0,1350.0,12110A,10A,10A,60,FULTON,121,512.0,36567.0,black
4144307.0,1351.0,12110C,10C,10C,60,FULTON,121,513.0,31080.0,black
4144338.0,1374.0,12111N,11N,11N,60,FULTON,121,536.0,55476.0,black
4144396.0,1373.0,12111M,11M,11M,60,FULTON,121,535.0,58843.0,black
4144455.0,1556.0,121SC30B,SC30B,SC30B,60,FULTON,121,703.0,62669.0,black
4144512.0,1358.0,12110L,10L,10L,60,FULTON,121,520.0,71380.0,black
4144584.0,1361.0,12110R,10R,10R,60,FULTON,121,523.0,29417.0,black
4144613.0,1362.0,12111A1,11A1,11A1,60,FULTON,121,524.0,71364.0,black
4144652.0,1363.0,12111A2,11A2,11A2,60,FULTON,121,525.0,71195.0,black
4148081.0,1356.0,12110H,10H,10H,60,FULTON,121,518.0,33196.0,black
4148125.0,1538.0,121SC14,SC14,SC14,60,FULTON,121,687.0,37592.0,black
4148208.0,565.0,067HL01,HL01,HARMONY-LELAND 01,33,COBB,67,104.0,75094.0,
4138634.0,1439.0,121EP05,EP05,EP05,60,FULTON,121,593.0,44934.0,
4138809.0,1364.0,12111B,11B,11B,60,FULTON,121,526.0,72057.0,black
4084733.0,1518.0,121SC01B,SC01B,SC01B,60,FULTON,121,669.0,91980.0,black
4084838.0,1519.0,121SC02,SC02,SC02,60,FULTON,121,670.0,70499.0,black
4084888.0,1539.0,121SC16,SC16,SC16,60,FULTON,121,688.0,87817.0,black
4084947.0,531.0,067BT01,BT01,BRYANT 01,33,COBB,67,70.0,52106.0,black
4159044.0,1348.0,12109L,09L,09L,60,FULTON,121,510.0,35429.0,black
4159114.0,1435.0,121EP01A,EP01A,EP01A,60,FULTON,121,589.0,25248.0,black
4159152.0,1436.0,121EP01B,EP01B,EP01B,60,FULTON,121,590.0,25260.0,black
4159209.0,1376.0,12111R,11R,11R,60,FULTON,121,538.0,25939.0,black
4159257.0,1372.0,12111K,11K,11K,60,FULTON,121,534.0,42834.0,black
4159310.0,1444.0,121EP07B,EP07B,EP07B,60,FULTON,121,598.0,49154.0,black
4159364.0,1369.0,12111G,11G,11G,60,FULTON,121,531.0,26855.0,black
4159409.0,1355.0,12110G,10G,10G,60,FULTON,121,517.0,39498.0,black
4112816.0,1447.0,121EP08D,EP08D,EP08D,60,FULTON,121,601.0,40148.0,black
4112895.0,1546.0,121SC19B,SC19B,SC19B,60,FULTON,121,694.0,48870.0,black
4112988.0,1445.0,121EP08A,EP08A,EP08A,60,FULTON,121,599.0,47158.0,black
4113095.0,1424.0,121CP051,CP051,CP051,60,FULTON,121,582.0,52339.0,black
4113145.0,1428.0,121CP07A,CP07A,CP07A,60,FULTON,121,585.0,37011.0,black
4113181.0,1375.0,12111P,11P,11P,60,FULTON,121,537.0,43818.0,black
4113237.0,1451.0,121EP11A,EP11A,EP11A,60,FULTON,121,605.0,51168.0,black
4113290.0,1449.0,121EP10A,EP10A,EP10A,60,FULTON,121,603.0,54577.0,black
4107694.0,1540.0,121SC17A,SC17A,SC17A,60,FULTON,121,689.0,53486.0,black
4107716.0,1542.0,121SC17C,SC17C,SC17C,60,FULTON,121,690.0,41221.0,black
4107766.0,1545.0,121SC19A,SC19A,SC19A,60,FULTON,121,693.0,40996.0,black
4107817.0,1446.0,121EP08B,EP08B,EP08B,60,FULTON,121,600.0,53596.0,black
4107939.0,1543.0,121SC18A,SC18A,SC18A,60,FULTON,121,691.0,58629.0,black
4107982.0,1368.0,12111E3,11E3,11E3,60,FULTON,121,530.0,53405.0,black
4108039.0,1366.0,12111E1,11E1,11E1,60,FULTON,121,528.0,56967.0,black
4108095.0,1367.0,12111E2,11E2,11E2,60,FULTON,121,529.0,57014.0,black
4128740.0,1426.0,121CP05B,CP05B,CP05B,60,FULTON,121,583.0,37025.0,black
4128770.0,1429.0,121CP07B,CP07B,CP07B,60,FULTON,121,586.0,37009.0,black
4128811.0,1423.0,121CP04,CP04,CP04,60,FULTON,121,581.0,37886.0,black
4128861.0,1452.0,121EP11B,EP11B,EP11B,60,FULTON,121,606.0,53675.0,black
4128892.0,1420.0,121CP012,CP012,CP012,60,FULTON,121,578.0,39393.0,black
4128965.0,1440.0,121EP06A,EP06A,EP06A,60,FULTON,121,594.0,40551.0,black
4129036.0,1441.0,121EP06B,EP06B,EP06B,60,FULTON,121,595.0,49869.0,black
4129073.0,1448.0,121EP09,EP09,EP09,60,FULTON,121,602.0,33679.0,black
4129124.0,1419.0,121CP011,CP011,CP011,60,FULTON,121,577.0,39629.0,black
4129179.0,1443.0,121EP072,EP072,EP072,60,FULTON,121,597.0,47214.0,black
4072282.0,1600.0,121UC02A,UC02A,UC02A,60,FULTON,121,744.0,64456.0,black
4072557.0,1525.0,121SC08A,SC08A,SC08A,60,FULTON,121,,,
4072573.0,1530.0,121SC08F,SC08F,SC08F,60,FULTON,121,679.0,52244.0,black
4167952.0,1379.0,12112C,12C,12C,60,FULTON,121,541.0,42905.0,black
4168034.0,1288.0,12104S,04S,04S,60,FULTON,121,452.0,49427.0,black
4168092.0,1292.0,12104X1,04X1,04X1,60,FULTON,121,456.0,32922.0,black
4168169.0,1287.0,12104M,04M,04M,60,FULTON,121,451.0,18042.0,black
4168203.0,1289.0,12104T,04T,04T,60,FULTON,121,453.0,32641.0,black
4168253.0,1359.0,12110M,10M,10M,60,FULTON,121,521.0,32980.0,black
4168310.0,1293.0,12104X2,04X2,04X2,60,FULTON,121,457.0,33960.0,black
4168365.0,1286.0,12104L,04L,04L,60,FULTON,121,450.0,35896.0,black
4168407.0,1281.0,12104D,04D,04D,60,FULTON,121,445.0,34093.0,black
4172637.0,1283.0,12104G,04G,04G,60,FULTON,121,447.0,37869.0,black
4172683.0,1279.0,12104A,04A,04A,60,FULTON,121,443.0,28338.0,black
4172738.0,1285.0,12104K,04K,04K,60,FULTON,121,449.0,35492.0,black
4172787.0,1291.0,12104W,04W,04W,60,FULTON,121,455.0,47639.0,black
4172821.0,1354.0,12110F,10F,10F,60,FULTON,121,516.0,42864.0,black
4172863.0,1276.0,12103S,03S,03S,60,FULTON,121,440.0,33889.0,black
4172929.0,1342.0,12109D,09D,09D,60,FULTON,121,505.0,27260.0,black
4173001.0,1265.0,12103C,03C,03C,60,FULTON,121,429.0,33826.0,black
4173053.0,1269.0,12103H,03H,03H,60,FULTON,121,433.0,33869.0,black
4316906.0,559.0,067FO05,FO05,FAIR OAKS 05,33,COBB,67,98.0,39693.0,
4316968.0,647.0,067SN2A,SN2A,SMYRNA 2A,33,COBB,67,186.0,69474.0,white
4325791.0,597.0,067MR1A,MR1A,MARIETTA 1A,33,COBB,67,136.0,47238.0,
4217020.0,558.0,067FO04,FO04,FAIR OAKS 04,33,COBB,67,97.0,44584.0,
4217103.0,599.0,067MR2B,MR2B,MARIETTA 2B,33,COBB,67,138.0,63486.0,
4212042.0,616.0,067NP01,NP01,NORTON PARK 01,33,COBB,67,155.0,79171.0,
4212198.0,556.0,067FO01,FO01,FAIR OAKS 01,33,COBB,67,95.0,59842.0,
4212272.0,598.0,067MR2A,MR2A,MARIETTA 2A,33,COBB,67,137.0,87329.0,white
4212317.0,557.0,067FO02,FO02,FAIR OAKS 02,33,COBB,67,96.0,52895.0,
4334522.0,608.0,067MR7A,MR7A,MARIETTA 7A,33,COBB,67,147.0,45513.0,
4314405.0,543.0,067DI01,DI01,DOBBINS 01,33,COBB,67,82.0,50714.0,
4366563.0,605.0,067MR5B,MR5B,MARIETTA 5B,33,COBB,67,144.0,67550.0,white
4386620.0,660.0,067SY01,SY01,SPRAYBERRY 01,33,COBB,67,199.0,78167.0,white
4386675.0,554.0,067EL05,EL05,ELIZABETH 05,33,COBB,67,93.0,102537.0,white
4386731.0,524.0,067BF02,BF02,BELLS FERRY 02,33,COBB,67,63.0,82760.0,white
4386791.0,533.0,067BW01,BW01,BLACKWELL 01,33,COBB,67,72.0,86462.0,white
4386851.0,564.0,067GT01,GT01,GRITTERS 01,33,COBB,67,103.0,84035.0,white
4386928.0,595.0,067MK01,MK01,MCCLESKEY 01,33,COBB,67,134.0,106040.0,white
4386988.0,617.0,067NS01,NS01,NICHOLSON 01,33,COBB,67,156.0,102061.0,white
4393605.0,522.0,067AD01,AD01,ADDISON 01,33,COBB,67,61.0,90413.0,white
4393649.0,643.0,067SI01,SI01,SIMPSON 01,33,COBB,67,182.0,107092.0,white
4393699.0,580.0,067LA01,LA01,LASSITER 01,33,COBB,67,119.0,120011.0,white
4393786.0,576.0,067KL01,KL01,KELL 01,33,COBB,67,115.0,93125.0,white
4393835.0,636.0,067RM01,RM01,ROCKY MOUNT 01,33,COBB,67,175.0,104885.0,white
4393902.0,549.0,067EA02,EA02,EASTSIDE 02,33,COBB,67,88.0,98963.0,white
4393985.0,655.0,067SO01,SO01,SOPE CREEK 01,33,COBB,67,194.0,140325.0,white
4237060.0,568.0,067HY01,HY01,HAYES 01,33,COBB,67,107.0,93892.0,white
4237177.0,628.0,067PM02,PM02,PINE MOUNTAIN 02,33,COBB,67,167.0,101554.0,white
4237298.0,535.0,067CH02,CH02,CHEATHAM HILL 02,33,COBB,67,74.0,106103.0,white
4237380.0,603.0,067MR4C,MR4C,MARIETTA 4C,33,COBB,67,142.0,89728.0,white
4291204.0,653.0,067SN7A,SN7A,SMYRNA 7A,33,COBB,67,192.0,100595.0,white
4291287.0,650.0,067SN4A,SN4A,SMYRNA 4A,33,COBB,67,189.0,84256.0,white
4306168.0,651.0,067SN5A,SN5A,SMYRNA 5A,33,COBB,67,190.0,52909.0,
4306305.0,649.0,067SN3A,SN3A,SMYRNA 3A,33,COBB,67,188.0,59765.0,
4340954.0,606.0,067MR6A,MR6A,MARIETTA 6A,33,COBB,67,145.0,50920.0,
4341145.0,626.0,067PF01,PF01,POWERS FERRY 01,33,COBB,67,165.0,75342.0,white
4282820.0,527.0,067BG02,BG02,BIG SHANTY 02,33,COBB,67,66.0,104425.0,white
4282885.0,635.0,067PT01,PT01,PITNER 01,33,COBB,67,174.0,116557.0,white
4282941.0,537.0,067CK01,CK01,CHALKER 01,33,COBB,67,76.0,53513.0,white
4283015.0,631.0,067PR01,PR01,PALMER 01,33,COBB,67,170.0,80910.0,white
4283069.0,525.0,067BF03,BF03,BELLS FERRY 03,33,COBB,67,64.0,80591.0,white
4272364.0,550.0,067EL01,EL01,ELIZABETH 01,33,COBB,67,89.0,67155.0,white
4272582.0,555.0,067EP01,EP01,EAST PIEDMONT 01,33,COBB,67,94.0,61055.0,white
4265038.0,602.0,067MR4B,MR4B,MARIETTA 4B,33,COBB,67,141.0,66129.0,white
4201863.0,578.0,067KP02,KP02,KEMP 02,33,COBB,67,117.0,101368.0,white
4201915.0,622.0,067OR04,OR04,OREGON 04,33,COBB,67,161.0,71549.0,black
4201965.0,544.0,067DL01,DL01,DOWELL 01,33,COBB,67,83.0,103056.0,white
4202013.0,620.0,067OR02,OR02,OREGON 02,33,COBB,67,159.0,79154.0,
4202084.0,536.0,067CH03,CH03,CHEATHAM HILL 03,33,COBB,67,75.0,96701.0,white
4202143.0,587.0,067MA01,MA01,MABLETON 01,33,COBB,67,126.0,73757.0,white
4202235.0,659.0,067SW02,SW02,SWEETWATER 02,33,COBB,67,198.0,53456.0,black
4202289.0,624.0,067OR06,OR06,OREGON 06,33,COBB,67,163.0,84655.0,
4220585.0,600.0,067MR3A,MR3A,MARIETTA 3A,33,COBB,67,139.0,52952.0,
4261409.0,570.0,067KE2A,KE2A,KENNESAW 2A,33,COBB,67,109.0,87964.0,white
4261520.0,601.0,067MR4A,MR4A,MARIETTA 4A,33,COBB,67,140.0,90286.0,white
4242540.0,627.0,067PM01,PM01,PINE MOUNTAIN 01,33,COBB,67,166.0,118961.0,white
4242612.0,571.0,067KE2B,KE2B,KENNESAW 2B,33,COBB,67,110.0,88519.0,white
4242758.0,610.0,067MS02,MS02,MARS HILL 02,33,COBB,67,149.0,93555.0,white
4257350.0,572.0,067KE3A,KE3A,KENNESAW 3A,33,COBB,67,111.0,72716.0,white
4257460.0,575.0,067KE5B,KE5B,KENNESAW 5B,33,COBB,67,114.0,86661.0,white
4257520.0,528.0,067BK01,BK01,BAKER 01,33,COBB,67,67.0,86559.0,white
4252617.0,521.0,067AC1C,AC1C,ACWORTH 1C,33,COBB,67,60.0,74406.0,white
4252767.0,574.0,067KE5A,KE5A,KENNESAW 5A,33,COBB,67,113.0,80916.0,white
4252826.0,573.0,067KE4A,KE4A,KENNESAW 4A,33,COBB,67,112.0,68286.0,white
4328820.0,648.0,067SN2B,SN2B,SMYRNA 2B,33,COBB,67,187.0,52466.0,
4328879.0,646.0,067SN1A,SN1A,SMYRNA 1A,33,COBB,67,185.0,63204.0,
4296118.0,618.0,067OK01,OK01,OAKDALE 01,33,COBB,67,157.0,111189.0,white
4296306.0,615.0,067NJ01,NJ01,NICKAJACK 01,33,COBB,67,154.0,100851.0,white
4301515.0,652.0,067SN6A,SN6A,SMYRNA 6A,33,COBB,67,191.0,102150.0,white
4301657.0,667.0,067VG03,VG03,VININGS 03,33,COBB,67,206.0,98813.0,white
4301739.0,666.0,067VG02,VG02,VININGS 02,33,COBB,67,205.0,78413.0,white
4380519.0,553.0,067EL04,EL04,ELIZABETH 04,33,COBB,67,92.0,67129.0,white
4380640.0,645.0,067SM03,SM03,SEWELL MILL 03,33,COBB,67,184.0,78484.0,white
4380772.0,552.0,067EL03,EL03,ELIZABETH 03,33,COBB,67,91.0,92987.0,white
4372752.0,607.0,067MR6B,MR6B,MARIETTA 6B,33,COBB,67,146.0,78340.0,white
4372940.0,551.0,067EL02,EL02,ELIZABETH 02,33,COBB,67,90.0,64370.0,white
5089338.0,1711.0,13533,33,033 BERKSHIRE E,67,GWINNETT,135,832.0,97291.0,white
5089390.0,1770.0,13592,92,092 BERKSHIRE J,67,GWINNETT,135,897.0,101058.0,white
5089455.0,1727.0,13549,49,049 GARNERS C,67,GWINNETT,135,849.0,78828.0,white
5089526.0,1692.0,13514,14,014 GARNERS A,67,GWINNETT,135,794.0,109540.0,white
5089584.0,1723.0,13545,45,045 GARNERS B,67,GWINNETT,135,845.0,82831.0,black
5089662.0,1710.0,13532,32,032 BERKSHIRE D,67,GWINNETT,135,831.0,94291.0,white
5089722.0,1689.0,13511,11,011 BERKSHIRE A,67,GWINNETT,135,761.0,53987.0,
5097021.0,1798.0,135120,120,120 BERKSHIRE P,67,GWINNETT,135,773.0,57779.0,
5097072.0,1787.0,135109,109,109 BERKSHIRE M,67,GWINNETT,135,760.0,94994.0,white
5097137.0,1752.0,13574,74,074 PINCKNEYVILLE Q,67,GWINNETT,135,877.0,46831.0,hispanic
5097171.0,1781.0,135103,103,103 BERKSHIRE L,67,GWINNETT,135,754.0,48718.0,
5097226.0,1764.0,13586,86,086 MARTINS F,67,GWINNETT,135,890.0,48560.0,
5097270.0,1712.0,13534,34,034 BERKSHIRE F,67,GWINNETT,135,833.0,51189.0,
5097337.0,1797.0,135119,119,119 BERKSHIRE O,67,GWINNETT,135,771.0,78935.0,white
5097406.0,1697.0,13519,19,019 MARTINS C,67,GWINNETT,135,816.0,62851.0,
5097458.0,1721.0,13543,43,043 MARTINS D,67,GWINNETT,135,843.0,52832.0,
5104431.0,1794.0,135116,116,116 MARTINS I,67,GWINNETT,135,768.0,64007.0,
5104484.0,1795.0,135117,117,117 MARTINS J,67,GWINNETT,135,769.0,51587.0,
5104535.0,1766.0,13588,88,088 ROCKBRIDGE E,67,GWINNETT,135,892.0,59439.0,black
5104601.0,1747.0,13569,69,069 CATES J,67,GWINNETT,135,871.0,105599.0,white
5104660.0,1714.0,13536,36,036 CATES E,67,GWINNETT,135,835.0,101530.0,white
5104722.0,1785.0,135107,107,107 CATES O,67,GWINNETT,135,758.0,97552.0,white
5104775.0,1713.0,13535,35,035 CATES D,67,GWINNETT,135,834.0,93797.0,white
5104856.0,1722.0,13544,44,044 ROCKBRIDGE B,67,GWINNETT,135,844.0,71221.0,
4782490.0,951.0,089RG,RG,ROWLAND ELEM,44,DEKALB,89,353.0,41575.0,black
4782565.0,855.0,089DE,DE,DUNAIRE ELEM,44,DEKALB,89,257.0,57608.0,black
4782614.0,809.0,089AA,AA,ALLGOOD ELEM,44,DEKALB,89,211.0,66634.0,black
4782669.0,888.0,089IB,IB,INDIAN CREEK ELEM,44,DEKALB,89,290.0,39156.0,black
4782734.0,840.0,089CK,CK,CLARKSTON,44,DEKALB,89,241.0,37205.0,black
4782801.0,916.0,089MN,MN,MEMORIAL SOUTH,44,DEKALB,89,319.0,44608.0,black
4782844.0,915.0,089MM,MM,MEMORIAL NORTH,44,DEKALB,89,318.0,43251.0,black
5118841.0,1746.0,13568,68,068 CATES I,67,GWINNETT,135,870.0,101637.0,white
5118917.0,1771.0,13593,93,093 CATES M,67,GWINNETT,135,898.0,110303.0,white
5118983.0,1805.0,135127,127,127 LAWRENCEVILLE J,67,GWINNETT,135,780.0,60025.0,
5119022.0,1696.0,13518,18,018 MARTINS B,67,GWINNETT,135,815.0,62505.0,
5119089.0,1762.0,13584,84,084 LAWRENCEVILLE G,67,GWINNETT,135,888.0,78529.0,
5119161.0,1828.0,135150,150,150 DULUTH K,67,GWINNETT,135,806.0,36356.0,hispanic
4816914.0,1315.0,12107E,07E,07E,60,FULTON,121,479.0,89742.0,white
4816995.0,1316.0,12107F,07F,07F,60,FULTON,121,480.0,101110.0,white
4817058.0,1314.0,12107D,07D,07D,60,FULTON,121,478.0,121570.0,white
4817134.0,1322.0,12107N,07N,07N,60,FULTON,121,486.0,63528.0,
4817178.0,1321.0,12107M,07M,07M,60,FULTON,121,485.0,85750.0,white
4817239.0,1311.0,12107A,07A,07A,60,FULTON,121,475.0,158632.0,white
4817319.0,1313.0,12107C,07C,07C,60,FULTON,121,477.0,163819.0,white
4957180.0,1718.0,13540,40,040 PINCKNEYVILLE H,67,GWINNETT,135,840.0,92971.0,white
4957283.0,1469.0,121JC12,JC12,JC12,60,FULTON,121,623.0,189617.0,white
4957347.0,1777.0,13599,99,099 PINCKNEYVILLE T,67,GWINNETT,135,904.0,63536.0,
4957414.0,1735.0,13557,57,057 DULUTH D,67,GWINNETT,135,858.0,64783.0,
4957523.0,1760.0,13582,82,082 DULUTH E,67,GWINNETT,135,886.0,70429.0,white
4805843.0,942.0,089PH,PH,PANOLA,44,DEKALB,89,344.0,70298.0,black
4805912.0,969.0,089SK,SK,SHADOW ROCK ELEM,44,DEKALB,89,371.0,73972.0,black
4805962.0,974.0,089SP,SP,STONE MOUNTAIN CHAMPION,44,DEKALB,89,376.0,51328.0,black
4806038.0,975.0,089SQ,SQ,STONE MOUNTAIN LIBRARY,44,DEKALB,89,377.0,66478.0,black
4806117.0,1331.0,12108H,08H,08H,60,FULTON,121,494.0,244797.0,white
4800881.0,880.0,089HA,HA,HAMBRICK ELEM,44,DEKALB,89,282.0,47897.0,black
4800943.0,949.0,089RE,RE,ROCKBRIDGE ELEM,44,DEKALB,89,351.0,43103.0,black
4801025.0,968.0,089SJ,SJ,STONE MILL ELEM,44,DEKALB,89,370.0,42254.0,black
4801104.0,903.0,089MA,MA,MILLER-ELDRIDGE L. MILLER ELEM,44,DEKALB,89,306.0,66879.0,black
4801156.0,979.0,089SU,SU,SOUTH HAIRSTON,44,DEKALB,89,381.0,66453.0,black
5154792.0,1688.0,13510,10,010 CATES A,67,GWINNETT,135,750.0,93628.0,white
5154861.0,1759.0,13581,81,081 CATES L,67,GWINNETT,135,885.0,63429.0,white
5154929.0,1834.0,135156,156,156 BAYCREEK J,67,GWINNETT,135,812.0,80577.0,
5154989.0,1719.0,13541,41,041 BAYCREEK B,67,GWINNETT,135,841.0,81582.0,
5155059.0,1812.0,135134,134,134 BAYCREEK F,67,GWINNETT,135,788.0,78092.0,white
5155140.0,1772.0,13594,94,094 CATES N,67,GWINNETT,135,899.0,100110.0,white
5155203.0,1683.0,1355,5,005 BAYCREEK A,67,GWINNETT,135,850.0,90168.0,white
5072801.0,1782.0,135104,104,104 ROCKBRIDGE F,67,GWINNETT,135,755.0,82116.0,black
5072867.0,1754.0,13576,76,076 ROCKBRIDGE D,67,GWINNETT,135,879.0,82166.0,black
4993572.0,926.0,089MZ,MZ,MILLER GROVE HIGH,44,DEKALB,89,329.0,39791.0,black
4993610.0,901.0,089LH,LH,LITHONIA HIGH,44,DEKALB,89,304.0,51704.0,black
4993663.0,952.0,089RH,RH,REDAN-TROTTI LIBRARY,44,DEKALB,89,354.0,51345.0,black
4993716.0,989.0,089WD,WD,WOODROW ROAD,44,DEKALB,89,391.0,51989.0,black
4993768.0,899.0,089LD,LD,LITHONIA,44,DEKALB,89,302.0,49929.0,black
4789010.0,988.0,089WB,WB,WESLEY CHAPEL LIBRARY,44,DEKALB,89,390.0,64478.0,black
4789062.0,977.0,089SS,SS,SNAPFINGER ROAD SOUTH,44,DEKALB,89,379.0,64201.0,black
4789131.0,908.0,089MF,MF,MCWILLIAMS,44,DEKALB,89,311.0,63778.0,black
4789173.0,911.0,089MI,MI,MILLER GROVE MIDDLE,44,DEKALB,89,314.0,50587.0,black
4789217.0,828.0,089BM,BM,BETHUNE MIDDLE,44,DEKALB,89,229.0,53927.0,black
4789268.0,845.0,089CP,CP,CROSSROADS,44,DEKALB,89,246.0,60668.0,black
4789330.0,866.0,089FA,FA,FAIRINGTON ELEM,44,DEKALB,89,268.0,43607.0,black
4789371.0,945.0,089PR,PR,PANOLA ROAD,44,DEKALB,89,347.0,39733.0,black
4789413.0,943.0,089PI,PI,PANOLA WAY ELEM,44,DEKALB,89,345.0,65050.0,black
4789460.0,997.0,089YA,YA,YOUNG ROAD,44,DEKALB,89,399.0,65186.0,black
4709823.0,1320.0,12107K2,07K2,07K2,60,FULTON,121,484.0,71451.0,white
4709861.0,1310.0,12106S,06S,06S,60,FULTON,121,474.0,57521.0,white
4709938.0,1304.0,12106H,06H,06H,60,FULTON,121,468.0,58138.0,white
4709985.0,2913.0,12106D,06D,06D,60,FULTON,121,464.0,68085.0,white
4710056.0,904.0,089MB,MB,MCNAIR HIGH,44,DEKALB,89,307.0,62918.0,black
4710122.0,914.0,089ML,ML,MEADOWVIEW ELEM,44,DEKALB,89,317.0,50180.0,black
4710204.0,877.0,089GC,GC,GRESHAM ROAD,44,DEKALB,89,279.0,52547.0,black
4795740.0,957.0,089RM,RM,REDAN MIDDLE,44,DEKALB,89,359.0,52449.0,black
4795811.0,905.0,089MC,MC,MARBUT ELEM,44,DEKALB,89,308.0,51877.0,black
4795858.0,955.0,089RK,RK,REDAN ROAD,44,DEKALB,89,357.0,55881.0,black
4795910.0,991.0,089WG,WG,WOODRIDGE ELEM,44,DEKALB,89,393.0,48170.0,black
4795963.0,954.0,089RJ,RJ,ROWLAND ROAD,44,DEKALB,89,356.0,66495.0,black
4796015.0,994.0,089WK,WK,WHITE OAK,44,DEKALB,89,396.0,50397.0,black
4796055.0,874.0,089FM,FM,FREEDOM MIDDLE,44,DEKALB,89,276.0,62286.0,black
4796131.0,939.0,089PE,PE,PINE LAKE,44,DEKALB,89,341.0,46274.0,black
4893029.0,1392.0,121AP01B,AP01B,AP01B,60,FULTON,121,553.0,84740.0,white
4893065.0,972.0,089SN,SN,SHAMROCK,44,DEKALB,89,374.0,68433.0,white
4893107.0,930.0,089ND,ND,NORTHLAKE,44,DEKALB,89,332.0,107054.0,white
4893169.0,820.0,089BD,BD,BRIARLAKE ELEM,44,DEKALB,89,221.0,144593.0,white
4893248.0,948.0,089RD,RD,REHOBOTH,44,DEKALB,89,350.0,91738.0,white
4893318.0,992.0,089WI,WI,WARREN TECH,44,DEKALB,89,394.0,59607.0,
4897882.0,925.0,089MW,MW,MIDVALE ROAD,44,DEKALB,89,328.0,99706.0,white
4897959.0,882.0,089HC,HC,HENDERSON MILL ELEM,44,DEKALB,89,284.0,87707.0,white
4898018.0,913.0,089MK,MK,MONTREAL,44,DEKALB,89,316.0,74627.0,white
4898070.0,890.0,089JB,JB,JOLLY ELEM,44,DEKALB,89,292.0,37887.0,black
4898136.0,887.0,089IA,IA,IDLEWOOD ELEM,44,DEKALB,89,289.0,64808.0,black
4898190.0,824.0,089BH,BH,BROCKETT,44,DEKALB,89,225.0,68763.0,white
4761101.0,894.0,089KD,KD,KING-ML KING JR HIGH,44,DEKALB,89,296.0,76990.0,black
4761166.0,826.0,089BJ,BJ,BROWNS MILL ELEM,44,DEKALB,89,227.0,66160.0,black
4761225.0,971.0,089SM,SM,SALEM MIDDLE,44,DEKALB,89,373.0,64177.0,black
4761290.0,924.0,089MV,MV,MILLER GROVE ROAD,44,DEKALB,89,327.0,67805.0,black
4761331.0,832.0,089CC,CC,COLUMBIA ELEM,44,DEKALB,89,233.0,38155.0,black
4761371.0,873.0,089FL,FL,FLAT SHOALS LIBRARY,44,DEKALB,89,275.0,54807.0,black
4840702.0,964.0,089SF,SF,SKYLAND,44,DEKALB,89,366.0,81275.0,hispanic
4840776.0,810.0,089AB,AB,ASHFORD PARK ELEM,44,DEKALB,89,212.0,98570.0,white
4840834.0,932.0,089OA,OA,OAK GROVE ELEM,44,DEKALB,89,334.0,93011.0,white
4840889.0,851.0,089CW,CW,CORALWOOD,44,DEKALB,89,253.0,98598.0,white
4840956.0,959.0,089SA,SA,SAGAMORE HILLS ELEM,44,DEKALB,89,361.0,139829.0,white
4841024.0,896.0,089LA,LA,LAKESIDE HIGH,44,DEKALB,89,299.0,117208.0,white
4841098.0,854.0,089DC,DC,DRESDEN ELEM,44,DEKALB,89,256.0,55970.0,hispanic
4913400.0,940.0,089PF,PF,PLEASANTDALE ELEM,44,DEKALB,89,342.0,42807.0,hispanic
4913455.0,1744.0,13566,66,066 PINCKNEYVILLE O,67,GWINNETT,135,868.0,41693.0,hispanic
4913519.0,1716.0,13538,38,038 PINCKNEYVILLE F,67,GWINNETT,135,837.0,45143.0,hispanic
4913598.0,1737.0,13559,59,059 PINCKNEYVILLE N,67,GWINNETT,135,860.0,42146.0,
4913685.0,929.0,089NC,NC,NORTH HAIRSTON,44,DEKALB,89,331.0,67422.0,black
4730557.0,819.0,089BC,BC,BRIAR VISTA ELEM,44,DEKALB,89,220.0,77634.0,white
4730624.0,858.0,089DH,DH,DRUID HILLS HIGH,44,DEKALB,89,260.0,121663.0,white
4730681.0,865.0,089ER,ER,EMORY ROAD,44,DEKALB,89,267.0,63064.0,white
4730720.0,897.0,089LB,LB,LAVISTA ROAD,44,DEKALB,89,300.0,80141.0,white
4730793.0,934.0,089OK,OK,OAKHURST,44,DEKALB,89,336.0,100216.0,white
4730871.0,958.0,089RN,RN,RENFROE MIDDLE,44,DEKALB,89,360.0,100924.0,white
4730923.0,941.0,089PG,PG,PONCE DE LEON,44,DEKALB,89,343.0,86639.0,white
4834898.0,898.0,089LC,LC,LAVISTA,44,DEKALB,89,301.0,79003.0,white
4834947.0,993.0,089WJ,WJ,WOODWARD ELEM,44,DEKALB,89,395.0,79649.0,
4835012.0,844.0,089CO,CO,CROSS KEYS HIGH,44,DEKALB,89,245.0,90087.0,
4835072.0,886.0,089HI,HI,HARRIS-MARGARET HARRIS ED,44,DEKALB,89,288.0,81545.0,white
4835132.0,823.0,089BG,BG,BRIARCLIFF,44,DEKALB,89,224.0,80694.0,white
4835185.0,912.0,089MJ,MJ,MONTCLAIR ELEM,44,DEKALB,89,315.0,57605.0,hispanic
4835252.0,821.0,089BE,BE,BRIARWOOD,44,DEKALB,89,222.0,79723.0,hispanic
4835302.0,825.0,089BI,BI,BROOKHAVEN,44,DEKALB,89,226.0,108643.0,white
4835366.0,963.0,089SE,SE,SILVER LAKE,44,DEKALB,89,365.0,138685.0,white
4999801.0,970.0,089SL,SL,STONEVIEW ELEM,44,DEKALB,89,372.0,44408.0,black
4999897.0,938.0,089PC,PC,PRINCETON ELEM,44,DEKALB,89,340.0,84302.0,black
4999939.0,947.0,089RC,RC,REDAN ELEM,44,DEKALB,89,349.0,84096.0,black
4999988.0,980.0,089SV,SV,STEPHENSON HIGH,44,DEKALB,89,382.0,73741.0,black
5000041.0,962.0,089SD,SD,STONE MOUNTAIN ELEM,44,DEKALB,89,364.0,71317.0,black
4930279.0,1765.0,13587,87,087 PINCKNEYVILLE S,67,GWINNETT,135,891.0,69201.0,
4930349.0,1743.0,13565,65,065 BERKSHIRE H,67,GWINNETT,135,867.0,57407.0,hispanic
4930414.0,1801.0,135123,123,123 PINCKNEYVILLE Y,67,GWINNETT,135,776.0,41910.0,hispanic
4930493.0,1701.0,13523,23,023 PINCKNEYVILLE D,67,GWINNETT,135,821.0,48355.0,hispanic
4930565.0,1736.0,13558,58,058 PINCKNEYVILLE K,67,GWINNETT,135,859.0,50737.0,hispanic
4930644.0,1728.0,13550,50,050 PINCKNEYVILLE I,67,GWINNETT,135,851.0,61667.0,
4925152.0,1826.0,135148,148,148 BERKSHIRE Q,67,GWINNETT,135,803.0,76682.0,white
4925213.0,1699.0,13521,21,021 PINCKNEYVILLE B,67,GWINNETT,135,819.0,52963.0,hispanic
4925288.0,1729.0,13551,51,051 PINCKNEYVILLE J,67,GWINNETT,135,852.0,44235.0,hispanic
4925348.0,1791.0,135113,113,113 PINCKNEYVILLE V,67,GWINNETT,135,765.0,56080.0,hispanic
4925395.0,1792.0,135114,114,114 PINCKNEYVILLE W,67,GWINNETT,135,766.0,72771.0,hispanic
4925498.0,1698.0,13520,20,020 PINCKNEYVILLE A,67,GWINNETT,135,818.0,46386.0,hispanic
4777300.0,813.0,089AE,AE,AVONDALE,44,DEKALB,89,214.0,75908.0,white
4777383.0,917.0,089MO,MO,MIDWAY ELEM,44,DEKALB,89,320.0,51320.0,black
4777457.0,817.0,089CU,CU,COVINGTON,44,DEKALB,89,251.0,42246.0,black
4777506.0,928.0,089NB,NB,NORTH DECATUR,44,DEKALB,89,330.0,60298.0,white
4777577.0,907.0,089ME,ME,MCLENDON,44,DEKALB,89,310.0,51339.0,white
4777623.0,986.0,089VB,VB,VALLEY BROOK,44,DEKALB,89,388.0,51336.0,white
4777666.0,961.0,089SC,SC,SHAW-ROBERT SHAW ELEM,44,DEKALB,89,363.0,51296.0,black
4777745.0,849.0,089CT,CT,COVINGTON HWY LIBRARY,44,DEKALB,89,250.0,35306.0,black
4919327.0,822.0,089BF,BF,BROCKETT ELEM,44,DEKALB,89,223.0,60016.0,
4919394.0,967.0,089SI,SI,STONE MOUNTAIN MIDDLE,44,DEKALB,89,369.0,48070.0,black
4919459.0,983.0,089TF,TF,TUCKER,44,DEKALB,89,385.0,92371.0,white
4919526.0,884.0,089HG,HG,HUGH HOWELL,44,DEKALB,89,286.0,89705.0,white
4919596.0,966.0,089SH,SH,SMOKE RISE ELEM,44,DEKALB,89,368.0,121469.0,white
4919661.0,1690.0,13512,12,012 BERKSHIRE B,67,GWINNETT,135,772.0,57945.0,
5019242.0,950.0,089RF,RF,ROCK CHAPEL ELEM,44,DEKALB,89,352.0,67966.0,black
5019282.0,953.0,089RI,RI,ROCKBRIDGE ROAD,44,DEKALB,89,355.0,75096.0,black
5019337.0,1800.0,135122,122,122 ROCKBRIDGE G,67,GWINNETT,135,775.0,66739.0,black
5019437.0,1680.0,1352,2,002 ROCKBRIDGE A,67,GWINNETT,135,817.0,66263.0,black
5019502.0,1753.0,13575,75,075 ROCKBRIDGE C,67,GWINNETT,135,878.0,75582.0,black
5009906.0,996.0,089WN,WN,WYNBROOKE ELEM,44,DEKALB,89,398.0,73140.0,black
5009949.0,978.0,089ST,ST,STEPHENSON MIDDLE,44,DEKALB,89,380.0,71742.0,black
5009996.0,973.0,089SO,SO,SOUTH DESHON,44,DEKALB,89,375.0,75473.0,black
5010034.0,1742.0,13564,64,064 GARNERS D,67,GWINNETT,135,866.0,72803.0,black
5010110.0,956.0,089RL,RL,ROCK CHAPEL ROAD,44,DEKALB,89,358.0,56721.0,black
4715395.0,829.0,089BR,BR,BURGESS ELEM,44,DEKALB,89,230.0,70643.0,white
4715485.0,922.0,089MT,MT,METROPOLITAN,44,DEKALB,89,325.0,60125.0,white
4715566.0,944.0,089PN,PN,PINEY GROVE,44,DEKALB,89,346.0,47163.0,black
4715644.0,981.0,089TA,TA,TERRY MILL ELEM,44,DEKALB,89,383.0,47084.0,black
4715704.0,841.0,089CL,CL,CLIFTON ELEM,44,DEKALB,89,242.0,54969.0,black
4715749.0,847.0,089CR,CR,CEDAR GROVE MIDDLE,44,DEKALB,89,248.0,53242.0,black
4715795.0,871.0,089FJ,FJ,FLAT SHOALS,44,DEKALB,89,273.0,49840.0,black
4772418.0,893.0,089KC,KC,KELLEY CHAPEL ROAD,44,DEKALB,89,295.0,64496.0,black
4772456.0,830.0,089CA,CA,COLUMBIA DRIVE,44,DEKALB,89,231.0,53274.0,black
4772507.0,879.0,089AF,AF,AUSTIN DRIVE,44,DEKALB,89,215.0,47455.0,black
4772556.0,831.0,089CB,CB,CANBY LANE ELEM,44,DEKALB,89,232.0,48818.0,black
4772609.0,976.0,089SR,SR,SNAPFINGER ROAD NORTH,44,DEKALB,89,378.0,48357.0,black
4772668.0,811.0,089GF,GF,GLENWOOD ROAD,44,DEKALB,89,281.0,47985.0,black
4772733.0,876.0,089GB,GB,GLENHAVEN,44,DEKALB,89,278.0,48191.0,black
4772782.0,816.0,089AI,AI,AVONDALE HIGH,44,DEKALB,89,218.0,81528.0,white
4663748.0,481.0,063LC1,LC1,LAKE CITY,31,CLAYTON,63,25.0,47051.0,black
4663838.0,490.0,063MO4,MO4,MORROW 4,31,CLAYTON,63,34.0,53941.0,black
4663912.0,495.0,063MO9,MO9,MORROW 9,31,CLAYTON,63,39.0,50694.0,black
4663961.0,492.0,063MO6,MO6,MORROW 6,31,CLAYTON,63,36.0,60486.0,black
4664036.0,489.0,063MO3,MO3,MORROW 3,31,CLAYTON,63,33.0,51610.0,black
4670225.0,487.0,063MO1,MO1,MORROW 1,31,CLAYTON,63,31.0,43038.0,black
4670310.0,827.0,089BL,BL,BOULDERCREST RD,44,DEKALB,89,228.0,55849.0,black
4670379.0,456.0,063EW1,EW1,ELLENWOOD,31,CLAYTON,63,0.0,55772.0,black
4670460.0,848.0,089CS,CS,CEDAR GROVE SOUTH,44,DEKALB,89,249.0,59893.0,black
4670519.0,833.0,089CD,CD,CEDAR GROVE ELEM,44,DEKALB,89,234.0,62979.0,black
4670572.0,1383.0,12112F,12F,12F,60,FULTON,121,544.0,44590.0,black
4766666.0,842.0,089CM,CM,COLUMBIA MIDDLE,44,DEKALB,89,243.0,49983.0,black
4766715.0,982.0,089TC,TC,TONEY ELEM,44,DEKALB,89,384.0,30357.0,black
4766757.0,895.0,089KE,KE,KNOLLWOOD ELEM,44,DEKALB,89,297.0,53212.0,black
4766814.0,987.0,089WA,WA,WADSWORTH ELEM,44,DEKALB,89,389.0,43242.0,black
4766869.0,965.0,089SG,SG,SNAPFINGER ELEM,44,DEKALB,89,367.0,53390.0,black
4766919.0,936.0,089PA,PA,PEACHCREST ELEM,44,DEKALB,89,338.0,40843.0,black
4766986.0,920.0,089MR,MR,MATHIS-BOB MATHIS ELEM,44,DEKALB,89,323.0,65430.0,black
4767033.0,946.0,089RA,RA,RAINBOW ELEM,44,DEKALB,89,348.0,57570.0,black
4680550.0,1290.0,12104V,04V,04V,60,FULTON,121,454.0,28735.0,black
4680616.0,1257.0,12102J,02J,02J,60,FULTON,121,421.0,59377.0,black
4680705.0,1242.0,12101F,01F,01F,60,FULTON,121,406.0,30992.0,black
4680752.0,1243.0,12101G,01G,01G,60,FULTON,121,407.0,49966.0,black
4680805.0,1240.0,12101D,01D,01D,60,FULTON,121,404.0,56001.0,black
4680855.0,1296.0,12105B,05B,05B,60,FULTON,121,460.0,37270.0,black
4680943.0,1247.0,12101S,01S,01S,60,FULTON,121,411.0,34001.0,black
4680983.0,1239.0,12101C2,01C2,01C2,60,FULTON,121,403.0,25973.0,black
4735738.0,850.0,089CV,CV,CLAIREMONT EAST,44,DEKALB,89,252.0,87653.0,white
4735798.0,990.0,089WF,WF,WINNONA PARK ELEM,44,DEKALB,89,392.0,101960.0,white
4735855.0,875.0,089GA,GA,GLENNWOOD,44,DEKALB,89,277.0,93174.0,white
4735938.0,838.0,089CI,CI,CLAIREMONT WEST,44,DEKALB,89,239.0,91876.0,white
4736019.0,960.0,089SB,SB,SCOTT,44,DEKALB,89,362.0,65078.0,white
4736092.0,909.0,089MG,MG,MEDLOCK ELEM,44,DEKALB,89,312.0,65123.0,white
4736154.0,839.0,089CJ,CJ,CLAIRMONT HILLS,44,DEKALB,89,240.0,82274.0,white
4685307.0,1248.0,12101T,01T,01T,60,FULTON,121,412.0,53359.0,black
4685361.0,1245.0,12101P,01P,01P,60,FULTON,121,409.0,29921.0,black
4685416.0,1246.0,12101R,01R,01R,60,FULTON,121,410.0,17762.0,black
4685467.0,1241.0,12101E,01E,01E,60,FULTON,121,405.0,88517.0,
4685553.0,1236.0,12101A,01A,01A,60,FULTON,121,400.0,87242.0,white
4685627.0,1294.0,12105A1,05A1,05A1,60,FULTON,121,458.0,42919.0,black
4685693.0,1237.0,12101B,01B,01B,60,FULTON,121,401.0,76623.0,white
4720244.0,868.0,089FC,FC,FLAT SHOALS ELEM,44,DEKALB,89,270.0,42018.0,black
4720293.0,918.0,089MP,MP,MCNAIR ACADEMY,44,DEKALB,89,321.0,65554.0,black
4720385.0,860.0,089EA,EA,EAST LAKE ELEM,44,DEKALB,89,262.0,61463.0,black
4720505.0,906.0,089MD,MD,MCNAIR MIDDLE,44,DEKALB,89,309.0,62216.0,black
4720589.0,891.0,089KA,KA,KELLEY LAKE ELEM,44,DEKALB,89,293.0,41523.0,black
4720639.0,846.0,089CQ,CQ,CANDLER,44,DEKALB,89,247.0,47434.0,black
4658216.0,1388.0,12112M,12M,12M,60,FULTON,121,549.0,33015.0,black
4658286.0,1386.0,12112J,12J,12J,60,FULTON,121,547.0,30993.0,black
4658339.0,1385.0,12112H,12H,12H,60,FULTON,121,546.0,35076.0,black
4658406.0,458.0,063FP2,FP2,FOREST PARK 2,31,CLAYTON,63,2.0,39196.0,black
4658464.0,1390.0,12112T,12T,12T,60,FULTON,121,551.0,31526.0,black
4658528.0,488.0,063MO2,MO2,MORROW 2,31,CLAYTON,63,32.0,47506.0,black
4658604.0,493.0,063MO7,MO7,MORROW 7,31,CLAYTON,63,37.0,51658.0,black
4725113.0,843.0,089CN,CN,COAN MIDDLE,44,DEKALB,89,244.0,58850.0,white
4725178.0,862.0,089EE,EE,EPWORTH,44,DEKALB,89,264.0,65434.0,white
4725252.0,900.0,089LE,LE,LIN-MARY LIN ELEM,44,DEKALB,89,303.0,57284.0,white
4725330.0,818.0,089BB,BB,BOULEVARD,44,DEKALB,89,219.0,51197.0,white
4725406.0,867.0,089FB,FB,FERNBANK ELEM,44,DEKALB,89,269.0,171483.0,white
4725480.0,864.0,089EG,EG,EMORY SOUTH,44,DEKALB,89,266.0,127880.0,white
4725536.0,889.0,089JA,JA,JOHNSON ESTATES,44,DEKALB,89,291.0,40439.0,white
4699539.0,1261.0,12102W,02W,02W,60,FULTON,121,425.0,93708.0,white
4699607.0,1298.0,12106A,06A,06A,60,FULTON,121,462.0,46254.0,white
4699645.0,1309.0,12106R,06R,06R,60,FULTON,121,473.0,38468.0,hispanic
4699700.0,1319.0,12107K1,07K1,07K1,60,FULTON,121,483.0,130535.0,white
4699740.0,1308.0,12106L2,06L2,06L2,60,FULTON,121,472.0,94596.0,white
4699790.0,1260.0,12102S,02S,02S,60,FULTON,121,424.0,39702.0,black
4699869.0,1256.0,12102G,02G,02G,60,FULTON,121,420.0,59577.0,black
4699953.0,1252.0,12102D,02D,02D,60,FULTON,121,416.0,52498.0,black
4704097.0,1255.0,12102F2,02F2,02F2,60,FULTON,121,419.0,28741.0,hispanic
4704131.0,1303.0,12106G,06G,06G,60,FULTON,121,467.0,28731.0,hispanic
4704177.0,1299.0,12106B,06B,06B,60,FULTON,121,463.0,78003.0,white
4704220.0,1253.0,12102E,02E,02E,60,FULTON,121,417.0,25296.0,black
4704277.0,1254.0,12102F1,02F1,02F1,60,FULTON,121,418.0,43343.0,white
4704338.0,1302.0,12106F,06F,06F,60,FULTON,121,466.0,60525.0,white
4704387.0,1307.0,12106L1,06L1,06L1,60,FULTON,121,471.0,94632.0,white
4704442.0,1305.0,12106J,06J,06J,60,FULTON,121,469.0,44212.0,hispanic
4704517.0,1301.0,12106E,06E,06E,60,FULTON,121,465.0,68709.0,white
4881205.0,1509.0,121RW17,RW17,RW17,60,FULTON,121,662.0,90812.0,white
4881248.0,1495.0,121RW04,RW04,RW04,60,FULTON,121,649.0,91111.0,white
4881289.0,892.0,089KB,KB,KINGSLEY ELEM,44,DEKALB,89,294.0,124115.0,white
4881338.0,1557.0,121SS01,SS01,SS01,60,FULTON,121,704.0,137979.0,white
4881447.0,1512.0,121RW20,RW20,RW20,60,FULTON,121,665.0,128786.0,white
4881529.0,1513.0,121RW21A,RW21A,RW21A,60,FULTON,121,666.0,146891.0,white
4881596.0,1515.0,121RW22A,RW22A,RW22A,60,FULTON,121,668.0,96307.0,white
4851966.0,834.0,089CE,CE,CHAMBLEE,44,DEKALB,89,235.0,75455.0,
4852061.0,927.0,089KF,KF,KITTREDGE CHAMBLEE,44,DEKALB,89,298.0,70264.0,white
4852121.0,883.0,089HF,HF,HUNTLEY HILLS ELEM,44,DEKALB,89,285.0,65555.0,
4852178.0,937.0,089PB,PB,PEACHTREE MIDDLE,44,DEKALB,89,339.0,62635.0,white
4852228.0,857.0,089DG,DG,DUNWOODY ELEM,44,DEKALB,89,259.0,132512.0,white
4852282.0,837.0,089CH,CH,CHESNUT ELEM,44,DEKALB,89,238.0,78064.0,white
4852360.0,984.0,089TG,TG,TILLY MILL ROAD,44,DEKALB,89,386.0,107198.0,white
4902758.0,863.0,089EF,EF,EVANSDALE ELEM,44,DEKALB,89,265.0,79477.0,white
4902844.0,910.0,089MH,MH,MIDVALE ELEM,44,DEKALB,89,313.0,99658.0,white
4902907.0,985.0,089TH,TH,TUCKER LIBRARY,44,DEKALB,89,387.0,90446.0,white
4902998.0,902.0,089LV,LV,LIVSEY ELEM,44,DEKALB,89,305.0,94157.0,white
4903054.0,853.0,089DB,DB,DORAVILLE SOUTH,44,DEKALB,89,255.0,55319.0,hispanic
4846849.0,881.0,089HB,HB,HAWTHORNE ELEM,44,DEKALB,89,283.0,89523.0,white
4846927.0,814.0,089AG,AG,ASHFORD DUNWOODY RD,44,DEKALB,89,216.0,133374.0,white
4846989.0,815.0,089AH,AH,ASHFORD PARKSIDE,44,DEKALB,89,217.0,96317.0,white
4847058.0,923.0,089MU,MU,MONTGOMERY ELEM,44,DEKALB,89,326.0,62661.0,white
4847137.0,878.0,089GD,GD,GEORGETOWN SQUARE,44,DEKALB,89,280.0,88920.0,white
4847195.0,856.0,089DF,DF,DUNWOODY,44,DEKALB,89,258.0,98628.0,white
4847249.0,921.0,089MS,MS,MT. VERNON WEST,44,DEKALB,89,324.0,127668.0,white
4908197.0,852.0,089DA,DA,DORAVILLE NORTH,44,DEKALB,89,254.0,47551.0,hispanic
4908322.0,933.0,089OB,OB,OAKCLIFF ELEM,44,DEKALB,89,335.0,48076.0,hispanic
4908405.0,931.0,089NF,NF,NORTH PEACHTREE,44,DEKALB,89,333.0,66045.0,hispanic
4908470.0,1715.0,13537,37,037 PINCKNEYVILLE E,67,GWINNETT,135,836.0,49246.0,
4908527.0,861.0,089EC,EC,EMBRY HILLS,44,DEKALB,89,263.0,67945.0,
4943855.0,1803.0,135125,125,125 PINCKNEYVILLE Z,67,GWINNETT,135,778.0,144117.0,white
4943897.0,1740.0,13562,62,062 PINCKNEYVILLE L,67,GWINNETT,135,864.0,145247.0,white
4943957.0,1471.0,121JC13B,JC13B,JC13B,60,FULTON,121,625.0,253783.0,white
4943991.0,1741.0,13563,63,063 PINCKNEYVILLE M,67,GWINNETT,135,865.0,173934.0,white
4944033.0,1476.0,121JC18A,JC18A,JC18A,60,FULTON,121,630.0,100897.0,white
4944072.0,1477.0,121JC18B,JC18B,JC18B,60,FULTON,121,631.0,136328.0,white
4944092.0,1475.0,121JC17,JC17,JC17,60,FULTON,121,629.0,135214.0,white
4944120.0,1393.0,121AP01C,AP01C,AP01C,60,FULTON,121,554.0,122166.0,white
4944187.0,1474.0,121JC16,JC16,JC16,60,FULTON,121,628.0,135239.0,white
4944240.0,1391.0,121AP01A,AP01A,AP01A,60,FULTON,121,552.0,115596.0,white
4936653.0,995.0,089WL,WL,WINTERS CHAPEL,44,DEKALB,89,397.0,121102.0,white
4936696.0,1779.0,135101,101,101 PINCKNEYVILLE U,67,GWINNETT,135,752.0,60830.0,
4936745.0,1590.0,121SS25,SS25,SS25,60,FULTON,121,737.0,251861.0,white
4936801.0,1751.0,13573,73,073 PINCKNEYVILLE P,67,GWINNETT,135,876.0,89261.0,white
4936849.0,1804.0,135126,126,126 PINCKNEYVILLE A1,67,GWINNETT,135,779.0,145992.0,white
4936917.0,1514.0,121RW21B,RW21B,RW21B,60,FULTON,121,667.0,255287.0,white
4936938.0,1478.0,121JC19,JC19,JC19,60,FULTON,121,632.0,105352.0,white
4937001.0,1470.0,121JC13A,JC13A,JC13A,60,FULTON,121,624.0,253558.0,white
4937059.0,1700.0,13522,22,022 PINCKNEYVILLE C,67,GWINNETT,135,820.0,109720.0,white
4828978.0,1572.0,121SS11A,SS11A,SS11A,60,FULTON,121,719.0,91051.0,white
4829026.0,1574.0,121SS11C,SS11C,SS11C,60,FULTON,121,721.0,88524.0,
4829058.0,1579.0,121SS14,SS14,SS14,60,FULTON,121,726.0,168371.0,white
4829118.0,1576.0,121SS12,SS12,SS12,60,FULTON,121,723.0,122332.0,white
4829191.0,1566.0,121SS07C,SS07C,SS07C,60,FULTON,121,713.0,90969.0,white
4829233.0,1565.0,121SS07B,SS07B,SS07B,60,FULTON,121,712.0,91170.0,white
4829270.0,1564.0,121SS07A,SS07A,SS07A,60,FULTON,121,711.0,97006.0,white
4829298.0,1568.0,121SS08B,SS08B,SS08B,60,FULTON,121,715.0,91137.0,white
4829318.0,1559.0,121SS02B,SS02B,SS02B,60,FULTON,121,706.0,100911.0,white
4829355.0,1569.0,121SS08C,SS08C,SS08C,60,FULTON,121,716.0,97221.0,white
4829377.0,1561.0,121SS04,SS04,SS04,60,FULTON,121,708.0,75362.0,
4829421.0,1567.0,121SS08A,SS08A,SS08A,60,FULTON,121,714.0,90941.0,white
4829482.0,1592.0,121SS29A,SS29A,SS29A,60,FULTON,121,739.0,98955.0,white
5111939.0,1731.0,13553,53,053 CATES H,67,GWINNETT,135,854.0,57388.0,black
5112017.0,1724.0,13546,46,046 CATES F,67,GWINNETT,135,846.0,108237.0,white
5112068.0,1725.0,13547,47,047 CATES G,67,GWINNETT,135,847.0,108220.0,white
5112129.0,1707.0,13529,29,029 CATES B,67,GWINNETT,135,827.0,97506.0,white
5112190.0,1757.0,13579,79,079 CATES K,67,GWINNETT,135,882.0,97546.0,white
5112243.0,1817.0,135139,139,139 MARTINS K,67,GWINNETT,135,793.0,61000.0,
5112293.0,1793.0,135115,115,115 MARTINS H,67,GWINNETT,135,767.0,64390.0,
5124355.0,1726.0,13548,48,048 DULUTH B,67,GWINNETT,135,848.0,70674.0,white
5124434.0,1774.0,13596,96,096 DULUTH G,67,GWINNETT,135,901.0,120589.0,white
5124536.0,1750.0,13572,72,072 MARTINS E,67,GWINNETT,135,875.0,47088.0,
5124588.0,1773.0,13595,95,095 DULUTH F,67,GWINNETT,135,900.0,82197.0,
5124693.0,1816.0,135138,138,138 DULUTH I,67,GWINNETT,135,792.0,125953.0,white
5160516.0,1821.0,135143,143,143 LAWRENCEVILLE L,67,GWINNETT,135,798.0,77541.0,
5160592.0,1739.0,13561,61,061 LAWRENCEVILLE E,67,GWINNETT,135,863.0,51034.0,
5160654.0,1831.0,135153,153,153 LAWRENCEVILLE N,67,GWINNETT,135,809.0,62933.0,
5160726.0,1694.0,13516,16,016 LAWRENCEVILLE B,67,GWINNETT,135,813.0,82312.0,
5160784.0,1756.0,13578,78,078 BAYCREEK K,67,GWINNETT,135,881.0,81206.0,white
5160840.0,1693.0,13515,15,015 LAWRENCEVILLE A,67,GWINNETT,135,805.0,57765.0,white
5140844.0,1755.0,13577,77,077 GOODWINS C,67,GWINNETT,135,880.0,74287.0,
5140923.0,1775.0,13597,97,097 GOODWINS E,67,GWINNETT,135,902.0,87091.0,white
5140990.0,1788.0,135110,110,110 MARTINS G,67,GWINNETT,135,762.0,67590.0,
5141048.0,1802.0,135124,124,124 GOODWINS G,67,GWINNETT,135,777.0,80027.0,white
5141104.0,1827.0,135149,149,149 GOODWINS I,67,GWINNETT,135,804.0,96695.0,white
5141153.0,1684.0,1356,6,006 GOODWINS A,67,GWINNETT,135,861.0,88866.0,white
5141222.0,1806.0,135128,128,128 GOODWINS H,67,GWINNETT,135,781.0,75901.0,white
5141290.0,1761.0,13583,83,083 GOODWINS D,67,GWINNETT,135,887.0,80931.0,white
5286568.0,1783.0,135105,105,105 SUGAR HILL F,67,GWINNETT,135,756.0,122199.0,white
