ID,AREA,DATA,DISTRICT,CTYSOSID,PRECINCT_I,PRECINCT_N,COUNTY,COUNTY_NAM,FIPS2,income_rac,income_r_1
884305,0.27,1585,121UC034,121UC034,UC034,UC034,60,FULTON,121,black,49669.000097500000265
906458,1.42,489,063RD02,063RD02,RD02,RIVERDALE 2,31,CLAYTON,063,black,48828.143692700003157
906514,1.25,460,063JB12,063JB12,JB12,JONESBORO 12,31,CLAYTON,063,black,52807.999991600001522
906550,1.38,499,063RD12,063RD12,RD12,RIVERDALE 12,31,CLAYTON,063,black,56430.657346899999538
865539,2.71,1527,121SC212,121SC212,SC212,SC212,60,FULTON,121,black,49669.000000000000000
865657,1.93,1424,121FA01B,121FA01B,FA01B,FA01B,60,FULTON,121,black,49669.000000000000000
856612,15.12,1423,121FA01A,121FA01A,FA01A,FA01A,60,FULTON,121,black,60801.421220199998061
4914136,2.82,1659,1352,1352,2,ROCKBRIDGE A,67,GWINNETT,135,black,66640.999035300003015
4914201,3.08,1732,13575,13575,75,ROCKBRIDGE C,67,GWINNETT,135,black,68494.688621900000726
848913,11.04,1469,121PA01,121PA01,PA01,PA01,60,FULTON,121,white,45172.561215599998832
849089,0.02,1400,121CH04B,121CH04B,CH04B,CH04B,60,FULTON,121,white,41282.000000000000000
1060127,1.93,465,063JB17,063JB17,JB17,JONESBORO 17,31,CLAYTON,063,black,43596.168303600003128
1060189,1.49,450,063JB02,063JB02,JB02,JONESBORO 2,31,CLAYTON,063,black,49034.330771900000400
1060238,1.33,496,063RD09,063RD09,RD09,RIVERDALE 9,31,CLAYTON,063,black,50495.831188500000280
1060297,0.98,464,063JB16,063JB16,JB16,JONESBORO 16,31,CLAYTON,063,black,40743.044887099997140
1060357,1.12,492,063RD05,063RD05,RD05,RIVERDALE 5,31,CLAYTON,063,black,50020.999923600000329
1060412,4.09,451,063JB03,063JB03,JB03,JONESBORO 3,31,CLAYTON,063,black,56598.590897499998391
1060513,1.51,458,063JB10,063JB10,JB10,JONESBORO 10,31,CLAYTON,063,black,44499.255263200000627
1060578,1.26,457,063JB09,063JB09,JB09,JONESBORO 9,31,CLAYTON,063,black,35822.534711400003289
4876383,2.44,847,089FG,089FG,FG,FLAT ROCK ELEM,44,DEKALB,089,black,64793.000000000000000
4876418,8.53,812,089CF,089CF,CF,CANDLER-MURPHEY CAND,44,DEKALB,089,black,64793.000021699997887
4865051,1.23,1435,121JC08,121JC08,JC08,JC08,60,FULTON,121,white,126335.997520000004442
4865113,0.72,1432,121JC05,121JC05,JC05,JC05,60,FULTON,121,,98246.038836899999296
4865156,0.13,1431,121JC04B,121JC04B,JC04B,JC04B,60,FULTON,121,white,113558.000000000000000
4865181,0.16,1428,121JC03A,121JC03A,JC03A,JC03A,60,FULTON,121,,98246.000435199995991
4865211,1.44,1430,121JC04A,121JC04A,JC04A,JC04A,60,FULTON,121,white,163061.374152000003960
4865253,0.56,1429,121JC03B,121JC03B,JC03B,JC03B,60,FULTON,121,,98246.000251200006460
4865282,1.73,1433,121JC06,121JC06,JC06,JC06,60,FULTON,121,white,126336.000021999992896
4865324,2.33,1768,135111,135111,111,DULUTH H,67,GWINNETT,135,,76509.283806299994467
4865372,2.66,1427,121JC02,121JC02,JC02,JC02,60,FULTON,121,,119965.050346999996691
4655028,1.47,846,089FE,089FE,FE,FLAT SHOALS PARKWAY,44,DEKALB,089,black,65591.147380199996405
4655092,1.21,813,089CG,089CG,CG,CHAPEL HILL ELEM,44,DEKALB,089,black,72421.348614100003033
4655353,3.45,871,089KD,089KD,KD,KING-ML KING JR HIGH,44,DEKALB,089,black,75793.789724100002786
4655418,2.46,803,089BJ,089BJ,BJ,BROWNS MILL ELEM,44,DEKALB,089,black,69589.687383500000578
4646997,1.98,912,089OV,089OV,OV,OAK VIEW ELEM,44,DEKALB,089,black,51142.898387900000671
4647062,3.26,862,089HH,089HH,HH,NARVIE J HARRIS ELEM,44,DEKALB,089,black,59598.697072800001479
4647130,1.67,849,089FK,089FK,FK,FLAKES MILL FIRE STA,44,DEKALB,089,black,74727.999977900006343
4637993,0.79,937,089SB,089SB,SB,SCOTT,44,DEKALB,089,white,70105.117782200002694
4638066,0.87,887,089MG,089MG,MG,MEDLOCK,44,DEKALB,089,white,69707.739098399993964
4638128,1.03,816,089CJ,089CJ,CJ,CLAIRMONT ROAD,44,DEKALB,089,white,79524.795341799996095
4638195,1.59,456,063JB08,063JB08,JB08,JONESBORO 8,31,CLAYTON,063,black,44427.256727200001478
4638260,1.29,480,063MO8,063MO8,MO8,MORROW 8,31,CLAYTON,063,black,54253.908582399999432
4638309,2.92,477,063MO5,063MO5,MO5,MORROW 5,31,CLAYTON,063,black,64404.801722900003369
4544214,1.90,494,063RD07,063RD07,RD07,RIVERDALE 7,31,CLAYTON,063,black,39854.724575499996718
4544279,4.62,445,063FP3,063FP3,FP3,FOREST PARK 3,31,CLAYTON,063,,35993.113266300002579
4544380,1.68,493,063RD06,063RD06,RD06,RIVERDALE 6,31,CLAYTON,063,black,36949.330533799999102
4544453,2.31,463,063JB15,063JB15,JB15,JONESBORO 15,31,CLAYTON,063,black,35178.589514500003133
4544524,2.33,447,063FP5,063FP5,FP5,FOREST PARK 5,31,CLAYTON,063,,37037.875230400000873
4544594,0.86,448,063FP6,063FP6,FP6,FOREST PARK 6,31,CLAYTON,063,,46613.823066199998721
4538463,1.88,491,063RD04,063RD04,RD04,RIVERDALE 4,31,CLAYTON,063,black,49299.955695700002252
4030419,0.78,1349,12111J,12111J,11J,11J,60,FULTON,121,black,41628.000018099999579
4030469,3.18,1529,121SC23A,121SC23A,SC23A,SC23A,60,FULTON,121,black,56054.941005200002110
4030538,1.17,498,063RD11,063RD11,RD11,RIVERDALE 11,31,CLAYTON,063,black,65591.201658599995426
4030602,0.97,1531,121SC27,121SC27,SC27,SC27,60,FULTON,121,black,43809.167003599999589
4030651,0.38,1416,121CP083,121CP083,CP083,CP083,60,FULTON,121,black,41166.000000000000000
4030710,0.20,1418,121CP08A,121CP08A,CP08A,CP08A,60,FULTON,121,white,57248.999949600001855
4030748,1.94,495,063RD08,063RD08,RD08,RIVERDALE 8,31,CLAYTON,063,black,62179.274512999996659
4013924,3.46,1504,121SC08B,121SC08B,SC08B,SC08B,60,FULTON,121,black,43010.148678899997321
4014046,1.22,1532,121SC29A,121SC29A,SC29A,SC29A,60,FULTON,121,black,49669.000154699999257
4014094,0.71,1530,121SC23B,121SC23B,SC23B,SC23B,60,FULTON,121,black,54597.995984900000622
4014125,0.95,1511,121SC09B,121SC09B,SC09B,SC09B,60,FULTON,121,black,46959.085488899996562
4014175,0.81,1514,121SC11B,121SC11B,SC11B,SC11B,60,FULTON,121,black,56759.999977699997544
4014221,0.83,1513,121SC11A,121SC11A,SC11A,SC11A,60,FULTON,121,black,56759.999974699996528
4014346,0.17,1506,121SC08D,121SC08D,SC08D,SC08D,60,FULTON,121,black,39694.000000000000000
4014370,0.55,1576,121UC01B,121UC01B,UC01B,UC01B,60,FULTON,121,black,39848.998953000002075
4014446,1.28,1510,121SC09A,121SC09A,SC09A,SC09A,60,FULTON,121,black,44086.696913400002813
4007941,2.42,1575,121UC01A,121UC01A,UC01A,UC01A,60,FULTON,121,black,49338.617954800000007
4008004,2.28,1582,121UC031,121UC031,UC031,UC031,60,FULTON,121,black,51926.317363599999226
4008090,0.23,1507,121SC08E,121SC08E,SC08E,SC08E,60,FULTON,121,black,49346.997853399996529
4008147,0.27,1586,121UC035,121UC035,UC035,UC035,60,FULTON,121,black,50266.613728700001957
4008245,0.85,1578,121UC01D,121UC01D,UC01D,UC01D,60,FULTON,121,black,48657.000000000000000
4008306,0.15,1520,121SC17B,121SC17B,SC17B,SC17B,60,FULTON,121,black,48657.000000000000000
3974577,11.00,1501,121SC07A,121SC07A,SC07A,SC07A,60,FULTON,121,black,64043.840475600001810
3886504,17.58,1398,121CH03,121CH03,CH03,CH03,60,FULTON,121,white,41282.000000000000000
3886642,5.24,1397,121CH02,121CH02,CH02,CH02,60,FULTON,121,white,41282.000002300002961
3886700,2.77,1396,121CH01,121CH01,CH01,CH01,60,FULTON,121,white,41282.000000000000000
3886746,17.33,1497,121SC04,121SC04,SC04,SC04,60,FULTON,121,white,51949.844098599998688
797909,18.69,1401,121CH05,121CH05,CH05,CH05,60,FULTON,121,white,41282.000000000000000
798082,6.80,1399,121CH04A,121CH04A,CH04A,CH04A,60,FULTON,121,white,41282.000000000000000
1073521,2.69,466,063JB18,063JB18,JB18,JONESBORO 18,31,CLAYTON,063,black,52205.845437099997071
1073600,2.90,459,063JB11,063JB11,JB11,JONESBORO 11,31,CLAYTON,063,black,71803.028944899997441
1073694,2.02,455,063JB07,063JB07,JB07,JONESBORO 7,31,CLAYTON,063,black,61414.103632899998047
1073760,3.84,454,063JB06,063JB06,JB06,JONESBORO 6,31,CLAYTON,063,white,98786.090439299994614
890832,0.14,1583,121UC032,121UC032,UC032,UC032,60,FULTON,121,black,49669.000086200001533
890867,1.76,1526,121SC211,121SC211,SC211,SC211,60,FULTON,121,black,54300.206736300002376
898570,1.94,449,063JB01,063JB01,JB01,JONESBORO 1,31,CLAYTON,063,black,39933.077997899999900
1053163,1.68,486,063PH1,063PH1,PH1,PANHANDLE 1,31,CLAYTON,063,black,71320.000000000000000
1053201,2.08,461,063JB13,063JB13,JB13,JONESBORO 13,31,CLAYTON,063,black,61686.824594400000933
1053254,1.85,471,063LJ4,063LJ4,LJ4,LOVEJOY 4,31,CLAYTON,063,black,62823.996842100001231
1053297,1.17,472,063LJ5,063LJ5,LJ5,LOVEJOY 5,31,CLAYTON,063,black,48898.999807200001669
1044861,10.67,487,063PH2,063PH2,PH2,PANHANDLE 2,31,CLAYTON,063,black,71320.000000000000000
1067981,1.49,452,063JB04,063JB04,JB04,JONESBORO 4,31,CLAYTON,063,black,37524.605960699998832
1068024,7.56,470,063LJ3,063LJ3,LJ3,LOVEJOY 3,31,CLAYTON,063,black,66907.097958700003801
1068127,6.59,468,063LJ1,063LJ1,LJ1,LOVEJOY 1,31,CLAYTON,063,black,50463.516533100002562
1068221,4.84,469,063LJ2,063LJ2,LJ2,LOVEJOY 2,31,CLAYTON,063,black,59069.995596399996430
1068289,1.42,453,063JB05,063JB05,JB05,JONESBORO 5,31,CLAYTON,063,black,62825.000000000000000
1068337,3.61,462,063JB14,063JB14,JB14,JONESBORO 14,31,CLAYTON,063,black,66969.206290999994962
5075546,4.55,1804,135147,135147,147,BAYCREEK I,67,GWINNETT,135,,90842.566464400006225
5075606,7.52,1737,13580,13580,80,BAYCREEK C,67,GWINNETT,135,,84393.778434799998649
5075667,2.27,1747,13590,13590,90,LAWRENCEVILLE I,67,GWINNETT,135,,57021.610324499997660
5075729,2.33,1742,13585,13585,85,LAWRENCEVILLE H,67,GWINNETT,135,white,88378.161112200003117
5075788,1.38,1789,135132,135132,132,LAWRENCEVILLE K,67,GWINNETT,135,white,87845.014055000006920
5075831,4.06,1717,13560,13560,60,LAWRENCEVILLE D,67,GWINNETT,135,,62617.098667500002193
5075925,3.18,1699,13542,13542,42,LAWRENCEVILLE C,67,GWINNETT,135,white,86150.199204499993357
5219882,4.27,1666,1359,1359,9,PUCKETTS A,67,GWINNETT,135,white,80975.999974999998813
5220026,4.39,1792,135135,135135,135,PUCKETTS C,67,GWINNETT,135,white,90506.765734700005851
5093428,6.33,1660,1353,1353,3,DACULA,67,GWINNETT,135,white,88376.242855499993311
5093509,2.43,1809,135152,135152,152,ROCKYCREEK C,67,GWINNETT,135,white,92688.001727099996060
5093552,2.39,1794,135137,135137,137,ROCKYCREEK B,67,GWINNETT,135,white,80511.077768799994374
5093594,3.01,1811,135154,135154,154,PUCKETTS D,67,GWINNETT,135,white,80791.967380500005675
5093659,3.03,1665,1358,1358,8,DUNCANS A,67,GWINNETT,135,white,110889.981860999992932
5093729,1.60,1670,13513,13513,13,DUNCANS C,67,GWINNETT,135,white,111087.000000000000000
5093769,4.15,1479,121RW09,121RW09,RW09,RW09,60,FULTON,121,white,176443.563527999998769
5066269,3.41,1765,135108,135108,108,BAYCREEK E,67,GWINNETT,135,,80886.036670700006653
5066342,5.08,1802,135145,135145,145,BAYCREEK G,67,GWINNETT,135,white,76761.378865799997584
5066508,7.92,1803,135146,135146,146,BAYCREEK H,67,GWINNETT,135,white,82443.055625199995120
5066591,3.41,1748,13591,13591,91,BAYCREEK D,67,GWINNETT,135,white,94098.157945099999779
5521053,11.28,1790,135133,135133,133,HARBINS B,67,GWINNETT,135,white,82440.026503999994020
5521161,7.04,1685,13528,13528,28,ROCKYCREEK A,67,GWINNETT,135,white,103858.056819999997970
5521221,6.29,1786,135129,135129,129,DUNCANS B,67,GWINNETT,135,white,111273.950700999994297
5646016,7.06,1696,13539,13539,39,DUNCANS D,67,GWINNETT,135,white,111722.999983000001521
4973944,4.40,1761,135104,135104,104,ROCKBRIDGE F,67,GWINNETT,135,black,74483.995131400006358
4974009,3.91,1733,13576,13576,76,ROCKBRIDGE D,67,GWINNETT,135,black,74483.999939600005746
4974227,1.42,1709,13552,13552,52,BERKSHIRE G,67,GWINNETT,135,white,86326.544196400005603
5511983,13.74,1658,1351,1351,1,HARBINS A,67,GWINNETT,135,white,77447.999990800002706
5512082,5.93,1808,135151,135151,151,HARBINS C,67,GWINNETT,135,white,77448.000000300002284
4313752,1.30,649,067WL01,067WL01,WL01,WILLEO 01,33,COBB,067,white,136873.844336000009207
4785216,0.25,1477,121RW07B,121RW07B,RW07B,RW07B,60,FULTON,121,hispanic,45170.930199100002937
4785253,0.45,1380,121AP03,121AP03,AP03,AP03,60,FULTON,121,,57454.000009299998055
4785283,2.73,1474,121RW05,121RW05,RW05,RW05,60,FULTON,121,,58003.985561699999380
4785367,1.40,1377,121AP021,121AP021,AP021,AP021,60,FULTON,121,white,110781.941078000003472
4785430,1.25,1475,121RW06,121RW06,RW06,RW06,60,FULTON,121,white,93606.238502899999730
4785484,2.31,1484,121RW13,121RW13,RW13,RW13,60,FULTON,121,white,103843.601204000005964
4785583,1.55,1375,121AP01D,121AP01D,AP01D,AP01D,60,FULTON,121,white,81158.190762400001404
4785645,0.86,1379,121AP02B,121AP02B,AP02B,AP02B,60,FULTON,121,,61654.999888999998802
4785688,1.73,1378,121AP022,121AP022,AP022,AP022,60,FULTON,121,,61655.000275300000794
4785752,0.81,1373,121AP01B,121AP01B,AP01B,AP01B,60,FULTON,121,,84909.999985400005244
4036274,1.44,488,063RD01,063RD01,RD01,RIVERDALE 1,31,CLAYTON,063,black,59697.599561399998493
4036334,1.45,490,063RD03,063RD03,RD03,RIVERDALE 3,31,CLAYTON,063,black,48284.779115500001353
4036418,1.21,485,063OAK4,063OAK4,OAK4,OAK 4,31,CLAYTON,063,black,50172.318956299997808
4036474,1.01,483,063OAK2,063OAK2,OAK2,OAK 2,31,CLAYTON,063,black,46756.587874600001669
4036533,0.88,497,063RD10,063RD10,RD10,RIVERDALE 10,31,CLAYTON,063,black,31847.540210600000137
4036579,2.26,484,063OAK3,063OAK3,OAK3,OAK 3,31,CLAYTON,063,black,34426.862764700003027
4036644,0.76,1410,121CP06,121CP06,CP06,CP06,60,FULTON,121,white,57248.999933599996439
4036697,0.25,1409,121CP05B,121CP05B,CP05B,CP05B,60,FULTON,121,black,35056.316772099999071
4036726,0.08,1413,121CP07D,121CP07D,CP07D,CP07D,60,FULTON,121,black,35016.000000000000000
4770756,1.28,1478,121RW08,121RW08,RW08,RW08,60,FULTON,121,white,104907.832884999996168
4770800,1.38,1488,121RW18,121RW18,RW18,RW18,60,FULTON,121,white,152029.727252999990014
4770852,1.48,1486,121RW16,121RW16,RW16,RW16,60,FULTON,121,white,110849.313211000000592
4770890,2.40,1483,121RW12,121RW12,RW12,RW12,60,FULTON,121,white,113046.672823999993852
4770952,1.08,836,089DI,089DI,DI,DUNWOODY LIBRARY (DU,44,DEKALB,089,white,159717.823872000008123
4771006,1.23,789,089AD,089AD,AD,AUSTIN,44,DEKALB,089,white,157989.300633000006201
4771060,1.09,897,089MQ,089MQ,MQ,MOUNT VERNON EAST (D,44,DEKALB,089,white,146753.470410000008997
4771112,0.40,1561,121SS15B,121SS15B,SS15B,SS15B,60,FULTON,121,,72017.999837399998796
4771146,3.47,1563,121SS17,121SS17,SS17,SS17,60,FULTON,121,white,46878.673220199998468
4044457,6.92,482,063OAK1,063OAK1,OAK1,OAK 1,31,CLAYTON,063,black,40769.391433299999335
4044614,1.09,1405,121CP02,121CP02,CP02,CP02,60,FULTON,121,,79794.966854800004512
4044714,0.15,1404,121CP01B,121CP01B,CP01B,CP01B,60,FULTON,121,,79794.999258099996950
4251043,1.39,644,067VG01,067VG01,VG01,VININGS 01,33,COBB,067,white,88765.788843699992867
4251121,1.10,1319,12109F,12109F,09F,09F,60,FULTON,121,white,92955.461979400002747
4251171,0.38,1312,12108N2,12108N2,08N2,08N2,60,FULTON,121,white,221381.421358999999939
4251207,0.49,1311,12108N1,12108N1,08N1,08N1,60,FULTON,121,white,221299.000193000014406
4251244,1.45,1303,12108F1,12108F1,08F1,08F1,60,FULTON,121,white,226070.090637999994215
4251295,3.25,1298,12108A,12108A,08A,08A,60,FULTON,121,white,263565.203107999986969
4251371,0.94,1301,12108D,12108D,08D,08D,60,FULTON,121,white,255725.654678999999305
4259115,2.40,520,067CA01,067CA01,CA01,CHATTAHOOCHEE 01,33,COBB,067,,67115.786434800000279
4259191,1.30,641,067TM01,067TM01,TM01,TERRELL MILL 01,33,COBB,067,,62734.667886399998679
4259309,2.85,637,067SO02,067SO02,SO02,SOPE CREEK 02,33,COBB,067,white,109556.046759000004386
4259387,4.12,1550,121SS09A,121SS09A,SS09A,SS09A,60,FULTON,121,white,66325.275617099992814
4259455,2.49,638,067SO03,067SO03,SO03,SOPE CREEK 03,33,COBB,067,white,166386.080859999987297
4259505,2.56,1562,121SS16,121SS16,SS16,SS16,60,FULTON,121,,58034.000079099998402
4848415,2.19,1387,121AP09A,121AP09A,AP09A,AP09A,60,FULTON,121,white,105645.403972999993130
4848474,1.83,1778,135121,135121,121,PINCKNEYVILLE X,67,GWINNETT,135,white,112622.830828000005567
4848523,4.79,1697,13540,13540,40,PINCKNEYVILLE H,67,GWINNETT,135,,88833.706252499992843
4848626,3.34,1439,121JC12,121JC12,JC12,JC12,60,FULTON,121,white,170409.619398000009824
4848690,1.89,1756,13599,13599,99,PINCKNEYVILLE T,67,GWINNETT,135,,63661.807270899997093
4763972,0.66,1560,121SS15A,121SS15A,SS15A,SS15A,60,FULTON,121,black,44353.000343100000464
4764015,2.48,621,067RW01,067RW01,RW01,ROSWELL 01,33,COBB,067,white,135308.349366000009468
4764088,2.53,1471,121RW02,121RW02,RW02,RW02,60,FULTON,121,white,142982.961069000011776
4764155,2.20,1480,121RW10,121RW10,RW10,RW10,60,FULTON,121,white,121373.989042000001064
4764210,2.27,1485,121RW15,121RW15,RW15,RW15,60,FULTON,121,white,166033.558255999989342
4764273,4.01,1470,121RW01,121RW01,RW01,RW01,60,FULTON,121,white,108603.189828000002308
4764348,3.03,1472,121RW03,121RW03,RW03,RW03,60,FULTON,121,,71633.402841699993587
5034183,1.90,1812,135155,135155,155,SUWANEE G,67,GWINNETT,135,white,120739.198900999996113
5034227,3.29,1797,135140,135140,140,SUWANEE H,67,GWINNETT,135,white,145658.999772000010125
5034287,1.72,1674,13517,13517,17,MARTINS A,67,GWINNETT,135,,59083.772867100000440
5034337,3.72,1734,13577,13577,77,GOODWINS C,67,GWINNETT,135,,67035.199243499999284
5034415,2.80,1754,13597,13597,97,GOODWINS E,67,GWINNETT,135,,83664.914407599993865
3958663,2.52,567,067LM02,067LM02,LM02,LOST MOUNTAIN 02,33,COBB,067,white,132393.217757000005804
3958718,2.33,547,067FR01,067FR01,FR01,FORD 01,33,COBB,067,white,140268.115178999985801
3958775,3.18,532,067DU01,067DU01,DU01,DURHAM 01,33,COBB,067,white,122343.999989999996615
3958825,5.54,563,067KP03,067KP03,KP03,KEMP 03,33,COBB,067,white,123383.605978000006871
3958891,2.45,548,067FY01,067FY01,FY01,FREY 01,33,COBB,067,white,121066.425675999998930
3958944,2.02,569,067LM04,067LM04,LM04,LOST MOUNTAIN 04,33,COBB,067,white,130492.169301000001724
3958991,9.31,593,067MS01,067MS01,MS01,MARS HILL 01,33,COBB,067,white,105760.970971000002464
3959109,1.48,570,067LW01,067LW01,LW01,LEWIS 01,33,COBB,067,white,99747.796857199995429
5047868,2.27,1788,135131,135131,131,SUWANEE E,67,GWINNETT,135,white,145658.999952000012854
5047916,2.21,1661,1354,1354,4,SUWANEE A,67,GWINNETT,135,white,100037.072778000001563
5047982,2.17,1755,13598,13598,98,GOODWINS F,67,GWINNETT,135,white,86616.212071600006311
5048051,2.76,1799,135142,135142,142,SUWANEE F,67,GWINNETT,135,,108954.871968999999808
5048109,2.84,1757,135100,135100,100,SUWANEE B,67,GWINNETT,135,,108992.821251999994274
5048163,2.38,1687,13530,13530,30,CATES C,67,GWINNETT,135,,70953.640445800003363
5084595,2.13,1727,13570,13570,70,GOODWINS B,67,GWINNETT,135,white,102252.999949999997625
5084641,2.75,1683,13526,13526,26,HOG MOUNTAIN A,67,GWINNETT,135,,82901.170436999993399
5084696,2.16,1688,13531,13531,31,HOG MOUNTAIN D,67,GWINNETT,135,white,89986.560527699999511
5084745,4.43,1793,135136,135136,136,HOG MOUNTAIN C,67,GWINNETT,135,white,80519.214858299994376
5084801,4.87,1724,13567,13567,67,PUCKETTS E,67,GWINNETT,135,white,80968.037822199999937
5084859,2.41,1728,13571,13571,71,LAWRENCEVILLE F,67,GWINNETT,135,,80776.939056599992909
5084911,4.50,1801,135144,135144,144,LAWRENCEVILLE M,67,GWINNETT,135,,70796.557916200006730
5084980,5.63,1684,13527,13527,27,HOG MOUNTAIN B,67,GWINNETT,135,white,86588.316059000004316
4302647,1.83,546,067FP01,067FP01,FP01,FULLERS PARK 01,33,COBB,067,white,130850.902409999995143
4302716,1.87,626,067SM01,067SM01,SM01,SEWELL MILL 01,33,COBB,067,white,125454.990659000002779
4302796,1.94,577,067MD01,067MD01,MD01,MURDOCK 01,33,COBB,067,white,126857.326325999994879
4302856,1.99,597,067MT04,067MT04,MT04,MT BETHEL 04,33,COBB,067,white,209538.999634999985574
4302911,1.67,534,067EA01,067EA01,EA01,EASTSIDE 01,33,COBB,067,white,122972.150886000003084
4302972,1.19,531,067DO01,067DO01,DO01,DODGEN 01,33,COBB,067,white,135135.423005999997258
4303023,1.43,527,067CR01,067CR01,CR01,CHESTNUT RIDGE 01,33,COBB,067,white,126045.486548999993829
4303089,1.67,622,067RW02,067RW02,RW02,ROSWELL 02,33,COBB,067,white,153556.991168000007747
4189043,1.96,648,067WG02,067WG02,WG02,WADE GREEN 02,33,COBB,067,white,84696.192692700002226
4189087,1.11,513,067BG02,067BG02,BG02,BIG SHANTY 02,33,COBB,067,white,101215.728602000002866
4189152,1.03,618,067PT01,067PT01,PT01,PITNER 01,33,COBB,067,white,111668.999884999997448
4189207,3.75,523,067CK01,067CK01,CK01,CHALKER 01,33,COBB,067,white,57427.908314400003292
4189282,1.55,614,067PR01,067PR01,PR01,PALMER 01,33,COBB,067,white,87389.938606299998355
4189336,3.58,511,067BF03,067BF03,BF03,BELLS FERRY 03,33,COBB,067,white,77375.592799399993964
4088718,0.37,1237,12103E,12103E,03E,03E,60,FULTON,121,black,19653.498394700000063
4088790,0.22,1256,12104J,12104J,04J,04J,60,FULTON,121,black,25242.292841999998927
4088850,0.27,1242,12103L,12103L,03L,03L,60,FULTON,121,black,60667.999725900001067
4088903,0.71,1243,12103M,12103M,03M,03M,60,FULTON,121,white,57334.311990900001547
4088960,0.69,1244,12103N,12103N,03N,03N,60,FULTON,121,black,29787.499421699998493
4089035,0.57,1320,12109G1,12109G1,09G1,09G1,60,FULTON,121,white,67895.018272300003446
4089071,1.26,1321,12109G2,12109G2,09G2,09G2,60,FULTON,121,white,67895.000088300002972
4089133,0.44,1322,12109H,12109H,09H,09H,60,FULTON,121,white,67895.000000000000000
4709230,1.06,1310,12108M,12108M,08M,08M,60,FULTON,121,white,135365.035418999992544
4709303,0.58,1295,12107J,12107J,07J,07J,60,FULTON,121,white,125829.486436999999569
4709350,0.45,1294,12107H,12107H,07H,07H,60,FULTON,121,white,129059.000016000005417
4709398,0.57,1305,12108G,12108G,08G,08G,60,FULTON,121,white,118764.009888999993564
4709445,2.09,1300,12108C,12108C,08C,08C,60,FULTON,121,white,256389.389373999991221
4709523,2.00,1299,12108B,12108B,08B,08B,60,FULTON,121,white,245507.920083000004524
4709617,0.53,1280,12106I,12106I,06I,06I,60,FULTON,121,,69900.523023700006888
4756800,3.24,595,067MT01,067MT01,MT01,MT BETHEL 01,33,COBB,067,white,157721.753009000007296
4756865,0.25,1565,121SS18B,121SS18B,SS18B,SS18B,60,FULTON,121,white,90477.000419400006649
4756891,1.22,642,067TR01,067TR01,TR01,TIMBER RIDGE 01,33,COBB,067,white,157506.254458999988856
4756935,0.51,1537,121SS02A,121SS02A,SS02A,SS02A,60,FULTON,121,white,90477.000000000000000
4756981,1.08,1567,121SS19B,121SS19B,SS19B,SS19B,60,FULTON,121,white,77423.006892000004882
4757024,1.02,1566,121SS19A,121SS19A,SS19A,SS19A,60,FULTON,121,,66247.939110799998161
4757069,0.00,1573,121SS29B,121SS29B,SS29B,SS29B,60,FULTON,121,,103129.000000000000000
4757085,0.76,1571,121SS26,121SS26,SS26,SS26,60,FULTON,121,,57995.784113499998057
4757134,0.94,1568,121SS20,121SS20,SS20,SS20,60,FULTON,121,,68393.684578500004136
4757210,2.37,1569,121SS22,121SS22,SS22,SS22,60,FULTON,121,,52899.405146999997669
4757297,1.34,1481,121RW11A,121RW11A,RW11A,RW11A,60,FULTON,121,white,92566.177128099996480
5102293,1.11,1489,121RW19,121RW19,RW19,RW19,60,FULTON,121,white,187821.165650999988429
5102342,1.35,1450,121ML012,121ML012,ML012,ML012,60,FULTON,121,white,177525.000024000008125
5102394,1.22,1451,121ML01B,121ML01B,ML01B,ML01B,60,FULTON,121,white,178143.432728000014322
5102464,0.89,1381,121AP04A,121AP04A,AP04A,AP04A,60,FULTON,121,white,138431.719884999998612
5102527,3.24,1449,121ML011,121ML011,ML011,ML011,60,FULTON,121,white,177524.999989000003552
5102671,0.34,1382,121AP04B,121AP04B,AP04B,AP04B,60,FULTON,121,white,177524.999494999996386
4587698,0.61,1267,12105A2,12105A2,05A2,05A2,60,FULTON,121,white,74509.831588300003204
4587787,0.17,1239,12103G,12103G,03G,03G,60,FULTON,121,black,15389.000147700000525
4587836,0.50,1248,12103T,12103T,03T,03T,60,FULTON,121,black,44311.887166300002718
4587898,0.16,1246,12103P2,12103P2,03P2,03P2,60,FULTON,121,black,21209.000000000000000
4587937,0.36,1253,12104F,12104F,04F,04F,60,FULTON,121,white,49896.510638300002029
4587984,0.62,1245,12103P1A,12103P1A,03P1A,03P1A,60,FULTON,121,white,53680.018610699997225
4588058,0.83,1241,12103I,12103I,03I,03I,60,FULTON,121,,66113.854175999993458
5109990,0.92,1384,121AP06,121AP06,AP06,AP06,60,FULTON,121,white,111870.317794999995385
5110054,1.46,1386,121AP07B,121AP07B,AP07B,AP07B,60,FULTON,121,white,138287.349974999990081
5110147,2.68,1454,121ML023,121ML023,ML023,ML023,60,FULTON,121,white,177681.167198999988614
5110196,0.52,1453,121ML022,121ML022,ML022,ML022,60,FULTON,121,white,190427.000000000000000
5110217,0.49,1389,121AP10,121AP10,AP10,AP10,60,FULTON,121,white,169333.999406999995699
5110267,2.57,1457,121ML04A,121ML04A,ML04A,ML04A,60,FULTON,121,white,163189.779536999994889
5110337,1.99,1385,121AP07A,121AP07A,AP07A,AP07A,60,FULTON,121,white,90764.221415499996510
5110420,0.38,1455,121ML024,121ML024,ML024,ML024,60,FULTON,121,white,190426.999955000006594
5110447,2.47,1458,121ML04B,121ML04B,ML04B,ML04B,60,FULTON,121,white,177112.076944000000367
5123124,6.61,1452,121ML021,121ML021,ML021,ML021,60,FULTON,121,white,187591.470591999997851
5123250,7.55,1456,121ML03,121ML03,ML03,ML03,60,FULTON,121,white,190427.000000000000000
5123328,2.07,1467,121ML07A,121ML07A,ML07A,ML07A,60,FULTON,121,white,190427.000000000000000
5123375,0.73,1461,121ML05B,121ML05B,ML05B,ML05B,60,FULTON,121,white,190427.000000000000000
4572674,0.89,1356,12112B,12112B,12B,12B,60,FULTON,121,black,48162.999950199999148
4572745,0.40,1370,12112S,12112S,12S,12S,60,FULTON,121,black,37724.999975600003381
4572780,0.91,1214,12101J,12101J,01J,01J,60,FULTON,121,black,30444.827064900000551
4572853,0.89,1206,12101C1,12101C1,01C1,01C1,60,FULTON,121,black,38173.076543499999389
4572959,0.38,1355,12112A,12112A,12A,12A,60,FULTON,121,black,48162.999643800001650
4573012,0.97,1366,12112K,12112K,12K,12K,60,FULTON,121,black,29682.513053800001217
4573078,0.30,1369,12112N,12112N,12N,12N,60,FULTON,121,black,28004.012575400000060
4573125,0.30,1250,12104B,12104B,04B,04B,60,FULTON,121,black,43957.395299600000726
5212434,7.22,1712,13555,13555,55,SUGAR HILL D,67,GWINNETT,135,white,64396.660375100000238
5212593,2.46,1759,135102,135102,102,PUCKETTS B,67,GWINNETT,135,white,79498.692670799995540
5207290,7.72,1681,13524,13524,24,SUGAR HILL A,67,GWINNETT,135,,73604.642859800005681
4070117,0.86,1337,12110K,12110K,10K,10K,60,FULTON,121,black,40334.987868900003377
4070173,0.96,1333,12110G,12110G,10G,10G,60,FULTON,121,black,38163.730311999999685
4070229,0.72,1348,12111H,12111H,11H,11H,60,FULTON,121,black,44749.092336100002285
4070283,1.18,1336,12110J,12110J,10J,10J,60,FULTON,121,black,27505.421290300000692
4070328,0.96,1367,12112L,12112L,12L,12L,60,FULTON,121,black,24448.601274699998612
4070388,0.20,1362,12112G,12112G,12G,12G,60,FULTON,121,black,23800.000051300001360
4070426,0.61,1358,12112D,12112D,12D,12D,60,FULTON,121,black,23984.776375699999335
5189844,1.68,1798,135141,135141,141,SUGAR HILL G,67,GWINNETT,135,white,111178.852138999995077
5189918,5.86,1682,13525,13525,25,SUGAR HILL B,67,GWINNETT,135,white,80193.293755899998359
5190056,2.68,1746,13589,13589,89,SUGAR HILL E,67,GWINNETT,135,white,88062.594504799999413
5190127,6.69,1711,13554,13554,54,SUGAR HILL C,67,GWINNETT,135,white,83876.529741200007265
4466510,0.49,1468,121MP01,121MP01,MP01,MP01,60,FULTON,121,white,175478.000000000000000
5176207,4.02,1787,135130,135130,130,SUWANEE D,67,GWINNETT,135,white,111176.408953000005567
4309882,1.64,528,067DC01,067DC01,DC01,DICKERSON 01,33,COBB,067,white,132366.422976000001654
4309943,1.45,623,067SA01,067SA01,SA01,SANDY PLAINS 01,33,COBB,067,white,126620.496245999995153
4310004,1.50,613,067PP01,067PP01,PP01,POPE 01,33,COBB,067,white,133844.556198000005679
4310058,0.81,575,067MB01,067MB01,MB01,MABRY 01,33,COBB,067,white,151583.999727999995230
4310099,1.07,533,067DV01,067DV01,DV01,DAVIS 01,33,COBB,067,white,107699.000000000000000
4310135,1.44,549,067GM01,067GM01,GM01,GARRISON MILL 01,33,COBB,067,white,106741.000260000000708
4310182,2.77,612,067PO01,067PO01,PO01,POST OAK 01,33,COBB,067,white,138681.999948999990011
4310243,2.12,553,067HT01,067HT01,HT01,HIGHTOWER 01,33,COBB,067,white,145838.999948000011500
4310313,1.73,624,067SF01,067SF01,SF01,SHALLOWFORD FALLS 01,33,COBB,067,white,137689.696570000000065
5133692,0.02,1460,121ML05A,121ML05A,ML05A,ML05A,60,FULTON,121,white,169334.000000000000000
5133717,0.97,1463,121ML06A,121ML06A,ML06A,ML06A,60,FULTON,121,white,89105.496109300001990
5133795,2.54,1391,121AP12B,121AP12B,AP12B,AP12B,60,FULTON,121,white,163711.151848999987124
5133844,2.47,1462,121ML05C,121ML05C,ML05C,ML05C,60,FULTON,121,white,131507.554028000013204
5133912,0.22,1459,121ML04C,121ML04C,ML04C,ML04C,60,FULTON,121,white,184433.586749999987660
5133935,0.12,1465,121ML071,121ML071,ML071,ML071,60,FULTON,121,white,190427.000000000000000
5133960,0.88,1464,121ML06B,121ML06B,ML06B,ML06B,60,FULTON,121,white,87754.078629099996760
4721384,2.94,1551,121SS09B,121SS09B,SS09B,SS09B,60,FULTON,121,white,107793.915473999993992
4721461,0.39,1558,121SS13B,121SS13B,SS13B,SS13B,60,FULTON,121,white,170781.917706000007456
4721504,0.12,1555,121SS11D,121SS11D,SS11D,SS11D,60,FULTON,121,,92761.000025400004233
4721528,0.47,1553,121SS11B,121SS11B,SS11B,SS11B,60,FULTON,121,,92760.987716300005559
4721564,1.13,1542,121SS06,121SS06,SS06,SS06,60,FULTON,121,white,69192.997756700002356
4721614,1.06,1541,121SS05,121SS05,SS05,SS05,60,FULTON,121,,58602.005456099999719
4721657,0.50,1564,121SS18A,121SS18A,SS18A,SS18A,60,FULTON,121,,71783.735312499993597
4721692,0.62,1574,121SS31,121SS31,SS31,SS31,60,FULTON,121,white,69229.119689900006051
4721728,0.68,1539,121SS03,121SS03,SS03,SS03,60,FULTON,121,white,69193.000340300000971
4721768,0.53,1557,121SS13A,121SS13A,SS13A,SS13A,60,FULTON,121,white,94140.000000000000000
4721812,0.91,1552,121SS11A,121SS11A,SS11A,SS11A,60,FULTON,121,white,98018.527836099994602
4721860,0.09,1554,121SS11C,121SS11C,SS11C,SS11C,60,FULTON,121,,101716.448225999993156
4721892,0.75,1559,121SS14,121SS14,SS14,SS14,60,FULTON,121,white,162671.225707000005059
4090002,0.85,1307,12108J,12108J,08J,08J,60,FULTON,121,white,138801.245248999999603
4549249,1.41,446,063FP4,063FP4,FP4,FOREST PARK 4,31,CLAYTON,063,,48873.556082299997797
4549326,4.55,443,063FP1,063FP1,FP1,FOREST PARK 1,31,CLAYTON,063,black,37380.073044299999310
4549411,2.41,1425,121HP01,121HP01,HP01,HP01,60,FULTON,121,,52696.973018299999239
4549506,1.04,1359,12112E1,12112E1,12E1,12E1,60,FULTON,121,black,22402.711839700001292
5144364,2.81,1383,121AP05,121AP05,AP05,AP05,60,FULTON,121,white,158709.308464000001550
5144483,3.10,1466,121ML072,121ML072,ML072,ML072,60,FULTON,121,white,190427.000000000000000
5144618,0.27,1388,121AP09B,121AP09B,AP09B,AP09B,60,FULTON,121,white,115719.401278999997885
4749370,3.86,811,089CE,089CE,CE,CHAMBLEE (CHA),44,DEKALB,089,,73394.407251600001473
4749471,0.99,860,089HF,089HF,HF,HUNTLEY HILLS ELEM (,44,DEKALB,089,,65928.960333900002297
4749522,0.85,914,089PB,089PB,PB,PEACHTREE MIDDLE (DU,44,DEKALB,089,,59632.000189699996554
4749572,1.18,834,089DG,089DG,DG,DUNWOODY ELEM (DUN),44,DEKALB,089,white,145869.000001999986125
4749626,0.67,814,089CH,089CH,CH,CHESNUT ELEM (DUN),44,DEKALB,089,white,72004.690638500003843
4749683,0.74,961,089TG,089TG,TG,TILLY MILL ROAD (DUN,44,DEKALB,089,white,102101.255157000006875
4749740,1.54,596,067MT03,067MT03,MT03,MT BETHEL 03,33,COBB,067,white,168311.623110999993514
4003178,3.60,608,067PE01,067PE01,PE01,PEBBLEBROOK 01,33,COBB,067,black,54717.048450499998580
4003261,2.97,572,067MA02,067MA02,MA02,MABLETON 02,33,COBB,067,,59046.846202699998685
4003418,5.63,518,067BT02,067BT02,BT02,BRYANT 02,33,COBB,067,black,40853.856120999997074
4003495,1.50,620,067RS01,067RS01,RS01,RIVERSIDE 01,33,COBB,067,black,46848.000101099998574
4095535,5.82,509,067AU1A,067AU1A,AU1A,AUSTELL 1A,33,COBB,067,black,59962.822039400001813
3991842,4.35,1500,121SC05D,121SC05D,SC05D,SC05D,60,FULTON,121,black,87960.762718300000415
3991934,0.95,1581,121UC02B,121UC02B,UC02B,UC02B,60,FULTON,121,black,99633.910888800004614
3991990,2.61,1499,121SC05B,121SC05B,SC05B,SC05B,60,FULTON,121,black,101950.239027000003261
3992064,0.02,1505,121SC08C,121SC08C,SC08C,SC08C,60,FULTON,121,black,48657.023763999997755
3992084,7.09,1523,121SC18B,121SC18B,SC18B,SC18B,60,FULTON,121,black,101953.999922999995761
4101823,2.27,524,067CL01,067CL01,CL01,CLARKDALE 01,33,COBB,067,black,60280.850890200003050
4101935,1.91,616,067PS2A,067PS2A,PS2A,POWDER SPRINGS 2A,33,COBB,067,black,66352.238689200006775
4102050,4.78,526,067CO01,067CO01,CO01,COOPER 01,33,COBB,067,black,64283.250309100003506
4102159,2.90,604,067OR02,067OR02,OR02,OREGON 02,33,COBB,067,,89559.999888499994995
3978694,7.41,1516,121SC13B,121SC13B,SC13B,SC13B,60,FULTON,121,white,56422.003734999998414
3978805,0.44,1498,121SC05A,121SC05A,SC05A,SC05A,60,FULTON,121,white,58258.223301400001219
3978839,7.58,1515,121SC13A,121SC13A,SC13A,SC13A,60,FULTON,121,white,56422.000288900002488
4084183,1.68,1324,12109K,12109K,09K,09K,60,FULTON,121,black,31091.922555199998897
4084259,1.67,1326,12109M,12109M,09M,09M,60,FULTON,121,white,118699.999949000004563
4084293,2.16,1318,12109E,12109E,09E,09E,60,FULTON,121,black,42531.662889200000791
4084366,2.57,1314,12109A,12109A,09A,09A,60,FULTON,121,,100512.153848000001744
4084426,0.13,1251,12104C,12104C,04C,04C,60,FULTON,121,black,35651.999810399996932
4084464,0.49,1233,12103A,12103A,03A,03A,60,FULTON,121,black,27740.662709899999754
4084507,0.32,1236,12103D,12103D,03D,03D,60,FULTON,121,black,27340.000029099999665
4084562,0.23,1234,12103B,12103B,03B,03B,60,FULTON,121,black,27406.000085200001195
4084596,0.77,1323,12109I,12109I,09I,09I,60,FULTON,121,black,40775.999998300001607
3966274,2.97,506,067AC1B,067AC1B,AC1B,ACWORTH 1B,33,COBB,067,white,56038.655155499996908
4108549,3.16,576,067MC01,067MC01,MC01,MACLAND 01,33,COBB,067,,70161.001977299994905
4108618,3.17,607,067OR05,067OR05,OR05,OREGON 05,33,COBB,067,white,115053.218288999996730
4108657,3.55,562,067KP02,067KP02,KP02,KEMP 02,33,COBB,067,white,99899.129528000004939
4108708,2.94,606,067OR04,067OR04,OR04,OREGON 04,33,COBB,067,,67348.999993200006429
4108766,2.01,530,067DL01,067DL01,DL01,DOWELL 01,33,COBB,067,white,116142.006678999998257
4108814,4.74,522,067CH03,067CH03,CH03,CHEATHAM HILL 03,33,COBB,067,white,101431.856002999993507
4108873,3.60,571,067MA01,067MA01,MA01,MABLETON 01,33,COBB,067,,76526.113459500003955
4113705,1.81,640,067SW02,067SW02,SW02,SWEETWATER 02,33,COBB,067,black,48164.307931700001063
4113758,2.29,516,067BR02,067BR02,BR02,BIRNEY 02,33,COBB,067,white,88901.414403100003256
4113820,1.65,515,067BR01,067BR01,BR01,BIRNEY 01,33,COBB,067,,81757.999998300001607
4113874,2.58,573,067MA03,067MA03,MA03,MABLETON 03,33,COBB,067,white,90712.683619400006137
4113965,1.37,574,067MA04,067MA04,MA04,MABLETON 04,33,COBB,067,white,85874.592357100002118
3963027,4.30,505,067AC1A,067AC1A,AC1A,ACWORTH 1A,33,COBB,067,white,86606.920004600004177
3950623,4.37,578,067ME01,067ME01,ME01,MCEACHERN 01,33,COBB,067,,80636.292889100004686
3950747,3.75,566,067LM01,067LM01,LM01,LOST MOUNTAIN 01,33,COBB,067,white,115676.017844000001787
3950803,1.75,603,067OR01,067OR01,OR01,OREGON 01,33,COBB,067,white,113406.000006999995094
3950938,1.60,643,067VA01,067VA01,VA01,VAUGHAN 01,33,COBB,067,white,133633.008537999994587
3942237,2.95,615,067PS1A,067PS1A,PS1A,POWDER SPRINGS 1A,33,COBB,067,,72507.599239200004376
3942396,2.36,617,067PS3A,067PS3A,PS3A,POWDER SPRINGS 3A,33,COBB,067,,69734.906338100001449
3942492,5.62,568,067LM03,067LM03,LM03,LOST MOUNTAIN 03,33,COBB,067,white,127437.776916999995592
3935449,3.61,639,067SW01,067SW01,SW01,SWEETWATER 01,33,COBB,067,,71456.304036600005929
3935549,7.03,525,067CL02,067CL02,CL02,CLARKDALE 02,33,COBB,067,black,67228.703823799995007
4136554,2.47,584,067MR3A,067MR3A,MR3A,MARIETTA 3A,33,COBB,067,,59452.946862999997393
4136743,2.82,552,067HR01,067HR01,HR01,HARRISON 01,33,COBB,067,white,129495.146668999994290
4136802,1.19,561,067KP01,067KP01,KP01,KEMP 01,33,COBB,067,white,115967.162530000001425
4136843,1.24,580,067ML01,067ML01,ML01,MCCLURE 01,33,COBB,067,white,98471.004523700001300
4154967,2.08,598,067NC01,067NC01,NC01,NORTH COBB 01,33,COBB,067,white,74359.470199999996112
4193708,3.28,635,067SN7B,067SN7B,SN7B,SMYRNA 7B,33,COBB,067,,114849.058097000000998
4060669,5.72,1517,121SC14,121SC14,SC14,SC14,60,FULTON,121,black,42668.925038900000800
4060753,4.58,551,067HL01,067HL01,HL01,HARMONY-LELAND 01,33,COBB,067,,80364.006791199994041
4060829,4.56,565,067LI01,067LI01,LI01,LINDLEY 01,33,COBB,067,,133845.983743999997387
4040235,0.54,1406,121CP04,121CP04,CP04,CP04,60,FULTON,121,black,36599.833644600003026
4040285,0.86,1403,121CP012,121CP012,CP012,CP012,60,FULTON,121,,39986.870905800002220
4040357,2.94,1421,121EP03,121EP03,EP03,EP03,60,FULTON,121,black,40753.959532499997295
4040447,0.42,1402,121CP011,121CP011,CP011,CP011,60,FULTON,121,,40399.868584199997713
4040501,2.41,1419,121EP01,121EP01,EP01,EP01,60,FULTON,121,black,42070.821330400001898
4024572,1.13,1525,121SC19B,121SC19B,SC19B,SC19B,60,FULTON,121,black,47644.205590799996571
4024666,5.35,1422,121EP04,121EP04,EP04,EP04,60,FULTON,121,black,44235.306416100000206
4024863,0.94,1407,121CP051,121CP051,CP051,CP051,60,FULTON,121,black,51275.844322299999476
4024913,0.22,1411,121CP07A,121CP07A,CP07A,CP07A,60,FULTON,121,black,35016.000338099998771
4024949,0.98,1353,12111P,12111P,11P,11P,60,FULTON,121,black,45767.339795699997921
4019590,0.77,1512,121SC10,121SC10,SC10,SC10,60,FULTON,121,black,41164.036343200001284
4019681,0.20,1414,121CP081,121CP081,CP081,CP081,60,FULTON,121,black,41166.000105200000689
4019733,0.77,1579,121UC01E,121UC01E,UC01E,UC01E,60,FULTON,121,black,48657.190387900001951
4019773,0.07,1519,121SC17A,121SC17A,SC17A,SC17A,60,FULTON,121,black,48657.006409000001440
4019795,1.47,1521,121SC17C,121SC17C,SC17C,SC17C,60,FULTON,121,black,40697.982523699996818
4019845,0.28,1524,121SC19A,121SC19A,SC19A,SC19A,60,FULTON,121,black,39780.211560499999905
4019893,1.24,1522,121SC18A,121SC18A,SC18A,SC18A,60,FULTON,121,black,53108.645160499996564
4019936,1.29,1346,12111E3,12111E3,11E3,11E3,60,FULTON,121,black,50016.148086599998351
4019988,1.84,1344,12111E1,12111E1,11E1,11E1,60,FULTON,121,black,51445.000010999996448
4020043,0.42,1345,12111E2,12111E2,11E2,11E2,60,FULTON,121,black,51445.000000000000000
3985193,10.36,1580,121UC02A,121UC02A,UC02A,UC02A,60,FULTON,121,black,58366.704972599996836
3985484,0.82,1508,121SC08F,121SC08F,SC08F,SC08F,60,FULTON,121,black,48657.000000000000000
3997751,9.82,1495,121SC01B,121SC01B,SC01B,SC01B,60,FULTON,121,black,87927.941180800000438
3997836,0.91,1496,121SC02,121SC02,SC02,SC02,60,FULTON,121,black,71485.739274899999145
3997883,5.53,1518,121SC16,121SC16,SC16,SC16,60,FULTON,121,black,81562.999951100006001
3997943,0.86,517,067BT01,067BT01,BT01,BRYANT 01,33,COBB,067,black,48001.379958099998476
4054803,2.37,1343,12111C,12111C,11C,11C,60,FULTON,121,black,71432.853736499993829
4054874,0.25,1534,121SC30A,121SC30A,SC30A,SC30A,60,FULTON,121,black,71467.000000000000000
4054898,1.90,1327,12110A,12110A,10A,10A,60,FULTON,121,black,37740.316404299999704
4054945,0.62,1329,12110C,12110C,10C,10C,60,FULTON,121,black,29262.031822600001760
4054976,1.27,1352,12111N,12111N,11N,11N,60,FULTON,121,black,50322.036604599998100
4055034,2.16,1351,12111M,12111M,11M,11M,60,FULTON,121,black,52641.999969700002111
4055093,1.12,1535,121SC30B,121SC30B,SC30B,SC30B,60,FULTON,121,black,61707.450513600000704
4055149,1.85,1338,12110L,12110L,10L,10L,60,FULTON,121,black,72578.999608500002068
4055221,0.23,1341,12110R,12110R,10R,10R,60,FULTON,121,black,27503.999831199998880
4055250,0.46,1328,12110B,12110B,10B,10B,60,FULTON,121,black,72579.000000000000000
4055289,0.21,1335,12110I,12110I,10I,10I,60,FULTON,121,black,71919.225178199994843
4055314,0.99,1334,12110H,12110H,10H,10H,60,FULTON,121,black,31296.765471599999728
4048967,3.96,1420,121EP02,121EP02,EP02,EP02,60,FULTON,121,black,43866.797189099997922
4049172,3.16,1342,12111B,12111B,11B,11B,60,FULTON,121,black,65759.240361000003759
4065602,1.86,1330,12110D,12110D,10D,10D,60,FULTON,121,black,26177.607969799999410
4065666,0.58,1331,12110E,12110E,10E,10E,60,FULTON,121,black,33518.528069799998775
4065711,0.77,1340,12110P,12110P,10P,10P,60,FULTON,121,black,32046.999983999998221
4065744,1.14,1316,12109C,12109C,09C,09C,60,FULTON,121,black,40447.999698799998441
4065791,1.81,1315,12109B,12109B,09B,09B,60,FULTON,121,black,35970.821480899998278
4065829,1.78,1325,12109L,12109L,09L,09L,60,FULTON,121,black,40094.060653400003503
4065901,0.48,1354,12111R,12111R,11R,11R,60,FULTON,121,black,21537.944844800000283
4065949,1.29,1350,12111K,12111K,11K,11K,60,FULTON,121,black,42006.488536800003203
4066002,0.34,1347,12111G,12111G,11G,11G,60,FULTON,121,black,25664.156582499999786
4066041,0.20,1364,12112I,12112I,12I,12I,60,FULTON,121,black,28534.901375900000858
4074331,0.75,1357,12112C,12112C,12C,12C,60,FULTON,121,black,41225.999839399999473
4074413,0.62,1260,12104S,12104S,04S,04S,60,FULTON,121,black,46545.999876000001677
4074471,0.50,1264,12104X1,12104X1,04X1,04X1,60,FULTON,121,black,35759.020093699997233
4074548,0.25,1259,12104M,12104M,04M,04M,60,FULTON,121,black,21568.000000000000000
4074582,0.34,1261,12104T,12104T,04T,04T,60,FULTON,121,black,35386.000000000000000
4074632,0.58,1339,12110M,12110M,10M,10M,60,FULTON,121,black,36298.822261000001163
4074689,0.21,1265,12104X2,12104X2,04X2,04X2,60,FULTON,121,black,35959.134346400001959
4074744,0.47,1258,12104L,12104L,04L,04L,60,FULTON,121,black,36129.999952099999064
4074786,0.36,1252,12104D,12104D,04D,04D,60,FULTON,121,black,35651.999956699997711
4079016,0.27,1254,12104G,12104G,04G,04G,60,FULTON,121,black,36778.000000000000000
4079062,0.32,1249,12104A,12104A,04A,04A,60,FULTON,121,black,30341.999994500001776
4079117,0.63,1257,12104K,12104K,04K,04K,60,FULTON,121,black,35074.084176099997421
4079166,0.08,1263,12104W,12104W,04W,04W,60,FULTON,121,black,38930.923972099997627
4079200,0.49,1332,12110F,12110F,10F,10F,60,FULTON,121,black,40447.816944400001375
4079242,0.53,1247,12103S,12103S,03S,03S,60,FULTON,121,black,35997.000003900000593
4079308,0.82,1317,12109D,12109D,09D,09D,60,FULTON,121,black,26088.668821600000228
4079380,0.86,1235,12103C,12103C,03C,03C,60,FULTON,121,black,39291.383851300000970
4079432,0.33,1240,12103H,12103H,03H,03H,60,FULTON,121,black,35997.000025100001949
4124660,2.58,605,067OR03,067OR03,OR03,OREGON 03,33,COBB,067,,56990.648289099997783
4124869,1.21,582,067MR2A,067MR2A,MR2A,MARIETTA 2A,33,COBB,067,white,89297.679913900006795
4118021,2.34,600,067NP01,067NP01,NP01,NORTON PARK 01,33,COBB,067,,78399.940655500002322
4118177,2.50,542,067FO01,067FO01,FO01,FAIR OAKS 01,33,COBB,067,,59273.000472799998533
4295661,1.89,564,067LA01,067LA01,LA01,LASSITER 01,33,COBB,067,white,135333.297273000003770
4295749,0.96,560,067KL01,067KL01,KL01,KELL 01,33,COBB,067,white,90600.000032399999327
4295798,1.70,619,067RM01,067RM01,RM01,ROCKY MOUNT 01,33,COBB,067,white,107844.870771000001696
4295865,2.12,535,067EA02,067EA02,EA02,EASTSIDE 02,33,COBB,067,white,103993.958473000006052
4295947,1.18,636,067SO01,067SO01,SO01,SOPE CREEK 01,33,COBB,067,white,128431.999861000003875
4129892,2.05,543,067FO02,067FO02,FO02,FAIR OAKS 02,33,COBB,067,,52712.439210700002150
4129965,1.38,544,067FO04,067FO04,FO04,FAIR OAKS 04,33,COBB,067,,44912.279533100001572
4130048,1.94,583,067MR2B,067MR2B,MR2B,MARIETTA 2B,33,COBB,067,,65711.179934200001298
4289302,1.77,510,067BF02,067BF02,BF02,BELLS FERRY 02,33,COBB,067,white,88512.990191899996717
4289361,1.73,519,067BW01,067BW01,BW01,BLACKWELL 01,33,COBB,067,white,92280.849366700000246
4289422,2.55,550,067GT01,067GT01,GT01,GRITTERS 01,33,COBB,067,white,86430.056444799993187
4289508,1.12,579,067MK01,067MK01,MK01,MCCLESKEY 01,33,COBB,067,white,102494.999955999999656
4289568,1.92,601,067NS01,067NS01,NS01,NICHOLSON 01,33,COBB,067,white,98730.824213300002157
4289645,1.31,508,067AD01,067AD01,AD01,ADDISON 01,33,COBB,067,white,96407.007540000005974
4289689,0.91,625,067SI01,067SI01,SI01,SIMPSON 01,33,COBB,067,white,123586.000048999994760
4275541,1.28,590,067MR6A,067MR6A,MR6A,MARIETTA 6A,33,COBB,067,white,58686.295743399998173
4263885,2.96,589,067MR5B,067MR5B,MR5B,MARIETTA 5B,33,COBB,067,white,71131.401242000007187
4144240,2.36,554,067HY01,067HY01,HY01,HAYES 01,33,COBB,067,white,93193.964376300005824
4144356,3.46,611,067PM02,067PM02,PM02,PINE MOUNTAIN 02,33,COBB,067,white,86939.859680699999444
4144474,4.17,521,067CH02,067CH02,CH02,CHEATHAM HILL 02,33,COBB,067,white,96504.704698000001372
4244199,1.55,609,067PF01,067PF01,PF01,POWERS FERRY 01,33,COBB,067,white,72146.583732800005237
4244374,3.43,1302,12108E,12108E,08E,08E,60,FULTON,121,white,269010.312052999972366
4244438,2.37,647,067VG04,067VG04,VG04,VININGS 04,33,COBB,067,white,126661.805271999997785
4237877,2.86,592,067MR7A,067MR7A,MR7A,MARIETTA 7A,33,COBB,067,,45574.965918399997463
4228140,1.39,545,067FO05,067FO05,FO05,FAIR OAKS 05,33,COBB,067,,40611.738672799998312
4228201,3.25,581,067MR1A,067MR1A,MR1A,MARIETTA 1A,33,COBB,067,,44243.574062599996978
4221239,6.20,529,067DI01,067DI01,DI01,DOBBINS 01,33,COBB,067,,48433.565437899997050
4213327,1.87,632,067SN5A,067SN5A,SN5A,SMYRNA 5A,33,COBB,067,,49751.093611199998122
4213464,1.69,630,067SN3A,067SN3A,SN3A,SMYRNA 3A,33,COBB,067,,57525.256146400002763
4167376,1.34,587,067MR4C,067MR4C,MR4C,MARIETTA 4C,33,COBB,067,white,74968.787849999993341
4167456,3.12,557,067KE3A,067KE3A,KE3A,KENNESAW 3A,33,COBB,067,white,75715.030465500007267
4171830,1.30,585,067MR4A,067MR4A,MR4A,MARIETTA 4A,33,COBB,067,white,83951.000000000000000
4171900,1.45,588,067MR5A,067MR5A,MR5A,MARIETTA 5A,33,COBB,067,,54417.304679100001522
4198264,2.33,634,067SN7A,067SN7A,SN7A,SMYRNA 7A,33,COBB,067,white,99052.127222099996288
4198436,2.08,631,067SN4A,067SN4A,SN4A,SMYRNA 4A,33,COBB,067,white,88558.903579499994521
4184211,1.96,541,067EP01,067EP01,EP01,EAST PIEDMONT 01,33,COBB,067,white,64825.244637199997669
4184291,1.28,555,067KE1A,067KE1A,KE1A,KENNESAW 1A,33,COBB,067,white,77015.505026900005760
4184445,5.31,512,067BG01,067BG01,BG01,BIG SHANTY 01,33,COBB,067,white,69130.726380199994310
4178077,1.38,586,067MR4B,067MR4B,MR4B,MARIETTA 4B,33,COBB,067,white,65071.698348799996893
4178201,3.08,536,067EL01,067EL01,EL01,ELIZABETH 01,33,COBB,067,white,68561.617211300006602
4149489,2.24,610,067PM01,067PM01,PM01,PINE MOUNTAIN 01,33,COBB,067,white,114203.499666000003344
4149561,1.75,556,067KE2A,067KE2A,KE2A,KENNESAW 2A,33,COBB,067,white,85698.927101499997661
4149702,1.47,594,067MS02,067MS02,MS02,MARS HILL 02,33,COBB,067,white,98446.033518500000355
4160720,1.51,507,067AC1C,067AC1C,AC1C,ACWORTH 1C,33,COBB,067,white,79031.163716299997759
4160870,1.73,558,067KE4A,067KE4A,KE4A,KENNESAW 4A,33,COBB,067,white,77266.296922199995606
4160936,1.67,559,067KE5A,067KE5A,KE5A,KENNESAW 5A,33,COBB,067,white,79632.880997300002491
4161012,2.26,514,067BK01,067BK01,BK01,BAKER 01,33,COBB,067,white,83133.409111000000848
4203249,1.68,602,067OK01,067OK01,OK01,OAKDALE 01,33,COBB,067,white,114410.028122999996413
4203435,2.03,599,067NJ01,067NJ01,NJ01,NICKAJACK 01,33,COBB,067,white,96528.866241099996842
4208674,1.89,633,067SN6A,067SN6A,SN6A,SMYRNA 6A,33,COBB,067,white,117261.097559999994701
4208817,1.17,646,067VG03,067VG03,VG03,VININGS 03,33,COBB,067,white,101153.096720999994432
4208898,1.60,645,067VG02,067VG02,VG02,VININGS 02,33,COBB,067,,85128.583179699999164
4231120,1.11,629,067SN2A,067SN2A,SN2A,SMYRNA 2A,33,COBB,067,,63168.530448500001512
4231203,1.16,628,067SN1A,067SN1A,SN1A,SMYRNA 1A,33,COBB,067,,62805.528689400001895
4269347,1.91,591,067MR6B,067MR6B,MR6B,MARIETTA 6B,33,COBB,067,white,84439.884306399995694
4269518,1.63,537,067EL02,067EL02,EL02,ELIZABETH 02,33,COBB,067,white,71124.885438500001328
4283556,1.46,539,067EL04,067EL04,EL04,ELIZABETH 04,33,COBB,067,white,69450.428327200002968
4283656,2.39,627,067SM03,067SM03,SM03,SEWELL MILL 03,33,COBB,067,white,77698.345705500003533
4283787,1.60,538,067EL03,067EL03,EL03,ELIZABETH 03,33,COBB,067,white,100849.673995999997715
4283868,1.34,540,067EL05,067EL05,EL05,ELIZABETH 05,33,COBB,067,white,107569.000056000004406
4661356,4.37,948,089SM,089SM,SM,SALEM MIDDLE,44,DEKALB,089,black,67964.371477299995604
4661421,1.17,902,089MV,089MV,MV,MILLER GROVE ROAD,44,DEKALB,089,black,79162.999761800005217
4661462,0.47,809,089CC,089CC,CC,COLUMBIA ELEM,44,DEKALB,089,black,37708.542492300002777
4661502,0.83,850,089FL,089FL,FL,FLAT SHOALS LIBRARY,44,DEKALB,089,black,53082.346522699997877
4661550,1.34,819,089CM,089CM,CM,COLUMBIA MIDDLE,44,DEKALB,089,black,48321.456227000002400
4661599,0.61,959,089TC,089TC,TC,TONEY ELEM,44,DEKALB,089,black,31018.000108799998998
4661641,0.87,872,089KE,089KE,KE,KNOLLWOOD ELEM,44,DEKALB,089,black,58064.277800900003058
4661698,1.03,964,089WA,089WA,WA,WADSWORTH ELEM,44,DEKALB,089,black,39815.870019000001776
4661752,0.66,942,089SG,089SG,SG,SNAPFINGER ELEM,44,DEKALB,089,black,49201.543375300003390
4811515,1.28,1723,13566,13566,66,PINCKNEYVILLE O,67,GWINNETT,135,hispanic,43949.955750599998282
4811580,3.80,1695,13538,13538,38,PINCKNEYVILLE F,67,GWINNETT,135,hispanic,48601.443447400000878
4811658,3.16,1716,13559,13559,59,PINCKNEYVILLE N,67,GWINNETT,135,,46957.034952800000610
4811745,0.73,906,089NC,089NC,NC,NORTH HAIRSTON,44,DEKALB,089,black,60236.999929300000076
4811793,2.40,799,089BF,089BF,BF,BROCKETT ELEM,44,DEKALB,089,,58317.667545700001938
5016710,1.53,1741,13584,13584,84,LAWRENCEVILLE G,67,GWINNETT,135,,80120.332356700004311
5016783,1.33,1807,135150,135150,150,DULUTH K,67,GWINNETT,135,,33750.978765699997894
5016839,2.54,1705,13548,13548,48,DULUTH B,67,GWINNETT,135,,72921.541211400006432
5016918,2.19,1753,13596,13596,96,DULUTH G,67,GWINNETT,135,,110492.900219000002835
5017020,2.38,1729,13572,13572,72,MARTINS E,67,GWINNETT,135,,44527.095684300002176
5024274,5.56,1752,13595,13595,95,DULUTH F,67,GWINNETT,135,,80415.673769999993965
5024380,3.52,1795,135138,135138,138,DULUTH I,67,GWINNETT,135,,104633.557228999998188
5024448,4.76,1426,121JC01,121JC01,JC01,JC01,60,FULTON,121,,145436.999940000008792
5024510,3.00,1664,1357,1357,7,DULUTH A,67,GWINNETT,135,white,98014.009097100002691
4683409,0.69,894,089MN,089MN,MN,MEMORIAL SOUTH,44,DEKALB,089,black,41417.746584499996970
4683453,1.39,893,089MM,089MM,MM,MEMORIAL NORTH,44,DEKALB,089,black,43097.116463500002283
4683534,1.37,965,089WB,089WB,WB,WESLEY CHAPEL LIBRAR,44,DEKALB,089,black,56502.000000000000000
4683587,1.30,954,089SS,089SS,SS,SNAPFINGER ROAD S,44,DEKALB,089,black,60566.238981599999534
4683656,1.27,886,089MF,089MF,MF,MCWILLIAMS,44,DEKALB,089,black,65251.999956400002702
4683697,2.57,889,089MI,089MI,MI,MIDDLE GROVE MIDDLE,44,DEKALB,089,black,47983.036645499996666
4683741,1.96,805,089BM,089BM,BM,BETHUNE MIDDLE,44,DEKALB,089,black,53747.683700399997178
4897053,5.86,939,089SD,089SD,SD,STONE MOUNTAIN ELEM,44,DEKALB,089,black,71286.143799400000717
4897167,2.38,973,089WN,089WN,WN,WYNBROOKE ELEM,44,DEKALB,089,black,73882.004222000003210
4897210,1.98,955,089ST,089ST,ST,STEPHENSON MIDDLE,44,DEKALB,089,black,77019.378142200002912
4897257,1.16,950,089SO,089SO,SO,SOUTH DESHON,44,DEKALB,089,black,76661.641635799998767
4897294,3.52,1721,13564,13564,64,GARNERS D,67,GWINNETT,135,black,68808.089994599999045
4677935,0.40,963,089VB,089VB,VB,VALLEY BROOK,44,DEKALB,089,,47316.000260300002992
4677979,1.80,938,089SC,089SC,SC,SHAW-ROBERT SHAW ELE,44,DEKALB,089,black,53268.773268500000995
4678058,0.34,826,089CT,089CT,CT,COVINGTON HWY,44,DEKALB,089,black,27600.000029700000596
4678088,1.71,928,089RG,089RG,RG,ROWLAND ELEM,44,DEKALB,089,black,35326.799883599996974
4678163,1.04,832,089DE,089DE,DE,DUNAIRE ELEM,44,DEKALB,089,black,58731.791089500002272
4678212,1.09,786,089AA,089AA,AA,ALLGOOD ELEM,44,DEKALB,089,black,63471.999823400001333
4678268,0.92,865,089IB,089IB,IB,INDIAN CREEK ELEM,44,DEKALB,089,black,37167.245448000001488
4678332,1.08,817,089CK,089CK,CK,CLARKSTON (CLA),44,DEKALB,089,black,37306.769437900002231
5054602,2.18,1667,13510,13510,10,CATES A,67,GWINNETT,135,white,93438.567377200000919
5054671,2.62,1738,13581,13581,81,CATES L,67,GWINNETT,135,,70051.997141400002874
5054739,3.19,1813,135156,135156,156,BAYCREEK J,67,GWINNETT,135,,80793.261453300001449
5054799,5.78,1698,13541,13541,41,BAYCREEK B,67,GWINNETT,135,,78720.270616399997380
5054869,2.91,1791,135134,135134,134,BAYCREEK F,67,GWINNETT,135,white,76728.000079699995695
5054950,1.75,1751,13594,13594,94,CATES N,67,GWINNETT,135,white,101025.320875000004889
5055013,1.65,1662,1355,1355,5,BAYCREEK A,67,GWINNETT,135,white,89086.685156599996844
4995527,1.51,1743,13586,13586,86,MARTINS F,67,GWINNETT,135,,48606.012506599996414
4995571,1.55,1691,13534,13534,34,BERKSHIRE F,67,GWINNETT,135,,58238.231217300002754
4995638,1.80,1776,135119,135119,119,BERKSHIRE O,67,GWINNETT,135,white,82742.489183600002434
4995707,1.85,1676,13519,13519,19,MARTINS C,67,GWINNETT,135,,59659.798733600000560
4995759,1.14,1700,13543,13543,43,MARTINS D,67,GWINNETT,135,,52116.175618399996893
4995799,1.78,1773,135116,135116,116,MARTINS I,67,GWINNETT,135,,62145.012093999997887
4995851,1.38,1774,135117,135117,117,MARTINS J,67,GWINNETT,135,,47118.605756700002530
4995902,2.01,1745,13588,13588,88,ROCKBRIDGE E,67,GWINNETT,135,black,56859.208317500000703
4726963,1.85,1556,121SS12,121SS12,SS12,SS12,60,FULTON,121,white,124374.241597000000183
4727036,0.33,1545,121SS07C,121SS07C,SS07C,SS07C,60,FULTON,121,white,108524.999953999998979
4727078,0.29,1544,121SS07B,121SS07B,SS07B,SS07B,60,FULTON,121,white,108524.999330999999074
4727115,0.62,1543,121SS07A,121SS07A,SS07A,SS07A,60,FULTON,121,white,84328.999961299996357
4727143,0.25,1547,121SS08B,121SS08B,SS08B,SS08B,60,FULTON,121,white,108524.991485999998986
4727163,0.26,1538,121SS02B,121SS02B,SS02B,SS02B,60,FULTON,121,white,90477.000000000000000
4727200,0.19,1548,121SS08C,121SS08C,SS08C,SS08C,60,FULTON,121,white,84329.000140499992995
4727222,1.07,1540,121SS04,121SS04,SS04,SS04,60,FULTON,121,,74517.004303699999582
4727266,0.53,1546,121SS08A,121SS08A,SS08A,SS08A,60,FULTON,121,white,108525.000018000006094
4727313,0.64,1549,121SS08D,121SS08D,SS08D,SS08D,60,FULTON,121,white,108525.020545000006678
4727353,1.01,1572,121SS29A,121SS29A,SS29A,SS29A,60,FULTON,121,,103129.000060000005760
4727400,0.79,876,089LC,089LC,LC,LAVISTA,44,DEKALB,089,,91469.393382099995506
4606138,0.90,1281,12106J,12106J,06J,06J,60,FULTON,121,,45081.057744999998249
4606213,0.48,1276,12106E,12106E,06E,06E,60,FULTON,121,white,72178.717463499997393
4606254,0.22,1285,12106Q,12106Q,06Q,06Q,60,FULTON,121,white,74875.000142300006701
4606291,0.92,1287,12106S,12106S,06S,06S,60,FULTON,121,white,59200.570121199998539
4606367,0.35,1279,12106H,12106H,06H,06H,60,FULTON,121,white,59582.267453200001910
4606414,1.23,1275,12106D,12106D,06D,06D,60,FULTON,121,white,71373.368955400001141
4606485,2.58,882,089MB,089MB,MB,MCNAIR HIGH,44,DEKALB,089,black,66331.633326499999384
4890864,0.99,879,089LH,089LH,LH,LITHONIA HIGH,44,DEKALB,089,black,55563.999965599999996
4890917,2.06,929,089RH,089RH,RH,REDAN-TROTTI LIBRARY,44,DEKALB,089,black,49647.557419999997364
4890970,6.70,966,089WD,089WD,WD,WOODROW ROAD,44,DEKALB,089,black,56197.940504400001373
4891022,0.90,877,089LD,089LD,LD,LITHONIA (LIT),44,DEKALB,089,black,48247.000000000000000
4891088,2.90,947,089SL,089SL,SL,STONEVIEW ELEM,44,DEKALB,089,black,43697.589428799998132
4891184,1.92,915,089PC,089PC,PC,PRINCETON ELEM,44,DEKALB,089,black,72649.000000800006092
4891226,1.41,924,089RC,089RC,RC,REDAN ELEM,44,DEKALB,089,black,72655.093784400000004
4891275,1.68,957,089SV,089SV,SV,STEPHENSON HIGH,44,DEKALB,089,black,72877.000004300003638
4597308,0.66,1309,12108L,12108L,08L,08L,60,FULTON,121,white,87289.000757799993153
4597358,0.06,1232,12102W,12102W,02W,02W,60,FULTON,121,white,87766.000000000000000
4597386,0.43,1238,12103F,12103F,03F,03F,60,FULTON,121,white,86784.256023900001310
4597453,0.16,1219,12102A,12102A,02A,02A,60,FULTON,121,white,46303.000138199997309
4597491,0.32,1286,12106R,12106R,06R,06R,60,FULTON,121,hispanic,37734.699005399997986
4597545,0.54,1284,12106N,12106N,06N,06N,60,FULTON,121,white,109896.950179000006756
4597585,0.51,1283,12106L2,12106L2,06L2,06L2,60,FULTON,121,white,87766.000090300003649
4597635,0.16,1231,12102S,12102S,02S,02S,60,FULTON,121,,57249.891225599996687
4597696,0.06,1272,12105J,12105J,05J,05J,60,FULTON,121,black,42941.585984999997891
4592246,0.07,1213,12101I,12101I,01I,01I,60,FULTON,121,black,34378.000159299997904
4592277,0.48,1220,12102B,12102B,02B,02B,60,FULTON,121,,57686.694355599996925
4592355,0.03,1269,12105C,12105C,05C,05C,60,FULTON,121,black,34376.674843900000269
4592382,0.28,1273,12105K,12105K,05K,05K,60,FULTON,121,black,30532.561755099999573
4592445,0.07,1270,12105D,12105D,05D,05D,60,FULTON,121,,52260.490388699996402
4592483,0.05,1271,12105F,12105F,05F,05F,60,FULTON,121,white,29512.000000000000000
4592512,0.19,1230,12102L2,12102L2,02L2,02L2,60,FULTON,121,white,100864.999874000001000
4592556,0.16,1221,12102C,12102C,02C,02C,60,FULTON,121,white,29512.001695800001471
4592598,0.27,1229,12102L1,12102L1,02L1,02L1,60,FULTON,121,hispanic,45188.972598499996820
4592656,0.13,1228,12102K,12102K,02K,02K,60,FULTON,121,,42950.000000000000000
4592696,0.44,1313,12108P,12108P,08P,08P,60,FULTON,121,white,67895.287214700001641
4592741,0.38,1308,12108K,12108K,08K,08K,60,FULTON,121,white,138803.068552999990061
4690405,0.93,822,089CP,089CP,CP,CROSSROADS,44,DEKALB,089,black,57954.985564700000396
4690467,1.32,843,089FA,089FA,FA,FAIRINGTON ELEM,44,DEKALB,089,black,48858.000025900000765
4690508,1.40,922,089PR,089PR,PR,PANOLA ROAD,44,DEKALB,089,black,39873.759637299997848
4690550,0.86,920,089PI,089PI,PI,PANOLA WAY ELEM,44,DEKALB,089,black,65558.032784399998491
4690597,0.88,974,089YA,089YA,YA,YOUNG ROAD,44,DEKALB,089,black,65615.125773299994762
4690649,0.85,934,089RM,089RM,RM,REDAN MIDDLE,44,DEKALB,089,black,50272.979264699999476
4690721,1.08,883,089MC,089MC,MC,MARBUT ELEM,44,DEKALB,089,black,55545.141678200001479
4690767,1.11,932,089RK,089RK,RK,REDAN ROAD,44,DEKALB,089,black,55080.000008399998478
4690820,1.29,968,089WG,089WG,WG,WOODRIDGE ELEM,44,DEKALB,089,black,51184.000033600001188
4690872,1.17,931,089RJ,089RJ,RJ,ROWLAND ROAD,44,DEKALB,089,black,63090.497549200001231
4696274,0.78,971,089WK,089WK,WK,WHITE OAK,44,DEKALB,089,black,47216.000030800001696
4696314,1.46,851,089FM,089FM,FM,FREEDOM MIDDLE,44,DEKALB,089,black,56095.404065499998978
4696390,0.26,916,089PE,089PE,PE,PINE LAKE (PIN),44,DEKALB,089,black,42070.049601899998379
4696424,1.35,857,089HA,089HA,HA,HAMBRICK ELEM,44,DEKALB,089,black,50233.864309800002957
4696487,1.32,926,089RE,089RE,RE,ROCKBRIDGE ELEM,44,DEKALB,089,black,41197.169033700003638
4696569,1.03,945,089SJ,089SJ,SJ,STONE MILL ELEM,44,DEKALB,089,black,36927.354500000001281
4696648,1.08,881,089MA,089MA,MA,MILLER-ELDRIDGE L MI,44,DEKALB,089,black,61031.415271300000313
4987496,2.92,1702,13545,13545,45,GARNERS B,67,GWINNETT,135,black,73877.092098099994473
4987574,1.32,1689,13532,13532,32,BERKSHIRE D,67,GWINNETT,135,white,97661.815649800002575
4987634,2.04,1668,13511,13511,11,BERKSHIRE A,67,GWINNETT,135,,48747.000191699997231
4987692,1.50,1777,135120,135120,120,BERKSHIRE P,67,GWINNETT,135,,60881.664557999996759
4987743,1.75,1766,135109,135109,109,BERKSHIRE M,67,GWINNETT,135,white,98089.307144899998093
4987808,1.43,1731,13574,13574,74,PINCKNEYVILLE Q,67,GWINNETT,135,,45760.925479300000006
4987842,1.52,1760,135103,135103,103,BERKSHIRE L,67,GWINNETT,135,,51231.414008899999317
4980233,1.18,1775,135118,135118,118,GARNERS F,67,GWINNETT,135,white,82412.762627300005988
4980290,2.11,1769,135112,135112,112,BERKSHIRE N,67,GWINNETT,135,white,77794.247137400001520
4980373,1.33,1690,13533,13533,33,BERKSHIRE E,67,GWINNETT,135,white,91737.999916899992968
4980424,1.49,1749,13592,13592,92,BERKSHIRE J,67,GWINNETT,135,white,101415.695334000003641
4980490,1.43,1706,13549,13549,49,GARNERS C,67,GWINNETT,135,white,80846.954551999995601
4980560,2.31,1671,13514,13514,14,GARNERS A,67,GWINNETT,135,white,106134.001048000005540
4627282,1.58,844,089FB,089FB,FB,FERNBANK ELEM,44,DEKALB,089,white,198544.827022999990731
4627356,0.88,841,089EG,089EG,EG,EMORY SOUTH,44,DEKALB,089,white,119116.973184999995283
4627411,0.36,866,089JA,089JA,JA,JOHNSON ESTATES (ATL,44,DEKALB,089,white,36435.589920400001574
4627457,0.99,796,089BC,089BC,BC,BRIAR VISTA ELEM,44,DEKALB,089,white,88264.167983599996660
4627524,1.08,835,089DH,089DH,DH,DRUID HILLS HIGH,44,DEKALB,089,white,134869.307608000002801
4627581,0.95,842,089ER,089ER,ER,EMORY ROAD,44,DEKALB,089,white,61829.829004599996551
4627620,1.10,875,089LB,089LB,LB,LAVISTA ROAD,44,DEKALB,089,white,75148.879686600004788
4817585,1.83,944,089SI,089SI,SI,STN MTN MIDDLE,44,DEKALB,089,black,44447.773361999999906
4817650,2.02,960,089TF,089TF,TF,TUCKER,44,DEKALB,089,white,96314.925588900005096
4817717,2.91,861,089HG,089HG,HG,HUGH HOWELL,44,DEKALB,089,,86195.768757700003334
4817787,2.57,943,089SH,089SH,SH,SMOKE RISE,44,DEKALB,089,white,117152.875736999994842
4817852,2.64,1669,13512,13512,12,BERKSHIRE B,67,GWINNETT,135,,60552.469154699996579
4817922,1.23,1805,135148,135148,148,BERKSHIRE Q,67,GWINNETT,135,,73174.953133000002708
4702609,1.44,956,089SU,089SU,SU,SOUTH HAIRSTON,44,DEKALB,089,black,60509.819442100000742
4702679,1.59,919,089PH,089PH,PH,PANOLA,44,DEKALB,089,black,63450.924165299999004
4702748,1.70,946,089SK,089SK,SK,SHADOW ROCK ELEM,44,DEKALB,089,black,72872.653367599996272
4702799,0.74,951,089SP,089SP,SP,STONE MTN CHAMPION (,44,DEKALB,089,black,43995.228424000000814
4702875,0.89,952,089SQ,089SQ,SQ,STONE MTN LIBRARY (S,44,DEKALB,089,black,64377.059446599996591
4702953,0.85,1306,12108H,12108H,08H,08H,60,FULTON,121,white,226996.999073999992106
4854352,2.69,1714,13557,13557,57,DULUTH D,67,GWINNETT,135,,68527.559090499999002
4854461,1.94,1739,13582,13582,82,DULUTH E,67,GWINNETT,135,,68022.574798400004511
4854529,1.46,1713,13556,13556,56,DULUTH C,67,GWINNETT,135,,60812.288017600003514
4854595,2.80,1438,121JC11,121JC11,JC11,JC11,60,FULTON,121,white,122981.463271000000532
4854652,1.03,1436,121JC09,121JC09,JC09,JC09,60,FULTON,121,white,120359.978589000005741
4854703,1.95,1434,121JC07,121JC07,JC07,JC07,60,FULTON,121,white,126839.488815999997314
4790699,0.56,1392,121AP12C,121AP12C,AP12C,AP12D,60,FULTON,121,,85109.957347699993988
4790744,0.67,949,089SN,089SN,SN,SHAMROCK,44,DEKALB,089,white,75154.000145400001202
4790786,0.58,907,089ND,089ND,ND,NORTHLAKE,44,DEKALB,089,white,110455.999955000006594
4790847,0.90,797,089BD,089BD,BD,BRIARLAKE ELEM,44,DEKALB,089,white,155996.999767000001157
4790927,1.51,925,089RD,089RD,RD,REHOBOTH,44,DEKALB,089,white,97723.888097599992761
4790997,1.46,969,089WI,089WI,WI,WARREN TECH,44,DEKALB,089,,56205.107798899996851
4828933,1.32,1722,13565,13565,65,BERKSHIRE H,67,GWINNETT,135,,58383.665703699996811
4828997,1.18,1780,135123,135123,123,PINCKNEYVILLE Y,67,GWINNETT,135,hispanic,43085.681082900002366
4829077,1.44,1680,13523,13523,23,PINCKNEYVILLE D,67,GWINNETT,135,,44776.169772200002626
4829148,3.01,1715,13558,13558,58,PINCKNEYVILLE K,67,GWINNETT,135,,49756.489207099999476
4829228,1.48,1707,13550,13550,50,PINCKNEYVILLE I,67,GWINNETT,135,,61858.220318799998495
4829298,0.83,972,089WL,089WL,WL,WINTERS CHAPEL (DUN),44,DEKALB,089,white,126049.575238999997964
4829341,0.86,1758,135101,135101,101,PINCKNEYVILLE U,67,GWINNETT,135,,62044.152681400002621
4795561,1.14,903,089MW,089MW,MW,MIDVALE ROAD,44,DEKALB,089,white,94871.768396900006337
4795638,1.58,859,089HC,089HC,HC,HENDERSON MILL ELEM,44,DEKALB,089,white,86202.995699599996442
4795697,1.28,891,089MK,089MK,MK,MONTREAL,44,DEKALB,089,white,82430.282095500006108
4795749,0.69,867,089JB,089JB,JB,JOLLY ELEM,44,DEKALB,089,black,43895.136653200002911
4795815,0.78,864,089IA,089IA,IA,IDLEWOOD ELEM,44,DEKALB,089,black,62406.897582899997360
4795869,1.59,801,089BH,089BH,BH,BROCKETT,44,DEKALB,089,,70612.176203600000008
4732722,0.84,970,089WJ,089WJ,WJ,WOODWARD ELEM (BHAVN,44,DEKALB,089,,91628.995427700006985
4732788,0.56,821,089CO,089CO,CO,CROSS KEYS HIGH (BHA,44,DEKALB,089,,103435.932885999995051
4732847,0.88,863,089HI,089HI,HI,HARRIS-MARGARET HARR,44,DEKALB,089,white,84529.649367000005441
4732907,0.97,800,089BG,089BG,BG,BRIARCLIFF,44,DEKALB,089,white,82487.227361600002041
4732971,0.65,890,089MJ,089MJ,MJ,MONTCLAIR ELEM,44,DEKALB,089,hispanic,53960.413556799998332
4733030,0.59,798,089BE,089BE,BE,BRIARWOOD (BHAVN),44,DEKALB,089,hispanic,83551.484498999998323
4733080,0.75,802,089BI,089BI,BI,BROOKHAVEN (BHAVN),44,DEKALB,089,white,123167.521961000005831
4733144,1.34,940,089SE,089SE,SE,SILVER LAKE (BHAVN),44,DEKALB,089,white,120886.597542000003159
4733206,0.74,941,089SF,089SF,SF,SKYLAND (BHAVN),44,DEKALB,089,,101731.994625999999698
4738859,0.96,787,089AB,089AB,AB,ASHFORD PARK ELEM (B,44,DEKALB,089,white,121469.258963000000222
4738917,1.02,909,089OA,089OA,OA,OAK GROVE ELEM,44,DEKALB,089,white,102700.673395999998320
4738971,1.22,828,089CW,089CW,CW,CORALWOOD,44,DEKALB,089,white,88732.490097500005504
4739038,1.42,936,089SA,089SA,SA,SAGAMORE HILLS ELEM,44,DEKALB,089,white,152270.048599000001559
4739106,1.45,874,089LA,089LA,LA,LAKESIDE HIGH,44,DEKALB,089,white,127376.406512999994447
4739180,2.26,831,089DC,089DC,DC,DRESDEN ELEM,44,DEKALB,089,hispanic,54242.224494699999923
4739248,1.70,858,089HB,089HB,HB,HAWTHORNE ELEM,44,DEKALB,089,white,89142.956877000004170
4617252,0.78,818,089CL,089CL,CL,CLIFTON ELEM,44,DEKALB,089,black,57071.188256699999329
4617298,2.16,824,089CR,089CR,CR,CEDAR GROVE MIDDLE,44,DEKALB,089,black,60412.986010900000110
4617343,0.66,848,089FJ,089FJ,FJ,FLAT SHOALS,44,DEKALB,089,black,49299.942138500002329
4617386,0.93,845,089FC,089FC,FC,FLAT SHOALS ELEM,44,DEKALB,089,black,40205.610929900001793
4617435,1.00,896,089MP,089MP,MP,MCNAIR ACADEMY,44,DEKALB,089,black,63298.961890699996729
4617526,1.13,837,089EA,089EA,EA,EAST LAKE (ATL),44,DEKALB,089,black,79382.015802599999006
4617646,1.05,884,089MD,089MD,MD,MCNAIR MIDDLE,44,DEKALB,089,black,60027.469492900003388
4631418,0.68,911,089OK,089OK,OK,OAKHURST (DEC),44,DEKALB,089,white,106164.804212000002735
4631496,0.43,935,089RN,089RN,RN,RENFROE MIDDLE (DEC),44,DEKALB,089,white,106721.992146000004141
4631548,0.53,918,089PG,089PG,PG,PONCE DE LEON (DEC),44,DEKALB,089,white,91336.453884000002290
4631608,0.68,827,089CV,089CV,CV,CLAIREMONT EAST (DEC,44,DEKALB,089,white,94575.066438099995139
4631668,0.63,967,089WF,089WF,WF,WINNONA PARK ELEM (D,44,DEKALB,089,white,107682.555416000002879
4631725,0.60,852,089GA,089GA,GA,GLENNWOOD (DEC),44,DEKALB,089,white,109095.808889000007184
4631808,0.64,815,089CI,089CI,CI,CLAIREMONT WEST (DEC,44,DEKALB,089,white,109860.295872999995481
4555864,1.39,1368,12112M,12112M,12M,12M,60,FULTON,121,black,32997.039819700003136
4555934,1.35,1365,12112J,12112J,12J,12J,60,FULTON,121,black,32930.000022699998226
4555987,1.60,1363,12112H,12112H,12H,12H,60,FULTON,121,black,32339.365854200001195
4556054,1.73,444,063FP2,063FP2,FP2,FOREST PARK 2,31,CLAYTON,063,black,36140.157839599996805
4556112,3.14,1371,12112T,12112T,12T,12T,60,FULTON,121,black,32949.469922199998109
4556176,1.51,474,063MO2,063MO2,MO2,MORROW 2,31,CLAYTON,063,black,47053.913676299998770
4556252,0.71,479,063MO7,063MO7,MO7,MORROW 7,31,CLAYTON,063,black,46943.001206900000398
4672335,0.82,853,089GB,089GB,GB,GLENHAVEN,44,DEKALB,089,black,51183.999986000002536
4672384,1.28,793,089AI,089AI,AI,AVONDALE HIGH,44,DEKALB,089,white,86539.373154899993096
4672469,1.13,790,089AE,089AE,AE,AVONDALE (AVO),44,DEKALB,089,white,74514.541065099998377
4672551,1.11,895,089MO,089MO,MO,MIDWAY ELEM,44,DEKALB,089,black,55244.816972300002817
4672625,0.63,794,089CU,089CU,CU,COVINGTON,44,DEKALB,089,black,45725.147213299998839
4672674,1.31,905,089NB,089NB,NB,NORTH DECATUR,44,DEKALB,089,,57972.105101499997545
4672746,1.00,885,089ME,089ME,ME,MCLENDON,44,DEKALB,089,,47316.000092499998573
4561396,2.81,467,063LC1,063LC1,LC1,LAKE CITY,31,CLAYTON,063,,50361.155733100000361
4561486,1.59,476,063MO4,063MO4,MO4,MORROW 4,31,CLAYTON,063,black,47832.774279899997055
4561560,0.47,481,063MO9,063MO9,MO9,MORROW 9,31,CLAYTON,063,black,44338.000180399998499
4561609,1.74,478,063MO6,063MO6,MO6,MORROW 6,31,CLAYTON,063,black,58798.229734100001224
4561684,2.08,475,063MO3,063MO3,MO3,MORROW 3,31,CLAYTON,063,,50130.656864899996435
4666668,0.81,913,089PA,089PA,PA,PEACHCREST ELEM,44,DEKALB,089,black,45137.997627600001579
4666735,1.36,898,089MR,089MR,MR,MATHIS-BOB MATHIS EL,44,DEKALB,089,black,59521.993967000002158
4666782,1.61,923,089RA,089RA,RA,RAINBOW ELEM,44,DEKALB,089,black,56147.297257400001399
4666851,0.62,870,089KC,089KC,KC,KELLEY CHAPEL ROAD,44,DEKALB,089,black,56502.000008399998478
4666889,0.88,807,089CA,089CA,CA,COLUMBIA DRIVE,44,DEKALB,089,black,49146.999994899997546
4666940,0.90,856,089AF,089AF,AF,AUSTIN DRIVE,44,DEKALB,089,black,42576.615265899999940
4666989,1.08,808,089CB,089CB,CB,CANBY LANE ELEM,44,DEKALB,089,black,44949.834880499998690
4667042,0.87,953,089SR,089SR,SR,SNAPFINGER ROAD N,44,DEKALB,089,black,44471.733344799999031
4667102,1.28,788,089GF,089GF,GF,GLENWOOD ROAD,44,DEKALB,089,black,46753.218724199999997
4567873,4.44,473,063MO1,063MO1,MO1,MORROW 1,31,CLAYTON,063,,40974.417344200002844
4567958,4.24,804,089BL,089BL,BL,BOULDERCREST ROAD,44,DEKALB,089,black,67348.999056700005895
4568027,7.63,442,063EW1,063EW1,EW1,ELLENWOOD,31,CLAYTON,063,black,56862.294530300001497
4568108,2.60,825,089CS,089CS,CS,CEDAR GROVE SOUTH,44,DEKALB,089,black,65998.398767999999109
4568167,2.59,810,089CD,089CD,CD,CEDAR GROVE ELEM,44,DEKALB,089,black,67577.954905699996743
4568220,0.94,1361,12112F,12112F,12F,12F,60,FULTON,121,black,38291.653524900000775
4578327,0.69,1262,12104V,12104V,04V,04V,60,FULTON,121,black,24285.843564099999639
4578393,0.54,1255,12104I,12104I,04I,04I,60,FULTON,121,black,53217.466991000001144
4578482,0.26,1210,12101F,12101F,01F,01F,60,FULTON,121,black,25282.000022500000341
4578530,0.47,1211,12101G,12101G,01G,01G,60,FULTON,121,black,44017.966404400001920
4578582,0.30,1208,12101D,12101D,01D,01D,60,FULTON,121,black,52036.534739399998216
4578632,0.20,1212,12101H,12101H,01H,01H,60,FULTON,121,black,24479.698457800001052
4578695,0.28,1268,12105B,12105B,05B,05B,60,FULTON,121,black,37228.509897800002364
4578756,1.34,1217,12101S,12101S,01S,01S,60,FULTON,121,black,36673.101646800001618
4578796,0.37,1207,12101C2,12101C2,01C2,01C2,60,FULTON,121,black,35120.000043100000767
4583119,0.98,1218,12101T,12101T,01T,01T,60,FULTON,121,,55133.209386399998039
4583173,0.70,1215,12101P,12101P,01P,01P,60,FULTON,121,black,39242.672669799998403
4583228,0.63,1216,12101R,12101R,01R,01R,60,FULTON,121,black,20891.663994899998215
4583279,0.89,1209,12101E,12101E,01E,01E,60,FULTON,121,white,90784.139784200000577
4583365,0.66,1204,12101A,12101A,01A,01A,60,FULTON,121,white,92952.962293400007184
4583439,0.52,1266,12105A1,12105A1,05A1,05A1,60,FULTON,121,black,39463.296749900000577
4583505,1.37,1205,12101B,12101B,01B,01B,60,FULTON,121,,80095.183908599996357
4622472,1.15,868,089KA,089KA,KA,KELLEY LAKE ELEM,44,DEKALB,089,black,41734.422484399998211
4622523,1.21,823,089CQ,089CQ,CQ,CANDLER,44,DEKALB,089,black,48441.992136000000755
4622583,0.84,820,089CN,089CN,CN,COAN MIDDLE (ATL),44,DEKALB,089,white,56069.857896599998639
4622648,0.95,839,089EE,089EE,EE,EPWORTH (ATL),44,DEKALB,089,white,64047.693268199996965
4622721,0.75,878,089LE,089LE,LE,LIN-MARY LIN ELEM (A,44,DEKALB,089,white,59997.699136700000963
4622800,1.04,795,089BB,089BB,BB,BOULEVARD (ATL),44,DEKALB,089,white,52449.389536700000463
4611685,4.23,892,089ML,089ML,ML,MEADOWVIEW ELEM,44,DEKALB,089,black,53920.768381299996690
4611767,1.33,854,089GC,089GC,GC,GRESHAM ROAD,44,DEKALB,089,black,55032.640223100002913
4611813,0.98,806,089BR,089BR,BR,BURGESS ELEM (ATL),44,DEKALB,089,white,56858.983108000000357
4611903,0.96,900,089MT,089MT,MT,METROPOLITAN (ATL),44,DEKALB,089,white,55994.556886999998824
4611984,0.90,921,089PN,089PN,PN,PINEY GROVE,44,DEKALB,089,black,49885.961854699999094
4612062,0.89,958,089TA,089TA,TA,TERRY MILL,44,DEKALB,089,black,49803.011142299998028
4601476,0.40,1226,12102G,12102G,02G,02G,60,FULTON,121,black,59375.027953299999353
4601560,0.49,1222,12102D,12102D,02D,02D,60,FULTON,121,black,51385.098193999998330
4601610,0.11,1225,12102F2,12102F2,02F2,02F2,60,FULTON,121,hispanic,27533.000000000000000
4601645,0.27,1227,12102J,12102J,02J,02J,60,FULTON,121,hispanic,27533.000387299998692
4601688,0.13,1278,12106G,12106G,06G,06G,60,FULTON,121,hispanic,27533.000000000000000
4601724,0.23,1274,12106B,12106B,06B,06B,60,FULTON,121,white,75487.000000000000000
4601767,0.35,1223,12102E,12102E,02E,02E,60,FULTON,121,black,25350.631355599998642
4601824,0.49,1224,12102F1,12102F1,02F1,02F1,60,FULTON,121,white,42909.273193300003186
4601885,0.34,1277,12106F,12106F,06F,06F,60,FULTON,121,white,58946.758234000000812
4601934,0.28,1282,12106L1,12106L1,06L1,06L1,60,FULTON,121,white,87765.999235099996440
4778422,1.30,1487,121RW17,121RW17,RW17,RW17,60,FULTON,121,white,100437.990170000004582
4778464,1.15,1473,121RW04,121RW04,RW04,RW04,60,FULTON,121,white,100437.999958999993396
4778505,1.12,869,089KB,089KB,KB,KINGSLEY ELEM (DUN),44,DEKALB,089,white,131053.188750999994227
4778554,2.22,1536,121SS01,121SS01,SS01,SS01,60,FULTON,121,white,136488.870001000002958
4778664,1.64,1490,121RW20,121RW20,RW20,RW20,60,FULTON,121,white,141846.704717999993591
4778745,1.86,1491,121RW21A,121RW21A,RW21A,RW21A,60,FULTON,121,white,163434.327626999991480
4778812,1.32,1493,121RW22A,121RW22A,RW22A,RW22A,60,FULTON,121,white,96248.008759799995460
4778879,0.29,1476,121RW07A,121RW07A,RW07A,RW07A,60,FULTON,121,hispanic,45163.000008499999240
4805805,3.20,829,089DA,089DA,DA,DORAVILLE NORTH (DOR,44,DEKALB,089,,51380.957949000003282
4805902,1.76,910,089OB,089OB,OB,OAKCLIFF ELEM,44,DEKALB,089,hispanic,48825.966915600001812
4805984,0.91,908,089NF,089NF,NF,NORTH PEACHTREE (DUN,44,DEKALB,089,,68242.585818499996094
4806030,1.16,1694,13537,13537,37,PINCKNEYVILLE E,67,GWINNETT,135,,49915.381515799999761
4806087,0.92,838,089EC,089EC,EC,EMBRY HILLS,44,DEKALB,089,,72769.815641599998344
4806150,1.23,917,089PF,089PF,PF,PLEASANTDALE ELEM,44,DEKALB,089,,42765.322967000000062
4835460,1.12,1570,121SS25,121SS25,SS25,SS25,60,FULTON,121,white,240757.812902000005124
4835516,0.80,1730,13573,13573,73,PINCKNEYVILLE P,67,GWINNETT,135,white,89159.974218799994560
4835564,1.56,1783,135126,135126,126,PINCKNEYVILLE A1,67,GWINNETT,135,white,157289.264750000002095
4835631,0.19,1492,121RW21B,121RW21B,RW21B,RW21B,60,FULTON,121,white,215870.515805000002729
4835652,1.89,1448,121JC19,121JC19,JC19,JC19,60,FULTON,121,white,116523.586225999999442
4835716,2.00,1440,121JC13A,121JC13A,JC13A,JC13A,60,FULTON,121,white,215884.831139999994775
4835774,1.44,1679,13522,13522,22,PINCKNEYVILLE C,67,GWINNETT,135,white,112593.361518999998225
4835844,0.87,1782,135125,135125,125,PINCKNEYVILLE Z,67,GWINNETT,135,white,157519.000127000006614
4835886,1.27,1719,13562,13562,62,PINCKNEYVILLE L,67,GWINNETT,135,white,158449.136342000012519
4835947,0.30,1441,121JC13B,121JC13B,JC13B,JC13B,60,FULTON,121,white,215885.000000000000000
4835980,1.64,1720,13563,13563,63,PINCKNEYVILLE M,67,GWINNETT,135,white,174588.430179999995744
4823170,1.59,1678,13521,13521,21,PINCKNEYVILLE B,67,GWINNETT,135,hispanic,48705.249137600003451
4823245,1.66,1708,13551,13551,51,PINCKNEYVILLE J,67,GWINNETT,135,hispanic,41192.319534800000838
4823305,0.88,1770,135113,135113,113,PINCKNEYVILLE V,67,GWINNETT,135,,58325.990945099998498
4823352,2.86,1771,135114,135114,114,PINCKNEYVILLE W,67,GWINNETT,135,,68796.791885600003297
4823455,1.43,1677,13520,13520,20,PINKCNEYVILLE A,67,GWINNETT,135,hispanic,48121.344171899996581
4823532,1.95,1744,13587,13587,87,PINCKNEYVILLE S,67,GWINNETT,135,,73037.872662299996591
4800437,0.98,840,089EF,089EF,EF,EVANSDALE ELEM,44,DEKALB,089,white,77401.939447900003870
4800523,1.24,888,089MH,089MH,MH,MIDVALE ELEM,44,DEKALB,089,white,99403.620702600004734
4800586,2.11,962,089TH,089TH,TH,TUCKER LIBRARY,44,DEKALB,089,white,86583.131889399999636
4800677,0.56,880,089LV,089LV,LV,LIVSEY ELEM,44,DEKALB,089,white,96227.677066599993850
4800733,0.83,830,089DB,089DB,DB,DORAVILLE SOUTH (DOR,44,DEKALB,089,,50535.028584200001205
4842527,1.25,1446,121JC18A,121JC18A,JC18A,JC18A,60,FULTON,121,white,98820.605386700000963
4842566,0.07,1447,121JC18B,121JC18B,JC18B,JC18B,60,FULTON,121,white,117149.000000000000000
4842586,0.11,1445,121JC17,121JC17,JC17,JC17,60,FULTON,121,white,117142.980528000000049
4842615,1.02,1374,121AP01C,121AP01C,AP01C,AP01C,60,FULTON,121,white,111815.650764000005438
4842682,0.73,1444,121JC16,121JC16,JC16,JC16,60,FULTON,121,white,117148.995230999993510
4842734,2.51,1372,121AP01A,121AP01A,AP01A,AP01A,60,FULTON,121,white,116185.023555000007036
4842823,0.97,1394,121AP13,121AP13,AP13,AP13,60,FULTON,121,white,140031.290536999993492
4842858,0.43,1390,121AP12A,121AP12A,AP12A,AP12A,60,FULTON,121,,97284.000158299997565
4842896,1.07,1442,121JC14,121JC14,JC14,JC14,60,FULTON,121,white,215884.999135999998543
4842934,1.04,1395,121AP14,121AP14,AP14,AP14,60,FULTON,121,white,118228.333247000002302
4843023,0.36,1443,121JC15,121JC15,JC15,JC15,60,FULTON,121,white,127036.418002999998862
4843058,0.99,1437,121JC10,121JC10,JC10,JC10,60,FULTON,121,white,111750.530236999999033
4743709,1.50,791,089AG,089AG,AG,ASHFORD DUNWOODY RD,44,DEKALB,089,white,138754.283641999994870
4743771,1.09,792,089AH,089AH,AH,ASHFORD PARKSIDE (BH,44,DEKALB,089,white,94373.329922999997507
4743841,1.46,901,089MU,089MU,MU,MONTGOMERY  (BHAVN),44,DEKALB,089,white,59718.113741200002551
4743895,0.95,873,089KG,089KG,KG,KITTREDGE ELEM (BHAV,44,DEKALB,089,white,64576.134107199999562
4743959,1.54,855,089GD,089GD,GD,GEORGETOWN SQ (DUN),44,DEKALB,089,white,93518.256533599997056
4744017,0.88,833,089DF,089DF,DF,DUNWOODY (DUN),44,DEKALB,089,,103704.870622000002186
4744072,1.03,899,089MS,089MS,MS,MOUNT VERNON WEST (D,44,DEKALB,089,white,135705.256782000011299
4714689,0.77,1293,12107F,12107F,07F,07F,60,FULTON,121,white,120758.606402000004891
4714751,0.88,1291,12107D,12107D,07D,07D,60,FULTON,121,white,131764.348369000013918
4714827,0.23,1297,12107N,12107N,07N,07N,60,FULTON,121,,52523.000328399997670
4714872,0.47,1296,12107M,12107M,07M,07M,60,FULTON,121,,77244.331781899993075
4714932,0.54,1292,12107E,12107E,07E,07E,60,FULTON,121,white,126115.024592000001576
4714981,1.62,1288,12107A,12107A,07A,07A,60,FULTON,121,white,157276.007275000010850
4715062,0.65,1290,12107C,12107C,07C,07C,60,FULTON,121,white,176043.722072000004118
4715111,1.73,1289,12107B,12107B,07B,07B,60,FULTON,121,white,199294.366580000001704
4884809,0.96,904,089MZ,089MZ,MZ,MILLER GROVE HIGH,44,DEKALB,089,black,39873.768055400003504
4907197,7.93,933,089RL,089RL,RL,ROCK CHAPEL ROAD,44,DEKALB,089,black,55589.406838000002608
4907383,5.04,927,089RF,089RF,RF,ROCK CHAPEL ELEM,44,DEKALB,089,black,69754.000050000002375
4907423,1.97,930,089RI,089RI,RI,ROCKBRIDGE ROAD,44,DEKALB,089,black,76356.966335699995398
4907477,5.22,1779,135122,135122,122,ROCKBRIDGE G,67,GWINNETT,135,black,66881.535640000001877
5010476,1.01,1686,13529,13529,29,CATES B,67,GWINNETT,135,white,105833.146070999995572
5010538,1.34,1736,13579,13579,79,CATES K,67,GWINNETT,135,white,105832.992696000001160
5010590,2.37,1796,135139,135139,139,MARTINS K,67,GWINNETT,135,,60154.259773700003279
5010640,2.53,1772,135115,135115,115,MARTINS H,67,GWINNETT,135,,62549.637977899998077
5010700,1.67,1725,13568,13568,68,CATES I,67,GWINNETT,135,white,104667.072612999996636
5010776,1.73,1750,13593,13593,93,CATES M,67,GWINNETT,135,white,115555.993549999999232
5010842,0.89,1784,135127,135127,127,LAWRENCEVILLE J,67,GWINNETT,135,,60407.010211200002232
5010881,1.47,1675,13518,13518,18,MARTINS B,67,GWINNETT,135,,59237.729757900000550
5002283,2.20,1726,13569,13569,69,CATES J,67,GWINNETT,135,white,103561.424641000005067
5002342,2.06,1693,13536,13536,36,CATES E,67,GWINNETT,135,white,101285.282676999995601
5002405,0.88,1764,135107,135107,107,CATES O,67,GWINNETT,135,white,105700.685052999993786
5002457,2.75,1692,13535,13535,35,CATES D,67,GWINNETT,135,white,95189.706418500005384
5002539,2.01,1701,13544,13544,44,ROCKBRIDGE B,67,GWINNETT,135,black,69315.154426299995976
5002592,2.41,1710,13553,13553,53,CATES H,67,GWINNETT,135,black,55325.417054199999257
5002671,1.20,1703,13546,13546,46,CATES F,67,GWINNETT,135,white,112113.957655000005616
5002721,2.09,1704,13547,13547,47,CATES G,67,GWINNETT,135,white,112113.999945000003208
5060326,2.01,1800,135143,135143,143,LAWRENCEVILLE L,67,GWINNETT,135,,79124.982885899997200
5060402,1.82,1718,13561,13561,61,LAWRENCEVILLE E,67,GWINNETT,135,,53880.426880799997889
5060464,1.21,1810,135153,135153,153,LAWRENCEVILLE N,67,GWINNETT,135,,65770.329326699997182
5060536,2.59,1673,13516,13516,16,LAWRENCEVILLE B,67,GWINNETT,135,,84147.260905400005868
5060594,2.33,1735,13578,13578,78,BAYCREEK K,67,GWINNETT,135,white,80066.639388099996722
5060650,2.73,1672,13515,13515,15,LAWRENCEVILLE A,67,GWINNETT,135,,54894.273712399997748
5041393,2.37,1767,135110,135110,110,MARTINS G,67,GWINNETT,135,,62952.278404999997292
5041451,0.84,1781,135124,135124,124,GOODWINS G,67,GWINNETT,135,,70959.328633800003445
5041507,0.83,1806,135149,135149,149,GOODWINS I,67,GWINNETT,135,white,93855.999981700006174
5041556,1.51,1663,1356,1356,6,GOODWINS A,67,GWINNETT,135,white,82916.735170600004494
5041625,1.18,1785,135128,135128,128,GOODWINS H,67,GWINNETT,135,white,72928.351166699998430
5041693,1.94,1740,13583,13583,83,GOODWINS D,67,GWINNETT,135,white,83704.714017799997237
5041762,5.70,1763,135106,135106,106,SUWANEE C,67,GWINNETT,135,,104351.906772000002093
5184155,2.74,1762,135105,135105,105,SUGAR HILL F,67,GWINNETT,135,white,111801.874104000002262
